master_record_number,agency,agency_tracking_number,county,city,collision_date,vehicles_involved,number_injured,number_dead,latitude,longitude,roadway_name,roadway_suffix,roadway_number,roadway_local_id,distance_from_reference,miles-feet_indicator,direction_from_reference,intersection_road_name,intersection_road_name_suffix,intersection_road_number,intersection_local_id,mile_marker,intersection_indicator,intersect_type,interchange_related_indicator,relation_to_junction,work_zone_type,construction_maintenance_zone,construction_maintenance_zone_location,fatal_case_number,officer_first_name,officer_last_name,weather_condition(s),manner_of_crash,pedestrian,bicycle,scooter,parking,hitrun,mou
101879778,METROPOLITAN NASHVILLE POLICE DEPT,20180018785,Davidson,Nashville,1/5/2018 12:00:00 AM,2,0,0,36.044990,-86.659600,BELL RD,,,,47.00,Feet,East,I24 E ENT RAMP,,,,0.00,N,Not at Intersection,N,Non-Junction,None,,,         ,Akira,McSwain,Clear,Front to Rear,no,no,no,no,yes,False
101879782,METROPOLITAN NASHVILLE POLICE DEPT,20180018753,Davidson,Nashville,1/6/2018 2:31:00 PM,2,0,0,36.147570,-86.873880,AMERICAN RD,,,,404.00,Feet,North,PREMIER DR,,,,0.00,N,Not at Intersection, ,Non-Junction,None,,,         ,Broderick,Jones,Clear,Front to Rear,no,no,no,no,no,False
101879794,METROPOLITAN NASHVILLE POLICE DEPT,20180018888,Davidson,Nashville,1/6/2018 4:26:00 PM,2,0,0,36.136030,-86.698680,BRILEY PKWYN,,,,0.00,,,CORPORATE DR,,,,0.00,Y,Four-Way,N,Intersection,None,,,         ,Deandera,Payne,Clear,Angle,no,no,no,no,no,False
101879796,METROPOLITAN NASHVILLE POLICE DEPT,20180018765,Davidson,Nashville,1/6/2018 3:28:00 PM,2,0,0,36.105360,-86.814210,HILLSBORO PKE,,,,204.00,Feet,South,ABBOTT MARTIN RD,,,,0.00,N,Not at Intersection,N,Non-Junction,None,,,         ,Regina,Lewis,Clear,Angle,no,no,no,no,no,False
101879798,METROPOLITAN NASHVILLE POLICE DEPT,20180019025,Davidson,Nashville,1/6/2018 5:20:00 PM,2,0,0,36.044920,-86.664540,BELL RD,,,,545.00,Feet,North,CANE RIDGE RD,,,,0.00,N,Not at Intersection, ,Non-Junction,None,,,         ,Johnathon,Birdwell,Clear,Front to Rear,no,no,no,no,no,False
101879812,METROPOLITAN NASHVILLE POLICE DEPT,20180018955,Davidson,Nashville,1/6/2018 4:45:00 PM,2,0,0,36.135790,-86.725040,I24 W EXT RAMP,,,,0.00,,,SPENCE LN,,,,0.00,Y,Four-Way,Y,Intersection-Related,None,,,         ,Brady,Reynolds,Clear,"Sideswipe, Opposite Direction",no,no,no,no,no,False
101879815,METROPOLITAN NASHVILLE POLICE DEPT,20180018915,Davidson,Not in City Limit,1/6/2018 4:40:00 PM,2,1,0,36.269200,-86.755470,OLD HICKORY BLVDW,,,,85.00,Feet,East,DICKERSON PKE,,,,0.00,N,Not at Intersection,Y,Non-Junction,None,,,         ,Michael,Thompson,Clear,"Sideswipe, Same Direction",no,no,no,no,no,False
101879819,METROPOLITAN NASHVILLE POLICE DEPT,20180018929,Davidson,Nashville,1/6/2018 4:48:00 PM,2,0,0,36.151790,-86.791620,MUSIC SQE,,,,17.00,Feet,South,DIVISION ST,,,,0.00,N,Not at Intersection, ,Non-Junction,None,,,         ,Darryl,Williams,Clear,Angle,no,no,no,no,no,False
101879822,METROPOLITAN NASHVILLE POLICE DEPT,20180019011,Davidson,Nashville,1/6/2018 5:04:00 PM,3,0,0,36.131810,-86.895720,CHARLOTTE PKE,,,,69.00,Feet,West,I40 E ENT RAMP,,,,0.00,N,Not at Intersection,N,Non-Junction,None,,,         ,Adam,Reese,Clear,"Sideswipe, Same Direction",no,no,no,no,yes,False
101879828,METROPOLITAN NASHVILLE POLICE DEPT,20180019197,Davidson,Nashville,1/6/2018 6:41:00 PM,2,0,0,36.161020,-86.777200,BROADWAY,,,,0.00,Feet,,4TH AVN,,,,0.00,Y,Four-Way, ,Intersection,None,,,         ,Ronald,Bright,Clear,Front to Rear,no,no,no,no,no,False
101879829,METROPOLITAN NASHVILLE POLICE DEPT,2018-0019095,Davidson,Nashville,1/6/2018 6:00:00 PM,1,1,0,36.158490,-86.822460,I40 W EXT RAMP,,,,0.00,Feet,East,I 40,,,,0.00,N,Not at Intersection,Y,Entrance/Exit Ramp Related,None,,,         ,Robert,Crow,Clear,Not Collision with Motor Vehicle in Transport,no,no,no,no,no,False
101879830,METROPOLITAN NASHVILLE POLICE DEPT,20180019236,Davidson,Nashville,1/6/2018 6:48:00 PM,2,2,0,36.212930,-86.700410,OPRY MILLS DR,,,,472.00,Feet,North,OPRYLAND DR,,,,0.00,N,Not at Intersection,N,Non-Junction,None,,,         ,Tyler,Maupin,Clear,HeadOn,no,no,no,yes,no,False
101879832,METROPOLITAN NASHVILLE POLICE DEPT,20180018816,Davidson,Nashville,1/6/2018 3:54:00 PM,3,1,0,36.230320,-86.773800,RICHMOND HILL DR,,,,0.00,,,EWING DR,,,,0.00,Y,Four-Way,N,Intersection,None,,,         ,Peter,Vaught,Clear,Angle,no,no,no,no,yes,False
101879839,METROPOLITAN NASHVILLE POLICE DEPT,20180019191,Davidson,Nashville,1/6/2018 6:36:00 PM,2,0,0,36.133260,-86.768580,WEDGEWOOD AV,,,,76.00,Feet,East,BRANSFORD AV,,,,0.00,N,Not at Intersection,N,Non-Junction,None,,,         ,Brandon,Hughes,Clear,"Sideswipe, Same Direction",no,no,no,no,yes,False
101879840,METROPOLITAN NASHVILLE POLICE DEPT,20180018745,Davidson,Nashville,1/6/2018 2:20:00 PM,2,1,0,36.162820,-86.868810,VERNON AV,,,,302.00,Feet,South,JAMES AV,,,,0.00,N,Not at Intersection,N,Non-Junction,None,,,         ,Andrew,McCarron,Clear,"Sideswipe, Same Direction",no,no,no,no,no,False
101879854,METROPOLITAN NASHVILLE POLICE DEPT,20180019358,Davidson,Nashville,1/6/2018 7:42:00 PM,2,2,0,36.185170,-86.747770,GALLATIN AV,,,,181.00,Feet,North,CHICAMAUGA AV,,,,0.00,N,Not at Intersection,N,Non-Junction,None,,,         ,Richard,Conger,Clear,Angle,no,no,no,no,no,False
101879858,METROPOLITAN NASHVILLE POLICE DEPT,20180019322,Davidson,Nashville,1/6/2018 7:28:00 PM,2,0,0,36.112330,-86.811120,HILLSBORO PKE,,,,411.00,Feet,North,GRAYBAR LN,,,,0.00,N,Not at Intersection, ,Non-Junction,None,,,         ,Douglas,Sykes,Clear,Front to Rear,no,no,no,no,no,False
101879861,METROPOLITAN NASHVILLE POLICE DEPT,20180019386,Davidson,Nashville,1/6/2018 4:46:00 PM,2,0,0,36.109490,-86.728010,EAST THOMPSON LN,,,,20.00,Feet,North,BRILEY PKWYN,,,,0.00,N,Not at Intersection, ,Non-Junction,None,,,         ,Ciarra,Rench,Clear,Front to Rear,no,no,no,no,no,False
101879915,METROPOLITAN NASHVILLE POLICE DEPT,20180018988,Davidson,Goodlettsville,1/6/2018 5:09:00 PM,7,2,0,36.286790,-86.705440,W MONTICELLO AV,,,,0.00,Feet,,EDENWOLD RD,,,,0.00,Y,Four-Way,N,Intersection,None,,,         ,Carey,Steel,Clear,Front to Rear,no,no,no,no,yes,False
101879936,VANDERBILT UNIVERSITY POLICE,2018-0019384,Davidson,Nashville,1/6/2018 7:35:00 PM,2,0,0,36.137640,-86.801210,BLAKEMORE AV,,,,25.00,Feet,West,MEDICAL CENTER DR,,,,0.00,N,Not at Intersection, ,Non-Junction,None,,,         ,Christopher,Dion,Clear,"Sideswipe, Same Direction",no,no,no,no,no,Campus
101879937,METROPOLITAN NASHVILLE POLICE DEPT,20180019301,Davidson,Nashville,1/6/2018 7:18:00 PM,1,0,0,36.143200,-86.875860,WILCLAY DR,,,,383.00,Feet,West,CHARLOTTE PKE,,,,0.00,N,Not at Intersection,N,Non-Junction,None,,,         ,Michael,Lynch,Clear,Not Collision with Motor Vehicle in Transport,yes,no,no,yes,no,False
101879939,METROPOLITAN NASHVILLE POLICE DEPT,20180018717,Davidson,Nashville,1/6/2018 3:05:00 PM,2,0,0,36.105250,-86.704320,CURREY RD,,,,98.00,Feet,West,MCGAVOCK PKE,,,,0.00,N,Not at Intersection,N,Non-Junction,None,,,         ,Je-Marc,Sears,Clear,HeadOn,no,no,no,no,yes,False
101879947,METROPOLITAN NASHVILLE POLICE DEPT,20180019478,Davidson,Nashville,1/6/2018 8:30:00 PM,2,1,0,36.059410,-86.641180,BELL RD,,,,70.00,Feet,South,CAMBRIDGE APTS PVTDR,,,,0.00,N,Not at Intersection,N,"Driveway, Alley Access, etc",None,,,         ,Johnathon,Birdwell,Clear,Front to Rear,no,no,no,no,yes,False
101879973,METROPOLITAN NASHVILLE POLICE DEPT,20180019465,Davidson,Nashville,1/6/2018 8:14:00 PM,2,0,0,36.183610,-86.610690,ANDREW JACKSON PKWY,,,,16.00,Feet,South,OLD HICKORY BLVD,,,,0.00,N,Not at Intersection, ,Non-Junction,None,,,         ,Marvis,Malone,Clear,Angle,no,no,no,no,no,False
101879974,METROPOLITAN NASHVILLE POLICE DEPT,20180019578,Davidson,Nashville,1/6/2018 9:00:00 PM,2,0,0,36.071870,-86.636180,MURFREESBORO PKE,,,,0.00,,,BELL RD,,,,0.00,Y,Four-Way,N,Intersection,None,,,         ,Cheri,Cox,Clear,Front to Rear,no,no,no,no,yes,False
101879975,METROPOLITAN NASHVILLE POLICE DEPT,20180019581,Davidson,Nashville,1/6/2018 9:08:00 PM,2,0,0,36.158060,-86.772690,2ND AVS,,,,32.00,Feet,North,KOREAN VETERANS BLVD,,,,0.00,N,Not at Intersection,N,Non-Junction,None,,,         ,Kevin,Johnson,Clear,"Sideswipe, Same Direction",no,no,no,no,yes,False
101879976,METROPOLITAN NASHVILLE POLICE DEPT,20180019135,Davidson,Nashville,1/6/2018 12:00:00 AM,1,0,0,36.160350,-86.809990,BOOKER ST,,,,8.00,Feet,West,22ND AVN,,,,0.00,N,Not at Intersection,N,Non-Junction,None,,,         ,Jonathon,Sheppard,Clear,Not Collision with Motor Vehicle in Transport,no,no,no,yes,yes,False
101879996,METROPOLITAN NASHVILLE POLICE DEPT,20180019655,Davidson,Nashville,1/6/2018 9:20:00 PM,1,0,0,36.071830,-86.657990,PEBBLE CREEK DR,,,,0.00,Feet,North,MOUNTAIN LAUREL DR,,,,0.00,N,Not at Intersection,N,Non-Junction,None,,,         ,Devonte,Coleman,Clear,Not Collision with Motor Vehicle in Transport,no,no,no,no,no,False
101880029,METROPOLITAN NASHVILLE POLICE DEPT,20180019832,Davidson,Nashville,1/6/2018 10:55:00 PM,2,0,0,36.209070,-86.777940,AVONDALE CIR,,,,0.00,,,BRICK CHURCH PKE,,,,0.00,Y,T-Intersection, ,Intersection,None,,,         ,Jacob,Dick,Clear,Unknown,no,no,no,no,yes,False
101880031,METROPOLITAN NASHVILLE POLICE DEPT,20180019802,Davidson,Nashville,1/6/2018 9:12:00 PM,2,0,0,36.166110,-86.779610,UNION ST,,,,178.00,Feet,West,4TH AVN,,,,0.00,N,Not at Intersection,N,Non-Junction,None,,,         ,Mekisha,Page,Clear,Other,no,no,no,no,yes,False
101880034,METROPOLITAN NASHVILLE POLICE DEPT,20180019809,Davidson,Nashville,1/6/2018 10:56:00 PM,2,0,0,36.167230,-86.759700,S 6TH ST,,,,0.00,Feet,,SYLVAN ST,,,,0.00,Y,Four-Way,N,Intersection,None,,,         ,Colin,Bleem,Clear,Rear to Side,no,no,no,no,yes,False
101880044,METROPOLITAN NASHVILLE POLICE DEPT,20180019957,Davidson,Nashville,1/7/2018 12:15:00 AM,2,0,0,36.110090,-86.720580,I24 W EXT RAMP,,,,0.00,,,I 24,,,,0.00,Y,T-Intersection,Y,Intersection,None,,,         ,Erik,Dabbs,Clear,Angle,no,no,no,no,yes,False
101880045,METROPOLITAN NASHVILLE POLICE DEPT,20180019899,Davidson,Nashville,1/6/2018 11:55:00 PM,2,0,0,36.231600,-86.781520,EWING DR,,,,0.00,,,BRICK CHURCH PKE,,,,0.00,Y,Four-Way,N,Intersection-Related,None,,,         ,Thomas,Burns,Clear,Angle,no,no,no,no,no,False
101880047,METROPOLITAN NASHVILLE POLICE DEPT,20180019752,Davidson,Nashville,1/6/2018 10:40:00 PM,2,0,0,36.089570,-86.688490,EZELL PKE,,,,11.00,Feet,South,HARDING PL,,,,0.00,N,Not at Intersection,N,Non-Junction,None,,,         ,David,Smith,Clear,Front to Rear,no,no,no,no,no,False
101880069,METROPOLITAN NASHVILLE POLICE DEPT,2018-0019984,Davidson,Nashville,1/6/2018 11:30:00 PM,2,0,0,36.153060,-86.780380,CANNERY ROW,,,,305.00,Feet,West,8TH AVS,,,,0.00,N,Not at Intersection,N,Non-Junction,None,,,         ,Sarah,Ortkiese,Clear,Rear to Side,no,no,no,yes,yes,False
101880070,METROPOLITAN NASHVILLE POLICE DEPT,20180020014,Davidson,Nashville,1/7/2018 12:45:00 AM,2,0,0,36.047550,-86.655930,BELL RD,,,,0.00,,,HICKORY HOLLOW PKWY,,,,0.00,Y,Four-Way,N,Intersection,None,,,         ,David,Simmonds,Clear,Front to Rear,no,no,no,no,no,False
101880073,METROPOLITAN NASHVILLE POLICE DEPT,20180019799,Davidson,Nashville,1/6/2018 10:28:00 PM,1,0,0,36.047410,-86.750310,HILL RD,,,,12.00,Feet,East,SAN MARCOS DR,,,,0.00,N,Not at Intersection,Y,OtherLocation,None,,,         ,Christian,Martin,Clear,Not Collision with Motor Vehicle in Transport,no,no,no,no,yes,False
101880089,VANDERBILT UNIVERSITY POLICE,2018-0020229,Davidson,Nashville,1/7/2018 2:25:00 AM,1,0,0,36.137430,-86.803660,BLAKEMORE AV,,,,0.00,Feet,,,,,,0.00,,Not at Intersection, ,Non-Junction,None,,,         ,Charles,Stevens,Clear,Not Collision with Motor Vehicle in Transport,no,no,no,yes,no,Campus
101880096,METROPOLITAN NASHVILLE POLICE DEPT,20180019803,Davidson,Nashville,1/6/2018 11:12:00 PM,1,1,0,36.090630,-86.703800,I 24,,,,0.00,,,,,,,55.35,N,Not at Intersection,N,Non-Junction,None,,,         ,Sharissa,Perez,Clear,Not Collision with Motor Vehicle in Transport,no,no,no,no,no,False
101880100,GOODLETTSVILLE POLICE DEPT,18-00819,Davidson,Goodlettsville,1/6/2018 8:38:00 PM,2,1,0,36.305660,-86.703030,RIVERGATE PKWY,,,,0.00,,,MEADOW LARK LN,,,,0.00,Y,Four-Way,N,Intersection,None,,,         ,Benny,Alexander,Clear,Angle,no,no,no,no,no,False
101880107,METROPOLITAN NASHVILLE POLICE DEPT,20180020419,Davidson,Nashville,1/7/2018 4:15:00 AM,2,0,0,36.151860,-86.856610,WHITE BRIDGE PL,,,,323.00,Feet,East,I40 E ENT RAMP,,,,0.00,N,Not at Intersection,N,Non-Junction,None,,,         ,Michael,Richardson,Clear,Front to Rear,no,no,no,no,yes,False
101880109,METROPOLITAN NASHVILLE POLICE DEPT,20180020396,Davidson,Nashville,1/7/2018 4:00:00 AM,2,1,0,36.249190,-86.734460,DUE WEST AVW,,,,0.00,Feet,,S GRAYCROFT AV,,,,0.00,Y,Four-Way,Y,Intersection,None,,,         ,Bryant,Presley,Clear,Angle,no,no,no,no,no,False
101880120,METROPOLITAN NASHVILLE POLICE DEPT,20180020434,Davidson,Nashville,1/7/2018 4:26:00 AM,3,0,0,36.137120,-86.764750,MOORE AV,,,,122.00,Feet,West,RAINS AV,,,,0.00,N,Not at Intersection,N,Non-Junction,None,,,         ,Christian,Martin,Clear,"Sideswipe, Same Direction",no,no,no,no,yes,False
101880129,METROPOLITAN NASHVILLE POLICE DEPT,20180018620,Davidson,Nashville,1/6/2018 1:16:00 PM,2,0,0,36.124040,-86.844740,KENNER AV,,,,163.00,Feet,South,RIDGEFIELD DR,,,,0.00,N,Not at Intersection, ,"Driveway, Alley Access, etc",None,,,         ,Walter,Gray II,Clear,Angle,no,no,no,no,no,False
101880163,METROPOLITAN NASHVILLE POLICE DEPT,20180020641,Davidson,Nashville,1/7/2018 6:55:00 AM,2,0,0,36.220780,-86.774010,I 65,,,,0.00,,,,,,,88.35,N,Not at Intersection, ,Non-Junction,None,,,         ,Steven,Spillers,Clear,Angle,no,no,no,no,no,False
101880201,METROPOLITAN NASHVILLE POLICE DEPT,20180020856,Davidson,Not in City Limit,1/7/2018 4:30:00 AM,1,0,0,36.014070,-86.711260,BROOKVIEW FOREST DR,,,,224.00,Feet,East,BROOKVIEW FOREST PL,,,,0.00,N,Not at Intersection, ,,None,,,         ,Robert,Schohn,,,no,no,no,no,no,False
101880206,METROPOLITAN NASHVILLE POLICE DEPT,20180020833,Davidson,Nashville,1/7/2018 8:59:00 AM,2,0,0,36.190940,-86.760990,N 6TH ST,,,,206.00,Feet,North,EVANSTON AV,,,,0.00,N,Not at Intersection, ,Non-Junction,None,,,         ,Joseph,Progar,Cloudy,Rear to Rear,no,no,no,no,no,False
101880229,METROPOLITAN NASHVILLE POLICE DEPT,2017-0020701,Davidson,Nashville,1/7/2018 7:44:00 AM,1,2,0,36.045890,-86.660550,I24 E EXT RAMP,,,,0.00,Feet,East,I 24,,,,0.00,N,Not at Intersection,N,Non-Junction,None,,,         ,Stanley,Collins,Clear,Not Collision with Motor Vehicle in Transport,no,no,no,no,no,False
101880292,METROPOLITAN NASHVILLE POLICE DEPT,20180021031,Davidson,Nashville,1/7/2018 11:50:00 AM,1,0,0,36.233130,-86.758550,MAPLEWOOD TRC,,,,30.00,Feet,East,DICKERSON PKE,,,,0.00,N,Not at Intersection,N,OtherLocation,None,,,         ,Joseph,Progar,Cloudy,Not Collision with Motor Vehicle in Transport,no,no,no,no,no,False
101880293,METROPOLITAN NASHVILLE POLICE DEPT,20180021000,Davidson,Nashville,1/7/2018 12:00:00 AM,2,0,0,36.165300,-86.751870,LENORE ST,,,,105.00,Feet,West,S 11TH ST,,,,0.00,N,Not at Intersection, ,Non-Junction,None,,,         ,Nathan,Mayo,Cloudy,Unknown,no,no,no,no,yes,False
101880337,METROPOLITAN NASHVILLE POLICE DEPT,20180021120,Davidson,Nashville,1/7/2018 1:00:00 PM,1,0,0,36.153520,-86.849700,I 40,,,,0.00,,,,,,,204.40,N,Not at Intersection, ,,None,,,         ,Michael,Pyle,,,no,no,no,no,no,False
101880461,METROPOLITAN NASHVILLE POLICE DEPT,20180021214,Davidson,Nashville,1/7/2018 2:05:00 PM,2,0,0,36.256450,-86.675640,CHEYENNE BLVD,,,,240.00,Feet,West,RIVER RETREAT PVTDR,,,,0.00,N,Not at Intersection,N,Non-Junction,None,,,         ,Michelle,Steidl,Cloudy,HeadOn,no,no,no,no,yes,False
101880477,METROPOLITAN NASHVILLE POLICE DEPT,20180021266,Davidson,Nashville,1/7/2018 11:23:00 AM,2,1,0,36.169450,-86.600920,OLD HICKORY BLVD,,,,39.00,Feet,South,I40 E ENT RAMP,,,,0.00,N,Not at Intersection, ,Entrance/Exit Ramp Related,None,,,         ,Zachariah,Bush,Cloudy,Front to Rear,no,no,no,no,yes,False
101880478,GOODLETTSVILLE POLICE DEPT,18-00908,Davidson,Goodlettsville,1/7/2018 2:20:00 PM,3,1,0,36.306840,-86.694360,CONFERENCE DR,,,,0.00,,,VIETNAM VETERANS BLVD NB ENT R,,,,0.00,Y,T-Intersection,Y,Intersection,None,,,         ,Hannah,Poole,Cloudy,"Sideswipe, Same Direction",no,no,no,no,no,False
101880496,METROPOLITAN NASHVILLE POLICE DEPT,20180021358,Davidson,Nashville,1/7/2018 2:41:00 PM,1,0,0,36.028520,-86.667840,PETTUS RD,,,,1441.00,Feet,East,BLUE HOLE RD,,,,0.00,N,Not at Intersection,N,Non-Junction,None,,,         ,Melissa,Flores,Clear,Not Collision with Motor Vehicle in Transport,no,no,no,no,no,False
101880497,METROPOLITAN NASHVILLE POLICE DEPT,20180021281,Davidson,Nashville,1/7/2018 3:02:00 PM,2,0,0,36.073800,-86.920720,OLD HICKORY BLVD,,,,8.00,Feet,North,BELLEVUE VALLEY PLAZA PVTDR,,,,0.00,N,Not at Intersection, ,Non-Junction,None,,,         ,Regina,Lewis,Clear,Angle,no,no,no,no,no,False
101880501,METROPOLITAN NASHVILLE POLICE DEPT,20180021273,Davidson,Nashville,1/7/2018 2:58:00 PM,2,1,0,36.070940,-86.723130,NOLENSVILLE PKE,,,,216.00,Feet,South,BASS AV,,,,0.00,N,Not at Intersection,N,Non-Junction,None,,,         ,Johnathon,Birdwell,Clear,Angle,no,no,no,no,yes,False
101880505,METROPOLITAN NASHVILLE POLICE DEPT,20180021424,Davidson,Nashville,1/7/2018 3:56:00 PM,3,1,0,36.120930,-86.807780,HILLSBORO PKE,,,,102.00,Feet,North,LOMBARDY AV,,,,0.00,N,Not at Intersection,N,Non-Junction,None,,,         ,FELIKS,ABRAHAMYAN,Cloudy,Front to Rear,no,no,no,no,no,False
101880522,GOODLETTSVILLE POLICE DEPT,18-00749,Davidson,Goodlettsville,1/6/2018 9:28:00 AM,1,0,0,36.305660,-86.703030,MEADOW LARK LN,,,,0.00,,,RIVERGATE PKWY,,,,0.00,Y,Four-Way,N,Intersection,None,,,         ,John,Spencer,Clear,Not Collision with Motor Vehicle in Transport,no,no,no,no,no,False
101880530,METROPOLITAN NASHVILLE POLICE DEPT,20180021283,Davidson,Nashville,1/7/2018 12:44:00 PM,2,0,0,36.152240,-86.625070,BELL RD,,,,0.00,,,STEWARTS FERRY PKE,,,,0.00,Y,Four-Way, ,Intersection,None,,,         ,Darci,Stechman,Cloudy,Front to Rear,no,no,no,no,no,False
101880537,METROPOLITAN NASHVILLE POLICE DEPT,20180021560,Davidson,Nashville,1/7/2018 5:03:00 PM,1,0,0,36.156080,-86.824600,I40 E EXT RAMP,,,,0.00,,,I 40,,,,0.00,Y,Y-Intersection,Y,Entrance/Exit Ramp Related,None,,,         ,Michael,Lynch,Clear,Not Collision with Motor Vehicle in Transport,no,no,no,no,no,False
101880563,METROPOLITAN NASHVILLE POLICE DEPT,20180021638,Davidson,Nashville,1/7/2018 3:20:00 PM,1,0,0,36.154060,-86.701450,ACORN DR,,,,0.00,Feet,East,MASSMAN DR,,,,0.00,N,Not at Intersection,N,Non-Junction,None,,,         ,Darci,Stechman,Clear,Not Collision with Motor Vehicle in Transport,no,no,no,no,no,False
101880564,METROPOLITAN NASHVILLE POLICE DEPT,20180021650,Davidson,Nashville,1/7/2018 5:41:00 PM,2,0,0,36.134280,-86.779090,WEDGEWOOD AV,,,,0.00,,,8TH AVS,,,,0.00,Y,Four-Way, ,Intersection,None,,,         ,Brandon,Hughes,Rain,Angle,no,no,no,no,no,False
101880567,METROPOLITAN NASHVILLE POLICE DEPT,20180021438,Davidson,Nashville,1/7/2018 1:30:00 PM,2,0,0,36.135740,-86.802200,ACKLEN AV,,,,356.00,Feet,West,21ST AVS,,,,0.00,N,Not at Intersection, ,Non-Junction,None,,,         ,Darryl,Williams,Clear,"Sideswipe, Opposite Direction",no,no,no,no,yes,Campus
101880568,METROPOLITAN NASHVILLE POLICE DEPT,20180021668,Davidson,Nashville,1/7/2018 5:52:00 PM,2,0,0,36.116930,-86.748270,NOLENSVILLE PKE,,,,193.00,Feet,South,WOODBINE ST,,,,0.00,N,Not at Intersection, ,Non-Junction,None,,,         ,Christopher,Butner,Rain,Front to Rear,no,no,no,no,no,False
101880576,METROPOLITAN NASHVILLE POLICE DEPT,20180021743,Davidson,Nashville,1/7/2018 6:35:00 PM,2,0,0,36.137700,-86.820670,I440 W EXT RAMP,,,,0.00,Feet,East,I 440,,,,0.00,N,Not at Intersection, ,,None,,,         ,Gary,Peters,,,no,no,no,no,no,False
101880588,METROPOLITAN NASHVILLE POLICE DEPT,20180021527,Davidson,Nashville,1/7/2018 4:50:00 PM,2,0,0,36.154660,-86.823120,I40 E EXT RAMP,,,,0.00,,,I 440,,,,0.00,Y,Y-Intersection,Y,Entrance/Exit Ramp Related,None,,,         ,Justin,Coyle,Cloudy,Front to Rear,no,no,no,no,no,False
101880590,METROPOLITAN NASHVILLE POLICE DEPT,20180021725,Davidson,Nashville,1/7/2018 6:01:00 PM,2,0,0,36.086580,-86.771970,FRANKLIN PKE,,,,0.00,,,HARDING PL,,,,0.00,Y,Four-Way,N,Intersection,None,,,         ,Edin,Plancic,Cloudy,Angle,no,no,no,no,no,False
101880622,METROPOLITAN NASHVILLE POLICE DEPT,20180021706,Davidson,Nashville,1/7/2018 6:11:00 PM,2,1,0,36.071980,-86.841500,HILLSBORO PKE,,,,0.00,Feet,East,CASTLEWOOD CT,,,,0.00,N,Not at Intersection,N,Non-Junction,None,,,         ,Michael,Lynch,Clear,Front to Rear,no,no,no,no,no,False
101880627,METROPOLITAN NASHVILLE POLICE DEPT,20180021721,Davidson,Nashville,1/7/2018 6:24:00 PM,1,1,0,36.224170,-86.822180,BUENA VISTA PKE,,,,731.00,Feet,South,AMES DR,,,,0.00,N,Not at Intersection,N,Non-Junction,None,,,         ,Jason,Hogan,Clear,Not Collision with Motor Vehicle in Transport,no,no,no,no,no,False
101880629,METROPOLITAN NASHVILLE POLICE DEPT,20180021754,Davidson,Nashville,1/7/2018 6:30:00 PM,2,1,0,36.073310,-86.840710,HILLSBORO PKE,,,,537.00,Feet,North,CASTLEWOOD CT,,,,0.00,N,Not at Intersection,N,Non-Junction,None,,,         ,Roy,McElwee,Clear,Front to Rear,no,no,no,no,no,False
101880654,METROPOLITAN NASHVILLE POLICE DEPT,20180021724,Davidson,Not in City Limit,1/7/2018 6:25:00 PM,2,0,0,36.268340,-86.756160,DICKERSON PKE,,,,0.00,,,BELL GRIMES LN,,,,0.00,Y,T-Intersection, ,Intersection,None,,,         ,Michael,Thompson,Rain,Angle,no,no,no,no,no,False
101880662,METROPOLITAN NASHVILLE POLICE DEPT,20180021765,Davidson,Nashville,1/7/2018 6:39:00 PM,2,1,0,36.207550,-86.777790,BRICK CHURCH PKE,,,,0.00,,,I65 S EXT RAMP,,,,0.00,Y,T-Intersection,Y,Entrance/Exit Ramp Related,None,,,         ,Benjamin,Williams,Clear,Angle,no,no,no,no,no,False
101880702,METROPOLITAN NASHVILLE POLICE DEPT,20180021231,Davidson,Nashville,1/7/2018 2:40:00 PM,1,1,0,36.213540,-86.866530,CATO RD,,,,887.00,Feet,South,KINGS LN,,,,0.00,N,Not at Intersection,N,Non-Junction,None,,,         ,Benjamin,Williams,Clear,Not Collision with Motor Vehicle in Transport,no,no,no,no,no,False
101880719,METROPOLITAN NASHVILLE POLICE DEPT,20180021745,Davidson,Nashville,1/7/2018 6:23:00 PM,2,0,0,36.225680,-86.598130,SAUNDERSVILLE RD,,,,96.00,Feet,West,LEXINGTON WAY,,,,0.00,N,Not at Intersection,N,Non-Junction,None,,,         ,Zachariah,Bush,Rain,"Sideswipe, Opposite Direction",no,no,no,no,no,False
101880728,METROPOLITAN NASHVILLE POLICE DEPT,20180022010,Davidson,Nashville,1/7/2018 12:00:00 AM,2,0,0,36.130950,-86.769580,VINE HILL RD,,,,163.00,Feet,North,HONEYSUCKLE RD,,,,0.00,N,Not at Intersection,N,Non-Junction,None,,,         ,Brandon,Hughes,Rain,Unknown,no,no,no,no,yes,False
101880731,METROPOLITAN NASHVILLE POLICE DEPT,20180021862,Davidson,Nashville,1/7/2018 7:23:00 PM,2,2,0,36.081380,-86.593650,SMITH SPRINGS RD,,,,0.00,,,SCENIC LAKE CT,,,,0.00,Y,Four-Way, ,Intersection-Related,None,,,         ,Zachariah,Bush,Rain,"Sideswipe, Same Direction",no,no,no,no,no,False
101880783,METROPOLITAN NASHVILLE POLICE DEPT,20180021483,Davidson,Nashville,1/7/2018 4:25:00 PM,1,1,0,36.179370,-86.695800,BRILEY PKWYS,,,,1247.00,Feet,South,WINDEMERE DR,,,,0.00,N,Not at Intersection,N,Non-Junction,None,,,         ,Allyson,Reis,Clear,Not Collision with Motor Vehicle in Transport,no,no,no,no,no,False