master_record_number,agency,agency_tracking_number,county,city,collision_date,vehicles_involved,number_injured,number_dead,latitude,longitude,roadway_name,roadway_suffix,roadway_number,roadway_local_id,distance_from_reference,miles-feet_indicator,direction_from_reference,intersection_road_name,intersection_road_name_suffix,intersection_road_number,intersection_local_id,mile_marker,intersection_indicator,intersect_type,interchange_related_indicator,relation_to_junction,work_zone_type,construction_maintenance_zone,construction_maintenance_zone_location,fatal_case_number,officer_first_name,officer_last_name,weather_condition(s),manner_of_crash,pedestrian,bicycle,scooter,parking,hitrun,mou
101880804,METROPOLITAN NASHVILLE POLICE DEPT,20180022133,Davidson,Nashville,1/7/2018 10:44:00 PM,1,0,0,36.216910,-86.739700,HART LN,,,,0.00,,,EDWARDS AV,,,,0.00,Y,Four-Way,N,Intersection-Related,None,,,         ,Juan,Gonzalez,Rain,Not Collision with Motor Vehicle in Transport,no,no,no,no,no,False
101880806,METROPOLITAN NASHVILLE POLICE DEPT,20180022158,Davidson,Nashville,1/7/2018 11:05:00 PM,2,0,0,36.161890,-86.775170,2ND AVN,,,,0.00,,,BROADWAY,,,,0.00,Y,T-Intersection, ,,None,,,         ,Mekisha,Page,,,no,no,no,no,no,False
101880821,METROPOLITAN NASHVILLE POLICE DEPT,20180022306,Davidson,Nashville,1/7/2018 10:15:00 PM,1,0,0,36.034530,-86.713140,NOLENSVILLE PKE,,,,368.00,Feet,North,CELEBRATION WAY,,,,0.00,N,Not at Intersection,N,Non-Junction,None,,,         ,David,Smith,Cloudy,Not Collision with Motor Vehicle in Transport,no,no,no,no,no,False
101880854,GOODLETTSVILLE POLICE DEPT,18-00676,Davidson,Goodlettsville,1/5/2018 9:08:00 PM,2,2,0,36.308540,-86.691330,VIETNAM VETERANS BLVD NB ENT R,,,,8.00,Feet,North,VIETNAM VETERANS BLVDN,,,,0.00,N,Not at Intersection,N,Non-Junction,None,,,         ,Benny,Alexander,Clear,HeadOn,no,no,no,no,no,False
101880855,GOODLETTSVILLE POLICE DEPT,18-00688,Davidson,Goodlettsville,1/5/2018 11:08:00 PM,2,1,0,36.308540,-86.691330,VIETNAM VETERANS BLVD NB ENT R,,,,8.00,Feet,North,VIETNAM VETERANS BLVDN,,,,0.00,N,Not at Intersection,N,Non-Junction,None,,,         ,Jeffery,Hunter,Clear,Front to Rear,no,no,no,no,no,False
101880856,GOODLETTSVILLE POLICE DEPT,18-00847,Davidson,Goodlettsville,1/7/2018 3:10:00 AM,1,0,0,36.320660,-86.703280,I 65,,,,0.00,,,,,,,96.75,N,Not at Intersection,N,Non-Junction,None,,,         ,Jeffery,Hunter,Clear,Not Collision with Motor Vehicle in Transport,no,no,no,no,no,False
101880862,METROPOLITAN NASHVILLE POLICE DEPT,20180022706,Davidson,Nashville,1/8/2018 12:00:00 AM,2,0,0,36.078270,-86.642980,MURFREESBORO PKE,,,,18.00,Feet,East,MARTWAY DR,,,,0.00,N,Not at Intersection,N,OtherLocation,None,,,         ,Chad,Mahoney,Cloudy,Unknown,no,no,no,yes,yes,False
101880898,METROPOLITAN NASHVILLE POLICE DEPT,20180023133,Davidson,Nashville,1/8/2018 6:55:00 AM,2,0,0,36.115510,-86.810640,HILLSBORO PKE,,,,104.00,Feet,South,HAMPTON PL,,,,0.00,N,Not at Intersection, ,Non-Junction,None,,,         ,Curtis,Rich,Rain,Front to Rear,no,no,no,no,yes,False
101880903,METROPOLITAN NASHVILLE POLICE DEPT,20180022983,Davidson,Nashville,1/8/2018 5:40:00 AM,3,0,0,36.044770,-86.661530,CANE RIDGE RD,,,,0.00,,,BELL RD,,,,0.00,Y,Four-Way,N,Intersection,None,,,         ,David,Smith,Rain,Angle,no,no,no,no,no,False
101880906,METROPOLITAN NASHVILLE POLICE DEPT,20180023129,Davidson,Nashville,1/8/2018 6:55:00 AM,2,0,0,36.170850,-86.803890,I 40,,,,0.00,,,,,,,207.65,N,Not at Intersection, ,Non-Junction,None,,,         ,Raymond,Heymann,Rain,Front to Rear,no,no,no,no,no,False
101880908,METROPOLITAN NASHVILLE POLICE DEPT,2018-0023118,Davidson,Nashville,1/8/2018 6:39:00 AM,2,0,0,36.064790,-86.628480,HAMILTON CHURCH RD,,,,0.00,,,MURFREESBORO PKE,,,,0.00,Y,Four-Way,N,Intersection,None,,,         ,William,Whitworth,Rain,Angle,no,no,no,no,no,False
101880910,METROPOLITAN NASHVILLE POLICE DEPT,20180023158,Davidson,Nashville,1/8/2018 7:10:00 AM,3,0,0,36.169920,-86.808150,I 40,,,,0.00,,,,,,,207.20,N,Not at Intersection, ,Non-Junction,None,,,         ,Chase,Burnett,Rain,Front to Rear,no,no,no,no,no,False
101880916,METROPOLITAN NASHVILLE POLICE DEPT,20180023168,Davidson,Nashville,1/8/2018 7:17:00 AM,2,0,0,36.049400,-86.743520,EDMONDSON PKE,,,,105.00,Feet,South,ASHLAWN PL,,,,0.00,N,Not at Intersection, ,Non-Junction,None,,,         ,Robert,Schohn,Rain,Front to Rear,no,no,no,no,no,False
101880917,METROPOLITAN NASHVILLE POLICE DEPT,20180023156,Davidson,Nashville,1/8/2018 7:06:00 AM,2,0,0,36.171390,-86.799010,I 40,,,,0.00,,,,,,,207.90,N,Not at Intersection,N,Non-Junction,None,,,         ,Jake,Carr,Rain,Front to Rear,no,no,no,no,no,False
101880926,METROPOLITAN NASHVILLE POLICE DEPT,20180023286,Davidson,Nashville,1/8/2018 8:00:00 AM,2,0,0,36.204910,-86.724100,MCGAVOCK PKE,,,,110.00,Feet,East,RIVERSIDE DR,,,,0.00,N,Not at Intersection, ,Non-Junction,None,,,         ,Jason,Hees,Rain,Front to Rear,no,no,no,no,yes,False
101880928,METROPOLITAN NASHVILLE POLICE DEPT,20180023120,Davidson,Antioch,1/8/2018 6:45:00 AM,1,0,0,36.050010,-86.605760,PIN HOOK RD,,,,120.00,Feet,East,GROVEDALE TRC,,,,0.00,N,Not at Intersection, ,Non-Junction,None,,,         ,Joseph,Gawlowski,Rain,Not Collision with Motor Vehicle in Transport,no,no,no,no,no,False
101880933,METROPOLITAN NASHVILLE POLICE DEPT,20180023229,Davidson,Nashville,1/8/2018 7:45:00 AM,2,0,0,36.187620,-86.862600,BRILEY PKWYS,,,,1.00,Feet,North,COUNTY HOSPITAL RD,,,,0.00,N,Not at Intersection,N,Non-Junction,None,,,         ,Brian,Mclarty,Rain,Front to Rear,no,no,no,no,no,False
101880938,METROPOLITAN NASHVILLE POLICE DEPT,20180023278,Davidson,Nashville,1/8/2018 8:11:00 AM,2,0,0,36.156230,-86.825790,I 40,,,,0.00,,,,,,,205.75,N,Not at Intersection, ,,None,,,         ,Curtis,Rich,,,no,no,no,no,no,False
101880942,METROPOLITAN NASHVILLE POLICE DEPT,20180023249,Davidson,Nashville,1/8/2018 7:54:00 AM,2,0,0,36.162110,-86.790610,CHARLOTTE AV,,,,0.00,Feet,,11TH AVN,,,,0.00,Y,Four-Way, ,Intersection,None,,,         ,Brenna,Hosey,Rain,HeadOn,no,no,no,no,no,False
101880953,METROPOLITAN NASHVILLE POLICE DEPT,20180023287,Davidson,Nashville,1/8/2018 8:00:00 AM,2,1,0,36.191120,-86.796570,VANTAGE WAY,,,,185.00,Feet,East,FRENCH LANDING DR,,,,0.00,N,Not at Intersection,N,Non-Junction,None,,,         ,Jean,McCormack,Rain,Front to Rear,no,no,no,no,no,False
101880956,METROPOLITAN NASHVILLE POLICE DEPT,20180023336,Davidson,Nashville,1/8/2018 8:24:00 AM,2,0,0,36.167170,-86.795710,I 40,,,,0.00,,,,,,,208.25,N,Not at Intersection,N,Non-Junction,None,,,         ,Isaac,Wood,Rain,Front to Rear,no,no,no,no,yes,False
101880966,METROPOLITAN NASHVILLE POLICE DEPT,20180023291,Davidson,Nashville,1/8/2018 8:00:00 AM,3,0,0,36.199470,-86.776550,I 65,,,,0.00,,,,,,,86.85,N,Not at Intersection, ,Non-Junction,None,,,         ,Zachary,Goodall,Rain,Front to Rear,no,no,no,no,no,False
101880976,METROPOLITAN NASHVILLE POLICE DEPT,20180023259,Davidson,Nashville,1/8/2018 7:57:00 AM,2,0,0,36.169000,-86.682960,LEBANON PKE,,,,165.00,Feet,West,FAIRWAY DR,,,,0.00,N,Not at Intersection, ,Non-Junction,None,,,         ,James,Curtis,Rain,"Sideswipe, Same Direction",no,no,no,no,no,False
101880980,METROPOLITAN NASHVILLE POLICE DEPT,20180023152,Davidson,Nashville,1/8/2018 6:50:00 AM,2,0,0,36.072530,-86.762410,FARRELL PKWY,,,,48.00,Feet,West,STILLWOOD DR,,,,0.00,N,Not at Intersection,N,Non-Junction,None,,,         ,Jon,Mcvey,Rain,Front to Rear,no,no,no,no,no,False
101880981,METROPOLITAN NASHVILLE POLICE DEPT,20180023333,Davidson,Nashville,1/8/2018 8:20:00 AM,2,0,0,36.031290,-86.753400,CLOVERLAND DR,,,,0.00,Feet,East,BROWNSTONE DR,,,,0.00,N,Not at Intersection,N,Non-Junction,None,,,         ,Jon,Mcvey,Rain,Front to Rear,no,no,no,no,no,False
101880988,METROPOLITAN NASHVILLE POLICE DEPT,20180023306,Davidson,Nashville,1/8/2018 8:05:00 AM,2,2,0,36.205860,-86.768300,E TRINITY LN,,,,92.00,Feet,East,DICKERSON PKE,,,,0.00,N,Not at Intersection,N,Non-Junction,None,,,         ,Steven,Spillers,Rain,Front to Rear,no,no,no,no,no,False
101880989,METROPOLITAN NASHVILLE POLICE DEPT,20180023378,Davidson,Nashville,1/8/2018 8:38:00 AM,2,1,0,36.152130,-86.767760,I40 W EXT RAMP,,,,0.00,Feet,East,I 40,,,,0.00,N,Not at Intersection,N,Non-Junction,None,,,         ,Tony,Folad,Cloudy,Front to Rear,no,no,no,no,no,False
101880997,METROPOLITAN NASHVILLE POLICE DEPT,20180023561,Davidson,Nashville,1/8/2018 10:00:00 AM,1,0,0,36.138810,-86.726940,I 24,,,,0.00,,,,,,,52.40,N,Not at Intersection,N,Non-Junction,None,,,         ,Michael,Dance,Rain,Not Collision with Motor Vehicle in Transport,no,no,no,no,no,False
101881009,METROPOLITAN NASHVILLE POLICE DEPT,20180023505,Davidson,Nashville,1/8/2018 9:25:00 AM,2,0,0,36.130930,-86.755860,NOLENSVILLE PKE,,,,0.00,,,WOODYCREST AV,,,,0.00,Y,T-Intersection,N,Intersection,None,,,         ,Justin,Pinkelton,Rain,"Sideswipe, Same Direction",no,no,no,no,no,False
101881018,METROPOLITAN NASHVILLE POLICE DEPT,20180023565,Davidson,Nashville,1/8/2018 9:56:00 AM,2,0,0,36.155660,-86.810280,CHARLOTTE AV,,,,0.00,,,24TH AVN,,,,0.00,Y,T-Intersection,N,Non-Junction,None,,,         ,Samuel,Miller,Rain,"Sideswipe, Same Direction",no,no,no,no,yes,False
101881038,METROPOLITAN NASHVILLE POLICE DEPT,2018-0023551,Davidson,Nashville,1/8/2018 9:58:00 AM,2,0,0,36.081120,-86.686720,ANTIOCH PKE,,,,50.00,Feet,East,ANTIOCH CT,,,,0.00,N,Not at Intersection,N,Non-Junction,None,,,         ,Stanley,Collins,Rain,Front to Rear,no,no,no,no,no,False
101881039,METROPOLITAN NASHVILLE POLICE DEPT,20180023611,Davidson,Nashville,1/8/2018 10:05:00 AM,2,0,0,36.116180,-86.786920,I 440,,,,0.00,,,,,,,4.15,N,Not at Intersection,N,Non-Junction,None,,,         ,Justin,Pinkelton,Rain,"Sideswipe, Same Direction",no,no,no,no,yes,False
101881042,METROPOLITAN NASHVILLE POLICE DEPT,20180023681,Davidson,Nashville,1/8/2018 11:11:00 AM,2,0,0,36.129400,-86.843310,HARDING PKE,,,,687.00,Feet,North,BOSLEY SPRINGS RD,,,,0.00,N,Not at Intersection, ,Non-Junction,None,,,         ,Curtis,Rich,Rain,Angle,no,no,no,yes,yes,False
101881043,METROPOLITAN NASHVILLE POLICE DEPT,20180023708,Davidson,Nashville,1/8/2018 11:17:00 AM,2,0,0,36.068080,-86.719000,NOLENSVILLE PKE,,,,55.00,Feet,South,HAYWOOD LN,,,,0.00,N,Not at Intersection, ,Non-Junction,None,,,         ,Jessie,Meadows,Rain,Front to Rear,no,no,no,no,no,False
101881044,METROPOLITAN NASHVILLE POLICE DEPT,20180023703,Davidson,Nashville,1/8/2018 11:10:00 AM,1,1,0,36.101930,-86.763730,I65 N ENT RAMP,,,,0.00,,,I 65,,,,0.00,Y,Y-Intersection,N,Entrance/Exit Ramp Related,None,,,         ,Jon,Mcvey,Rain,Not Collision with Motor Vehicle in Transport,no,no,no,no,no,False
101881053,METROPOLITAN NASHVILLE POLICE DEPT,20180023330,Davidson,Nashville,1/8/2018 8:20:00 AM,1,0,0,36.238120,-86.783000,BRILEY PKWYE,,,,7.00,Feet,East,I24 W EXT RAMP,,,,0.00,N,Not at Intersection,N,Entrance/Exit Ramp Related,None,,,         ,Michelle,Steidl,Rain,Not Collision with Motor Vehicle in Transport,no,no,no,no,yes,False
101881060,METROPOLITAN NASHVILLE POLICE DEPT,20180023705,Davidson,Nashville,1/8/2018 12:00:00 AM,1,0,0,36.165850,-86.794600,I 40,,,,0.00,,,,,,,208.35,N,Not at Intersection,N,Non-Junction,None,,,         ,Trevor,Taylor,Rain,Not Collision with Motor Vehicle in Transport,no,no,no,no,no,False
101881065,METROPOLITAN NASHVILLE POLICE DEPT,20180023693,Davidson,Nashville,1/8/2018 11:05:00 AM,2,1,0,36.172180,-86.768630,I 24,,,,0.00,,,,,,,48.30,N,Not at Intersection,N,Non-Junction,None,,,         ,Michael,Agee,Rain,"Sideswipe, Same Direction",no,no,no,no,no,False
101881066,METROPOLITAN NASHVILLE POLICE DEPT,20180023715,Davidson,Nashville,1/8/2018 11:07:00 AM,2,1,0,36.112140,-86.765090,THOMPSON LN,,,,570.00,Feet,East,BRANSFORD AV,,,,0.00,N,Not at Intersection,N,Non-Junction,None,,,         ,Justin,Pinkelton,Rain,"Sideswipe, Same Direction",no,no,no,no,no,False
101881089,METROPOLITAN NASHVILLE POLICE DEPT,20180023813,Davidson,Nashville,1/8/2018 12:16:00 PM,2,0,0,36.069650,-86.695890,KEELEY DR,,,,50.00,Feet,South,HAYWOOD LN,,,,0.00,N,Not at Intersection, ,Non-Junction,None,,,         ,Jessie,Meadows,Rain,"Sideswipe, Opposite Direction",no,no,no,no,no,False
101881090,METROPOLITAN NASHVILLE POLICE DEPT,20180023857,Davidson,Nashville,1/8/2018 12:30:00 PM,2,0,0,36.127460,-86.712080,MURFREESBORO PKE,,,,401.00,Feet,West,THOMPSON PL,,,,0.00,N,Not at Intersection, ,"Driveway, Alley Access, etc",None,,,         ,Stephen,Soule,Rain,Angle,no,no,no,no,no,False
101881105,METROPOLITAN NASHVILLE POLICE DEPT,20180023780,Davidson,Nashville,1/8/2018 11:58:00 AM,2,0,0,36.147300,-86.757920,LAFAYETTE ST,,,,0.00,,,FAIRFIELD AV,,,,0.00,Y,Four-Way, ,,Work Zone,,,         ,Michael,Dance,,,no,no,no,no,no,False
101881140,METROPOLITAN NASHVILLE POLICE DEPT,20180023696,Davidson,Nashville,1/8/2018 11:30:00 AM,2,0,0,36.089410,-86.750150,GRASSMERE PK,,,,150.00,Feet,East,TROUSDALE DR,,,,0.00,N,Not at Intersection, ,Non-Junction,None,,,         ,Bryan,Moore,Rain,"Sideswipe, Same Direction",no,no,no,no,no,False
101881169,METROPOLITAN NASHVILLE POLICE DEPT,20180023849,Davidson,Nashville,1/8/2018 12:28:00 PM,2,0,0,36.154890,-86.758840,DRIFTWOOD ST,,,,0.00,,,I 40,,,,0.00,Y,OTHER,N,Non-Junction,None,,,         ,James,Curtis,Rain,Front to Rear,no,no,no,no,no,False
101881172,METROPOLITAN NASHVILLE POLICE DEPT,20180023925,Davidson,Not in City Limit,1/8/2018 1:05:00 PM,2,1,0,36.263070,-86.711990,OLD HICKORY BLVDW,,,,20.00,Feet,West,STATE RT 45,,,,0.00,N,Not at Intersection,N,Non-Junction,None,,,         ,Brian,Otto,Rain,Angle,no,no,no,no,no,False
101881173,METROPOLITAN NASHVILLE POLICE DEPT,2018-0023804,Davidson,Nashville,1/8/2018 12:09:00 PM,2,1,0,36.086730,-86.691680,ANTIOCH PKE,,,,297.00,Feet,South,HARDING PL,,,,0.00,N,Not at Intersection,N,Non-Junction,None,,,         ,William,Whitworth,Rain,"Sideswipe, Opposite Direction",no,no,no,no,yes,False
101881182,METROPOLITAN NASHVILLE POLICE DEPT,20180023917,Davidson,Nashville,1/8/2018 1:00:00 PM,2,2,0,36.087800,-86.731190,NOLENSVILLE PKE,,,,439.00,Feet,North,ELYSIAN FIELDS CT,,,,0.00,N,Not at Intersection, ,Non-Junction,None,,,         ,Jon,Mcvey,Rain,Angle,no,no,no,no,no,False
101881187,METROPOLITAN NASHVILLE POLICE DEPT,20180024021,Davidson,Nashville,1/8/2018 1:44:00 PM,2,0,0,36.183650,-86.610660,ANDREW JACKSON PKWY,,,,0.00,,,OLD HICKORY BLVD,,,,0.00,Y,Four-Way, ,,None,,,         ,Steven,Folliard,,,no,no,no,no,no,False
101881191,METROPOLITAN NASHVILLE POLICE DEPT,20180023843,Davidson,Nashville,1/8/2018 12:26:00 PM,2,2,0,36.143750,-86.730450,ARLINGTON AV,,,,0.00,,,ELM HILL PKE,,,,0.00,Y,T-Intersection,N,Intersection,None,,,         ,Michael,Dance,Sleet/Hail,Angle,no,no,no,no,no,False
101881193,METROPOLITAN NASHVILLE POLICE DEPT,20180023653,Davidson,Nashville,1/8/2018 10:45:00 AM,2,0,0,36.116700,-86.668180,DONELSON PKE,,,,0.00,,,HANGAR LN,,,,0.00,Y,T-Intersection,N,Intersection,None,,,         ,James,Curtis,Rain,"Sideswipe, Same Direction",no,no,no,no,no,False
101881196,METROPOLITAN NASHVILLE POLICE DEPT,20180023972,Davidson,Nashville,1/8/2018 1:30:00 PM,3,1,0,36.168250,-86.815870,JEFFERSON ST,,,,155.00,Feet,East,I40 W ENT RAMP,,,,0.00,N,Not at Intersection,N,Non-Junction,None,,,         ,Chase,Burnett,Rain,Front to Rear,no,no,no,no,yes,False
101881197,METROPOLITAN NASHVILLE POLICE DEPT,20180023941,Davidson,Nashville,1/8/2018 1:00:00 PM,2,0,0,36.044790,-86.724870,OLD HICKORY BLVD,,,,0.00,,,AMALIE DR,,,,0.00,Y,Four-Way,N,Intersection,None,,,         ,Justin,Pinkelton,Rain,Angle,no,no,no,no,no,False
101881205,METROPOLITAN NASHVILLE POLICE DEPT,20180024053,Davidson,Nashville,1/8/2018 2:03:00 PM,2,0,0,36.159220,-86.788970,CHURCH ST,,,,192.00,Feet,West,COMERS ALY,,,,0.00,N,Not at Intersection, ,Non-Junction,None,,,         ,Brenna,Hosey,Rain,Front to Rear,no,no,no,no,no,False
101881212,METROPOLITAN NASHVILLE POLICE DEPT,2018-0023992,Davidson,Nashville,1/8/2018 1:25:00 PM,1,1,0,36.025370,-86.742690,EDMONDSON PKE,,,,397.00,Feet,North,BANBURY STA,,,,0.00,N,Not at Intersection,N,Non-Junction,None,,,         ,Sean,Williams,Rain,Not Collision with Motor Vehicle in Transport,no,no,no,no,no,False
101881224,METROPOLITAN NASHVILLE POLICE DEPT,2018-0023329,Davidson,Nashville,1/8/2018 8:20:00 AM,2,1,0,36.137330,-86.798140,WEDGEWOOD AV,,,,0.00,,,19TH AVS,,,,0.00,Y,Four-Way,N,Intersection,None,,,         ,Allen,Bates,Rain,"Sideswipe, Same Direction",no,no,no,no,no,Campus
101881225,GOODLETTSVILLE POLICE DEPT,18-01051,Davidson,Goodlettsville,1/8/2018 1:19:00 PM,2,1,0,36.305860,-86.693970,RIVERGATE MALL PVTDR,,,,0.00,Feet,,CONFERENCE DR,,,,0.00,Y,T-Intersection,N,Intersection-Related,None,,,         ,George,Forbes,Rain,Angle,no,no,no,no,no,False
101881230,METROPOLITAN NASHVILLE POLICE DEPT,20180024059,Davidson,Nashville,1/8/2018 1:55:00 PM,2,0,0,36.045730,-86.855430,OLD HICKORY BLVD,,,,0.00,,,WILDWOOD VALLEY DR,,,,0.00,Y,Four-Way,N,Intersection,None,,,         ,Raymond,Flaherty,Rain,Front to Rear,no,no,no,no,no,False
101881253,METROPOLITAN NASHVILLE POLICE DEPT,20180024145,Davidson,Nashville,1/8/2018 2:31:00 PM,2,0,0,36.203770,-86.738410,GALLATIN PKE,,,,62.00,Feet,South,LELAND AV,,,,0.00,N,Not at Intersection, ,Non-Junction,None,,,         ,Christopher,Valdez,Rain,Front to Rear,no,no,no,no,no,False
101881269,METROPOLITAN NASHVILLE POLICE DEPT,20180024090,Davidson,Nashville,1/8/2018 2:20:00 PM,2,1,0,36.081700,-86.760560,HARDING PL,,,,368.00,Feet,East,SIDCO DR,,,,0.00,N,Not at Intersection,N,Non-Junction,None,,,         ,Jon,Mcvey,Rain,Front to Rear,no,no,no,no,no,False
101881270,METROPOLITAN NASHVILLE POLICE DEPT,20180024155,Davidson,Not in City Limit,1/8/2018 3:00:00 PM,2,0,0,36.264150,-86.699630,STATE RT 45,,,,415.00,Feet,North,BURWOOD AV,,,,0.00,N,Not at Intersection, ,Non-Junction,None,,,         ,Cecilia,Gomez,Rain,Front to Rear,no,no,no,no,no,False
101881277,METROPOLITAN NASHVILLE POLICE DEPT,20180024166,Davidson,Nashville,1/8/2018 2:37:00 PM,2,0,0,36.102440,-86.671970,EZELL PKE,,,,723.00,Feet,West,CITATION DR,,,,0.00,N,Not at Intersection, ,,None,,,         ,Luis,De Los Santos,,,no,no,no,no,no,False
101881298,METROPOLITAN NASHVILLE POLICE DEPT,20180024152,Davidson,Nashville,1/8/2018 2:45:00 PM,2,1,0,36.069590,-86.693900,HAYWOOD LN,,,,4.00,Feet,East,EZELL RD,,,,0.00,N,Not at Intersection,N,Non-Junction,None,,,         ,Richard,Olive,Rain,Front to Rear,no,no,no,no,yes,False
101881308,METROPOLITAN NASHVILLE POLICE DEPT,20180024169,Davidson,Nashville,1/8/2018 2:57:00 PM,2,2,0,36.134160,-86.726920,I24E,,,,54.00,Feet,East,I24 E ENT RAMP,,,,0.00,N,Not at Intersection,N,Non-Junction,None,,,         ,Je-Marc,Sears,Rain,Front to Rear,no,no,no,no,no,False
101881310,METROPOLITAN NASHVILLE POLICE DEPT,20180024105,Davidson,Nashville,1/8/2018 2:40:00 PM,2,0,0,36.134280,-86.779400,WEDGEWOOD AV,,,,90.00,Feet,West,8TH AVS,,,,0.00,N,Not at Intersection,N,Non-Junction,None,,,         ,Brandon,Hughes,Rain,Angle,no,no,no,no,no,False
101881313,METROPOLITAN NASHVILLE POLICE DEPT,20180024247,Davidson,Nashville,1/8/2018 3:31:00 PM,2,0,0,36.122400,-86.807020,HILLSBORO PKE,,,,90.00,Feet,South,I440 E EXT RAMP,,,,0.00,N,Not at Intersection, ,Non-Junction,None,,,         ,Nicholas,Carroll,Rain,Front to Rear,no,no,no,no,no,False
101881322,METROPOLITAN NASHVILLE POLICE DEPT,2018-0024284,Davidson,Nashville,1/7/2018 12:00:00 AM,1,0,0,36.123770,-86.836700,CLEARVIEW DR,,,,0.00,,,CRESCENT RD,,,,0.00,Y,Y-Intersection,N,Non-Junction,None,,,         ,Robert,Crow,Clear,Not Collision with Motor Vehicle in Transport,no,no,no,no,yes,False
101881324,METROPOLITAN NASHVILLE POLICE DEPT,20180024317,Davidson,Nashville,1/8/2018 4:01:00 PM,2,1,0,36.154030,-86.787570,DEMONBREUN ST,,,,0.00,,,13TH AVS,,,,0.00,Y,Four-Way, ,Intersection,None,,,         ,Derek,Betty,Cloudy,Angle,no,no,no,no,no,False
101881341,METROPOLITAN NASHVILLE POLICE DEPT,20180024223,Davidson,Nashville,1/8/2018 3:20:00 PM,3,0,0,36.164790,-86.614430,I 40,,,,0.00,,,,,,,220.00,N,Not at Intersection,Y,Non-Junction,None,,,         ,Johnathan,Pannell,Rain,Front to Rear,no,no,no,no,no,False
101881342,METROPOLITAN NASHVILLE POLICE DEPT,20180024272,Davidson,Nashville,1/8/2018 2:00:00 PM,2,0,0,36.149990,-86.675710,ROYAL PKWY,,,,67.00,Feet,East,PERIMETER PLACE DR,,,,0.00,N,Not at Intersection, ,Non-Junction,None,,,         ,John,Kelley,Rain,Angle,no,no,no,no,no,False
101881343,METROPOLITAN NASHVILLE POLICE DEPT,20180024281,Davidson,Nashville,1/8/2018 3:35:00 PM,4,1,0,36.153510,-86.733440,LEBANON PKE,,,,1847.00,Feet,East,OMOHUNDRO PL,,,,0.00,N,Not at Intersection,N,Non-Junction,None,,,         ,Darci,Stechman,Rain,Front to Rear,no,no,no,no,no,False
101881357,METROPOLITAN NASHVILLE POLICE DEPT,20180024483,Davidson,Nashville,1/8/2018 4:55:00 PM,2,0,0,36.183730,-86.747580,EASTLAND AV,,,,236.00,Feet,East,GALLATIN AV,,,,0.00,N,Not at Intersection, ,Non-Junction,None,,,         ,James,Smith,Rain,"Sideswipe, Same Direction",no,no,no,no,no,False
101881365,METROPOLITAN NASHVILLE POLICE DEPT,20180024203,Davidson,Nashville,1/8/2018 3:20:00 PM,2,0,0,36.189050,-86.776180,I 24,,,,0.00,,,,,,,47.00,N,Not at Intersection, ,Non-Junction,None,,,         ,Anthony,Cucci,Rain,Front to Rear,no,no,no,no,no,False
101881369,METROPOLITAN NASHVILLE POLICE DEPT,20180024553,Davidson,Nashville,1/8/2018 5:20:00 PM,2,0,0,36.202500,-86.820480,BUENA VISTA PKE,,,,0.00,,,W TRINITY LN,,,,0.00,Y,T-Intersection,Y,Intersection,None,,,         ,Benjamin,Williams,Rain,Angle,no,no,no,no,yes,False
101881371,METROPOLITAN NASHVILLE POLICE DEPT,20180024591,Davidson,Nashville,1/8/2018 5:34:00 PM,2,0,0,36.202630,-86.721400,HANOVER RD,,,,350.00,Feet,East,RIVERSIDE DR,,,,0.00,N,Not at Intersection, ,Non-Junction,None,,,         ,Richard,Conger,Rain,Rear to Side,no,no,no,no,no,False
101881373,METROPOLITAN NASHVILLE POLICE DEPT,20180024554,Davidson,Nashville,1/8/2018 5:21:00 PM,1,1,0,36.193300,-86.751920,ELLINGTON PKWY N EXT RAMP,,,,0.00,,,DOUGLAS AV,,,,0.00,Y,Four-Way,N,Non-Junction,None,,,         ,Kevin,Clausius,Rain,Not Collision with Motor Vehicle in Transport,no,no,no,no,no,False
101881375,METROPOLITAN NASHVILLE POLICE DEPT,20180024481,Davidson,Nashville,1/8/2018 4:47:00 PM,2,0,0,36.162920,-86.761410,I 24,,,,0.00,,,,,,,49.30,N,Not at Intersection, ,Non-Junction,None,,,         ,John,Chambers,Rain,"Sideswipe, Same Direction",no,no,no,no,no,False
101881383,METROPOLITAN NASHVILLE POLICE DEPT,20180024433,Davidson,Nashville,1/8/2018 4:29:00 PM,3,1,0,36.155550,-86.786810,12TH AVS,,,,0.00,,,MCGAVOCK ST,,,,0.00,Y,Four-Way,N,Intersection,None,,,         ,Phillip,Box,Rain,Angle,no,no,no,no,yes,False
101881386,METROPOLITAN NASHVILLE POLICE DEPT,20180024601,Davidson,Not in City Limit,1/8/2018 5:31:00 PM,1,0,0,36.047820,-86.941400,HIGHWAY 100,,,,447.00,Feet,West,TRACE CREEK DR,,,,0.00,N,Not at Intersection, ,Non-Junction,None,,,         ,Brandon,Pedigo,Rain,Not Collision with Motor Vehicle in Transport,no,no,no,no,no,False
101881387,METROPOLITAN NASHVILLE POLICE DEPT,20180024490,Davidson,Not in City Limit,1/8/2018 12:00:00 AM,2,0,0,36.324940,-86.865870,I24 W EXT RAMP,,,,0.00,Feet,East,I 24,,,,0.00,N,Not at Intersection, ,Non-Junction,None,,,         ,Melvin,Taylor,Clear,Front to Rear,no,no,no,no,no,False