master_record_number,agency,agency_tracking_number,county,city,collision_date,vehicles_involved,number_injured,number_dead,latitude,longitude,roadway_name,roadway_suffix,roadway_number,roadway_local_id,distance_from_reference,miles-feet_indicator,direction_from_reference,intersection_road_name,intersection_road_name_suffix,intersection_road_number,intersection_local_id,mile_marker,intersection_indicator,intersect_type,interchange_related_indicator,relation_to_junction,work_zone_type,construction_maintenance_zone,construction_maintenance_zone_location,fatal_case_number,officer_first_name,officer_last_name,weather_condition(s),manner_of_crash,pedestrian,bicycle,scooter,parking,hitrun,mou
101886598,METROPOLITAN NASHVILLE POLICE DEPT,20180042830,Davidson,Antioch,1/14/2018 3:40:00 AM,1,1,0,36.052840,-86.574650,LAVERGNE COUCHVILLE PKE,,,,0.00,Feet,East,HAMILTON CHURCH RD,,,,0.00,N,Not at Intersection,N,Non-Junction,None,,,         ,Sandra,Fly,Clear,Not Collision with Motor Vehicle in Transport,no,no,no,yes,no,False
101886630,METROPOLITAN NASHVILLE POLICE DEPT,2018-0043096,Davidson,Nashville,1/14/2018 4:25:00 AM,1,0,0,36.072950,-86.693180,EZELL RD,,,,108.00,Feet,South,LINBAR DR,,,,0.00,N,Not at Intersection,N,Non-Junction,None,,,         ,Stanley,Collins,Sleet/Hail,Not Collision with Motor Vehicle in Transport,no,no,no,no,yes,False
101886640,METROPOLITAN NASHVILLE POLICE DEPT,20180043245,Davidson,Nashville,1/14/2018 12:00:00 AM,2,0,0,36.075580,-86.675540,ARTELIA DR,,,,752.00,Feet,North,HAWAIIAN VIEW,,,,0.00,N,Not at Intersection, ,Non-Junction,None,,,         ,Troy,Loewen,Unknown,Unknown,no,no,no,no,yes,False
101886644,METROPOLITAN NASHVILLE POLICE DEPT,20180043193,Davidson,Nashville,1/14/2018 12:00:00 AM,2,0,0,36.216140,-86.790300,COMBS DR,,,,0.00,,,SILAS DR,,,,0.00,Y,T-Intersection,N,Intersection,None,,,         ,Royce,McLester,Snow,Unknown,no,no,no,no,yes,False
101886645,METROPOLITAN NASHVILLE POLICE DEPT,20180043209,Davidson,Nashville,1/14/2018 8:00:00 AM,2,0,0,36.223230,-86.805890,LANE DR,,,,0.00,,,WHITES CREEK PKE,,,,0.00,Y,T-Intersection,N,Non-Junction,None,,,         ,James,Wray,Clear,Other,no,no,no,no,no,False
101886652,METROPOLITAN NASHVILLE POLICE DEPT,20180043190,Davidson,Nashville,1/14/2018 7:53:00 AM,2,1,0,36.041030,-86.746270,OLD HICKORY BLVD,,,,565.00,Feet,East,BRENTWOOD MEADOWS CIR,,,,0.00,N,Not at Intersection,N,Non-Junction,None,,,         ,Robert,Schohn,Clear,Front to Rear,no,no,no,no,yes,False
101886653,METROPOLITAN NASHVILLE POLICE DEPT,2018-0043300,Davidson,Not in City Limit,1/14/2018 8:00:00 AM,1,0,0,36.275980,-86.714590,E CAMPBELL RD,,,,0.00,,,HIGHLAND CIR,,,,0.00,Y,Y-Intersection,N,Intersection,None,,,         ,Travis,Baxter,Clear,Not Collision with Motor Vehicle in Transport,no,no,no,no,no,False
101886682,METROPOLITAN NASHVILLE POLICE DEPT,20180043440,Davidson,Nashville,1/14/2018 10:01:00 AM,2,0,0,36.044790,-86.724870,OLD HICKORY BLVD,,,,0.00,,,AMALIE DR,,,,0.00,Y,Four-Way,N,Intersection,None,,,         ,Robert,Schohn,Clear,Front to Rear,no,no,no,no,no,False
101886704,METROPOLITAN NASHVILLE POLICE DEPT,20180043375,Davidson,Nashville,1/14/2018 9:17:00 AM,1,1,0,36.094660,-86.624870,BELL RD,,,,284.00,Feet,North,HARBOR LIGHTS DR,,,,0.00,N,Not at Intersection,N,Non-Junction,None,,,         ,Michael,Brooks,Clear,Not Collision with Motor Vehicle in Transport,no,no,no,no,no,False
101886789,METROPOLITAN NASHVILLE POLICE DEPT,20180043480,Davidson,Madison,1/14/2018 10:25:00 AM,1,0,0,36.248100,-86.669370,CHEYENNE BLVD,,,,179.00,Feet,South,QUANTO CT,,,,0.00,N,Not at Intersection,N,Non-Junction,None,,,         ,Joel,Rogers,Clear,Not Collision with Motor Vehicle in Transport,no,no,no,no,no,False
101886791,METROPOLITAN NASHVILLE POLICE DEPT,20180043563,Davidson,Nashville,1/14/2018 11:25:00 AM,2,1,0,36.136020,-86.800950,21ST AVS,,,,100.00,Feet,North,ACKLEN AV,,,,0.00,N,Not at Intersection,N,Non-Junction,None,,,         ,Samuel,Miller,Clear,Angle,no,no,no,no,no,Campus
101886801,METROPOLITAN NASHVILLE POLICE DEPT,20180043592,Davidson,Nashville,1/14/2018 11:40:00 AM,2,0,0,36.044800,-86.669970,BELL RD,,,,137.00,Feet,East,HICKORY PARK DR,,,,0.00,N,Not at Intersection, ,Non-Junction,None,,,         ,Troy,Loewen,Clear,Front to Rear,no,no,no,no,no,False
101886839,METROPOLITAN NASHVILLE POLICE DEPT,20180043681,Davidson,Nashville,1/14/2018 12:50:00 PM,2,0,0,36.047980,-86.865190,OLD HICKORY BLVD,,,,348.00,Feet,East,CHICKERING WOOD DR,,,,0.00,N,Not at Intersection, ,,None,,,         ,Michael,Pyle,,,no,no,no,no,no,False
101886840,METROPOLITAN NASHVILLE POLICE DEPT,20180043600,Davidson,Nashville,1/14/2018 11:45:00 AM,2,0,0,36.106210,-86.673060,MURFREESBORO PKE,,,,0.00,,,DONELSON PKE,,,,0.00,Y,Four-Way,Y,Intersection,None,,,         ,Zachary,Scott,Clear,Front to Rear,no,no,no,no,no,False
101886842,METROPOLITAN NASHVILLE POLICE DEPT,20180043662,Davidson,Goodlettsville,1/14/2018 12:30:00 PM,2,0,0,36.297990,-86.698290,GALLATIN PKEN,,,,463.00,Feet,East,RIVERGATE PKWY,,,,0.00,N,Not at Intersection,N,Non-Junction,None,,,         ,Dallas,Lowry,Clear,"Sideswipe, Same Direction",no,no,no,no,yes,False
101886908,METROPOLITAN NASHVILLE POLICE DEPT,20180043680,Davidson,Nashville,1/14/2018 12:45:00 PM,2,0,0,36.044470,-86.650980,HICKORY HOLLOW PKWY,,,,7.00,Feet,North,CROSSINGS BLVD,,,,0.00,N,Not at Intersection, ,,None,,,         ,Honorio,Canchola,,,no,no,no,no,no,False
101886910,METROPOLITAN NASHVILLE POLICE DEPT,2018-0043757,Davidson,Nashville,1/14/2018 1:57:00 PM,2,1,0,36.047290,-86.656270,BELL RD,,,,137.00,Feet,West,HICKORY HOLLOW PKWY,,,,0.00,N,Not at Intersection,N,Non-Junction,None,,,         ,Stanley,Collins,Clear,Front to Rear,no,no,no,no,no,False
101886911,METROPOLITAN NASHVILLE POLICE DEPT,20180043741,Davidson,Nashville,1/14/2018 1:42:00 PM,2,0,0,36.129720,-86.839550,VINE CT,,,,0.00,Feet,,HARDING PKE,,,,0.00,Y,OTHER,N,Non-Junction,None,,,         ,William,Loucks Jr.,Clear,Front to Rear,no,no,no,no,no,False
101886917,METROPOLITAN NASHVILLE POLICE DEPT,20180043721,Davidson,Antioch,1/14/2018 1:29:00 PM,2,2,0,36.038120,-86.601550,MURFREESBORO PKE,,,,500.00,Feet,South,OLD HICKORY BLVD,,,,0.00,N,Not at Intersection,N,Non-Junction,None,,,         ,Ryan,Howard,Clear,Front to Rear,no,no,no,no,no,False
101886940,METROPOLITAN NASHVILLE POLICE DEPT,20180043837,Davidson,Not in City Limit,1/14/2018 3:04:00 PM,2,0,0,36.076690,-87.018330,I40 E ENT RAMP,,,,0.00,,,I 40,,,,0.00,Y,Y-Intersection, ,Non-Junction,None,,,         ,Adam,Reese,Clear,Front to Rear,no,no,no,no,no,False
101886947,METROPOLITAN NASHVILLE POLICE DEPT,20180043929,Davidson,Nashville,1/14/2018 3:45:00 PM,1,0,0,36.144410,-86.647310,I 40,,,,0.00,,,,,,,217.25,N,Not at Intersection,N,Non-Junction,None,,,         ,Seth,Vaughn,Clear,Not Collision with Motor Vehicle in Transport,no,no,no,no,no,False
101886948,METROPOLITAN NASHVILLE POLICE DEPT,20180043956,Davidson,Nashville,1/14/2018 4:00:00 PM,2,0,0,36.106570,-86.794840,CALDWELL LN,,,,0.00,,,GRANNY WHITE PKE,,,,0.00,Y,Four-Way, ,Intersection-Related,None,,,         ,Ryan,Storm,Clear,Angle,no,no,no,no,no,False
101886950,METROPOLITAN NASHVILLE POLICE DEPT,20180043833,Davidson,Nashville,1/14/2018 2:15:00 PM,2,0,0,36.179730,-86.786370,TAYLOR ST,,,,0.00,,,2ND AVN,,,,0.00,Y,Four-Way,N,Intersection,None,,,         ,David,Snowden,Clear,Angle,no,no,no,no,no,False
101886957,METROPOLITAN NASHVILLE POLICE DEPT,20180043860,Davidson,Nashville,1/14/2018 3:00:00 PM,2,0,0,36.140590,-86.731880,I 40,,,,0.00,,,,,,,213.00,N,Not at Intersection,N,Non-Junction,None,,,         ,Brady,Reynolds,Clear,Front to Rear,no,no,no,no,no,False
101886959,METROPOLITAN NASHVILLE POLICE DEPT,20180043849,Davidson,Nashville,1/14/2018 3:11:00 PM,2,1,0,36.140110,-86.884150,6670 CHARLOTTE PK,,,,300.00,Feet,West,ANNEX AV,,,,0.00,N,Not at Intersection, ,Non-Junction,None,,,         ,Jeremy,Huffine,Clear,Rear to Rear,no,no,no,yes,no,False
101886971,METROPOLITAN NASHVILLE POLICE DEPT,20180043880,Davidson,Nashville,1/14/2018 12:00:00 AM,2,0,0,36.051510,-86.714360,NOLENSVILLE PKE,,,,0.00,,,OCALA DR,,,,0.00,Y,Four-Way,N,Intersection,None,,,         ,David,Robberson,Clear,Angle,no,no,no,no,no,False
101886991,METROPOLITAN NASHVILLE POLICE DEPT,20180044006,Davidson,Nashville,1/14/2018 4:20:00 PM,1,0,0,36.240030,-86.773010,MOOREWOOD DR,,,,85.00,Feet,North,BRILEY PKWYW,,,,0.00,N,Not at Intersection,N,Non-Junction,None,,,         ,Bradley,Fort,Cloudy,Not Collision with Motor Vehicle in Transport,no,no,no,no,no,False
101887032,METROPOLITAN NASHVILLE POLICE DEPT,20180044305,Davidson,Nashville,1/14/2018 6:50:00 PM,2,0,0,36.232980,-86.758680,DICKERSON PKE,,,,56.00,Feet,South,MAPLEWOOD TRC,,,,0.00,N,Not at Intersection, ,Non-Junction,None,,,         ,Christopher,Valdez,Clear,Angle,no,no,no,no,no,False
101887050,METROPOLITAN NASHVILLE POLICE DEPT,20180044178,Davidson,Nashville,1/14/2018 5:35:00 PM,2,0,0,36.202270,-86.737780,LITTON AV,,,,180.00,Feet,West,DAVIS AV,,,,0.00,N,Not at Intersection, ,Non-Junction,None,,,         ,Alexander,Georgeson,Clear,Angle,no,no,no,no,no,False
101887053,METROPOLITAN NASHVILLE POLICE DEPT,20180044349,Davidson,Nashville,1/14/2018 7:00:00 PM,2,0,0,36.084160,-86.705890,LINBAR DR,,,,0.00,,,HARDING PL,,,,0.00,Y,Four-Way,N,Intersection,None,,,         ,Devonte,Coleman,Clear,Angle,no,no,no,no,no,False
101887054,METROPOLITAN NASHVILLE POLICE DEPT,20180044318,Davidson,Nashville,1/14/2018 6:50:00 PM,1,0,0,36.105530,-86.628960,BELL RD,,,,650.00,Feet,South,NED SHELTON RD,,,,0.00,N,Not at Intersection,N,Non-Junction,None,,,         ,Brady,Reynolds,Clear,Not Collision with Motor Vehicle in Transport,no,no,no,no,no,False
101887072,METROPOLITAN NASHVILLE POLICE DEPT,20180044451,Davidson,Not in City Limit,1/14/2018 8:00:00 PM,1,1,0,36.274390,-86.859990,SIMPKINS RD,,,,318.00,Feet,South,BURGESS RD,,,,0.00,N,Not at Intersection,N,Non-Junction,None,,,         ,Sara,Lober,Clear,Not Collision with Motor Vehicle in Transport,no,no,no,no,no,False
101887080,METROPOLITAN NASHVILLE POLICE DEPT,20180044413,Davidson,Nashville,1/14/2018 7:00:00 PM,1,0,0,36.250600,-86.843640,DRY FORK RD,,,,542.00,Feet,West,CLARKSVILLE PKE,,,,0.00,N,Not at Intersection,N,Non-Junction,None,,,         ,Jerry,Pirtle,Cloudy,Not Collision with Motor Vehicle in Transport,no,no,no,no,yes,False
101887145,METROPOLITAN NASHVILLE POLICE DEPT,20180044530,Davidson,Nashville,1/14/2018 8:42:00 PM,2,1,0,36.089070,-86.649990,MURFREESBORO PKE,,,,0.00,Feet,,RANSOM PL,,,,0.00,Y,Four-Way,N,Intersection,None,,,         ,Marcus,Darden,Clear,Angle,no,no,no,no,no,False
101887159,METROPOLITAN NASHVILLE POLICE DEPT,20180044611,Davidson,Nashville,1/14/2018 9:25:00 PM,2,0,0,36.164920,-86.779740,4TH AVN,,,,54.00,Feet,South,UNION ST,,,,0.00,N,Not at Intersection, ,Non-Junction,None,,,         ,Roy,Sain Jr.,Clear,Front to Rear,no,no,no,no,no,False
101887161,METROPOLITAN NASHVILLE POLICE DEPT,20180044333,Davidson,Nashville,1/14/2018 6:52:00 PM,2,1,0,36.136160,-86.788740,WEDGEWOOD AV,,,,0.00,Feet,,12TH AVS,,,,0.00,Y,Four-Way,N,Intersection-Related,None,,,         ,Gary,Peters,Clear,Front to Rear,no,no,no,no,yes,False
101887178,METROPOLITAN NASHVILLE POLICE DEPT,20180044609,Davidson,Nashville,1/14/2018 9:23:00 PM,2,0,0,36.068880,-86.734310,DURRETT DR,,,,0.00,,,BONERWOOD DR,,,,0.00,Y,T-Intersection,N,"Driveway, Alley Access, etc",None,,,         ,FELIKS,ABRAHAMYAN,Clear,HeadOn,no,no,no,yes,no,False
101887180,METROPOLITAN NASHVILLE POLICE DEPT,20180044706,Davidson,Nashville,1/14/2018 9:02:00 PM,2,0,0,36.126840,-86.710480,THOMPSON PL,,,,187.00,Feet,East,MURFREESBORO PKE,,,,0.00,N,Not at Intersection,N,Non-Junction,None,,,         ,Dontaveous,Eubanks,Clear,Angle,no,no,no,no,yes,False
101887211,METROPOLITAN NASHVILLE POLICE DEPT,20180044844,Davidson,Nashville,1/14/2018 10:00:00 PM,1,0,0,36.143300,-86.814660,WEST END AV,,,,95.00,Feet,South,30TH AVS,,,,0.00,N,Not at Intersection,N,Non-Junction,None,,,         ,Conor,Cronin,Clear,Not Collision with Motor Vehicle in Transport,no,no,no,no,no,Campus
101887212,METROPOLITAN NASHVILLE POLICE DEPT,20180044871,Davidson,Not in City Limit,1/14/2018 12:00:00 AM,2,0,0,36.283570,-86.714570,CONNARE DR,,,,400.00,Feet,West,APPLE VALLEY RD,,,,0.00,N,Not at Intersection,N,Non-Junction,None,,,         ,Goran,Manojlovic,Unknown,Front to Rear,no,no,no,no,yes,False
101887216,METROPOLITAN NASHVILLE POLICE DEPT,20180044839,Davidson,Nashville,1/14/2018 12:00:00 AM,1,0,0,36.223230,-86.805890,LANE DR,,,,0.00,,,WHITES CREEK PKE,,,,0.00,Y,T-Intersection,N,Unknown,None,,,         ,Jacob,Dick,Unknown,Unknown,no,no,no,no,yes,False
101887225,METROPOLITAN NASHVILLE POLICE DEPT,20180044835,Davidson,Nashville,1/14/2018 11:10:00 PM,2,0,0,36.049950,-86.649460,MT VIEW RD,,,,0.00,,,BELL RD,,,,0.00,Y,Four-Way,N,Intersection-Related,None,,,         ,David,Smith,Clear,Front to Rear,no,no,no,no,yes,False
101887227,METROPOLITAN NASHVILLE POLICE DEPT,20180045187,Davidson,Nashville,1/15/2018 12:00:00 AM,2,0,0,36.160400,-86.776800,4TH AVS,,,,189.00,Feet,North,SYMPHONY PL,,,,0.00,N,Not at Intersection, ,Non-Junction,None,,,         ,Billy,Price,Clear,"Sideswipe, Same Direction",no,no,no,yes,yes,False
101887257,METROPOLITAN NASHVILLE POLICE DEPT,20180045391,Davidson,Nashville,1/15/2018 2:55:00 AM,1,0,0,36.208380,-86.857550,DRAKES BRANCH RD,,,,173.00,Feet,South,ENCHANTED CIR,,,,0.00,N,Not at Intersection,N,Non-Junction,None,,,         ,Charles,Duke,Clear,Not Collision with Motor Vehicle in Transport,no,no,no,no,no,False
101887270,METROPOLITAN NASHVILLE POLICE DEPT,20180045654,Davidson,Nashville,1/15/2018 5:12:00 AM,2,0,0,36.142200,-86.666600,DONELSON PKE,,,,0.00,,,I 40,,,,0.00,Y,OTHER, ,Intersection,None,,,         ,Joseph,Zambardi,Clear,Front to Rear,no,no,no,no,no,False
101887287,METROPOLITAN NASHVILLE POLICE DEPT,20180045815,Davidson,Nashville,1/15/2018 6:20:00 AM,1,1,0,36.167210,-86.608400,I40 E EXT RAMP,,,,0.00,Feet,East,I 40,,,,0.00,N,Not at Intersection,N,Entrance/Exit Ramp Related,None,,,         ,Patrick,Lancaster,Clear,Not Collision with Motor Vehicle in Transport,no,no,no,no,no,False
101887306,METROPOLITAN NASHVILLE POLICE DEPT,2018-0038840,Davidson,Nashville,1/12/2018 1:37:00 PM,2,1,0,36.162170,-86.785280,9TH AVN,,,,400.00,Feet,North,CHURCH ST,,,,0.00,N,Not at Intersection,N,Non-Junction,None,,,         ,Michael,Schlegel,Sleet/Hail,HeadOn,no,no,no,no,no,False
101887311,METROPOLITAN NASHVILLE POLICE DEPT,20180045842,Davidson,Nashville,1/15/2018 6:08:00 AM,2,0,0,36.151340,-86.768340,I40 E ENT RAMP,,,,0.00,,,I 40,,,,0.00,Y,OTHER, ,Intersection,None,,,         ,Michael,Dance,Clear,Angle,no,no,no,no,no,False
101887316,METROPOLITAN NASHVILLE POLICE DEPT,20180045968,Davidson,Nashville,1/15/2018 7:57:00 AM,1,0,0,36.120560,-86.630740,BELL RD,,,,508.00,Feet,West,WOODLAND POINTE DR,,,,0.00,N,Not at Intersection,N,Non-Junction,None,,,         ,Darren,White,Clear,Not Collision with Motor Vehicle in Transport,no,no,no,no,no,False
101887367,METROPOLITAN NASHVILLE POLICE DEPT,20180046111,Davidson,Nashville,1/15/2018 8:43:00 AM,1,0,0,36.143510,-86.700050,I40 E EXT RAMP,,,,0.00,,,I 40,,,,0.00,Y,OTHER,N,Entrance/Exit Ramp Related,None,,,         ,James,Curtis,Clear,Not Collision with Motor Vehicle in Transport,no,no,no,no,no,False
101887369,METROPOLITAN NASHVILLE POLICE DEPT,2018-0046056,Davidson,Nashville,1/15/2018 8:06:00 AM,1,0,0,36.034600,-86.694380,OLD HICKORY BLVD,,,,1142.00,Feet,South,PRATT PROPERTY PVTDR,,,,0.00,N,Not at Intersection,N,Non-Junction,None,,,         ,William,Whitworth,Clear,Not Collision with Motor Vehicle in Transport,no,no,no,no,no,False
101887433,METROPOLITAN NASHVILLE POLICE DEPT,20180046250,Davidson,Nashville,1/15/2018 9:30:00 AM,2,0,0,36.059400,-86.599650,MT VIEW RD,,,,0.00,,,HAMILTON CHURCH RD,,,,0.00,Y,Four-Way, ,Intersection-Related,None,,,         ,Troy,Loewen,Clear,Front to Rear,no,no,no,no,yes,False
101887441,METROPOLITAN NASHVILLE POLICE DEPT,20180046396,Davidson,Nashville,1/15/2018 10:35:00 AM,1,0,0,36.089430,-86.619900,SMITH SPRINGS RD,,,,665.00,Feet,East,RURAL HILL RD,,,,0.00,N,Not at Intersection,N,Non-Junction,None,,,         ,James,Curtis,Cloudy,Not Collision with Motor Vehicle in Transport,no,no,no,no,no,False
101887448,METROPOLITAN NASHVILLE POLICE DEPT,20180046497,Davidson,Nashville,1/15/2018 11:00:00 AM,2,0,0,36.106980,-86.922300,OLD HICKORY BLVD,,,,210.00,Feet,North,TOLBERT RD,,,,0.00,N,Not at Intersection, ,Non-Junction,None,,,         ,Curtis,Rich,Cloudy,Front to Rear,no,no,no,no,yes,False
101887486,METROPOLITAN NASHVILLE POLICE DEPT,20180046629,Davidson,Nashville,1/15/2018 12:15:00 PM,2,0,0,36.187950,-86.607770,ANDREW JACKSON PKWY,,,,0.00,,,OLD LEBANON DIRT RD,,,,0.00,Y,Four-Way, ,,None,,,         ,Steven,Folliard,,,no,no,no,no,no,False
101887553,METROPOLITAN NASHVILLE POLICE DEPT,20180046683,Davidson,Nashville,1/15/2018 12:00:00 AM,1,0,0,36.123810,-86.732180,GARWOOD DR,,,,473.00,Feet,East,STIRTON RD,,,,0.00,N,Not at Intersection, ,,None,,,         ,Jared,Eaves,,,no,no,no,yes,no,False
101887589,METROPOLITAN NASHVILLE POLICE DEPT,20180046615,Davidson,Nashville,1/15/2018 12:06:00 PM,2,1,0,36.175660,-86.757990,MAIN ST,,,,136.00,Feet,West,NEILL AV,,,,0.00,N,Not at Intersection,N,Non-Junction,None,,,         ,Michael,Agee,Cloudy,Not Collision with Motor Vehicle in Transport,no,no,no,yes,no,False
101887607,METROPOLITAN NASHVILLE POLICE DEPT,20180046464,Davidson,Antioch,1/15/2018 11:00:00 AM,2,0,0,36.034760,-86.586590,HICKORY VISTA DR,,,,53.00,Feet,East,ROUND ROCK DR,,,,0.00,N,Not at Intersection,N,Non-Junction,None,,,         ,Jessie,Meadows,Clear,Angle,no,no,no,no,no,False
101887608,METROPOLITAN NASHVILLE POLICE DEPT,20180046577,Davidson,Nashville,1/15/2018 12:30:00 PM,2,0,0,36.116770,-86.725600,I 24,,,,0.00,,,,,,,53.15,N,Not at Intersection, ,Non-Junction,None,,,         ,Jessie,Meadows,Clear,"Sideswipe, Same Direction",no,no,no,no,no,False
101887613,METROPOLITAN NASHVILLE POLICE DEPT,20180045992,Davidson,Nashville,1/15/2018 8:05:00 AM,2,0,0,36.142590,-86.815500,WEST END AV,,,,0.00,,,31ST AVN,,,,0.00,Y,Four-Way, ,Intersection,None,,,         ,Phillip,Murphy,Clear,"Sideswipe, Opposite Direction",no,no,no,no,no,Campus
101887614,METROPOLITAN NASHVILLE POLICE DEPT,20180046793,Davidson,Not in City Limit,1/15/2018 1:20:00 PM,2,0,0,36.263070,-86.711920,STATE RT 45,,,,0.00,,,GALLATIN PKEN,,,,0.00,Y,Four-Way, ,Intersection,None,,,         ,Brian,Otto,Cloudy,Angle,no,no,no,no,no,False
101887635,METROPOLITAN NASHVILLE POLICE DEPT,20180046675,Davidson,Nashville,1/15/2018 12:00:00 AM,1,0,0,36.244560,-86.792670,BRICK CHURCH LN,,,,1812.00,Feet,West,TRAIL HOLLOW LN,,,,0.00,N,Not at Intersection,N,Non-Junction,None,,,         ,Jeanine,Sarno,Unknown,Not Collision with Motor Vehicle in Transport,no,no,no,no,yes,False
101887636,METROPOLITAN NASHVILLE POLICE DEPT,20180046844,Davidson,Nashville,1/15/2018 12:00:00 AM,1,0,0,36.244560,-86.792670,BRICK CHURCH LN,,,,1812.00,Feet,West,TRAIL HOLLOW LN,,,,0.00,N,Not at Intersection,N,Non-Junction,None,,,         ,Jeanine,Sarno,Unknown,Not Collision with Motor Vehicle in Transport,no,no,no,no,yes,False
101887646,METROPOLITAN NASHVILLE POLICE DEPT,20180046757,Davidson,Nashville,1/15/2018 1:30:00 AM,2,0,0,36.173370,-86.770040,I 24,,,,0.00,,,,,,,48.20,N,Not at Intersection, ,,None,,,         ,Daryl,Howard,,,no,no,no,no,no,False
101887649,METROPOLITAN NASHVILLE POLICE DEPT,20180046784,Davidson,Nashville,1/15/2018 1:20:00 PM,2,0,0,36.081250,-86.686900,ANTIOCH PKE,,,,20.00,Feet,West,ANTIOCH CT,,,,0.00,N,Not at Intersection, ,Non-Junction,None,,,         ,Jessie,Meadows,Clear,Other,no,no,no,no,no,False
101887697,METROPOLITAN NASHVILLE POLICE DEPT,20180046684,Davidson,Nashville,1/15/2018 12:33:00 PM,2,0,0,36.050400,-86.648080,BELL RD,,,,367.00,Feet,West,HICKORY HOLLOW TER,,,,0.00,N,Not at Intersection, ,Non-Junction,None,,,         ,Roderic,Williams,Clear,Front to Rear,no,no,no,no,no,False
101887699,METROPOLITAN NASHVILLE POLICE DEPT,20180046885,Davidson,Nashville,1/15/2018 1:00:00 PM,2,1,0,36.168170,-86.799540,14TH AVN,,,,0.00,,,JACKSON ST,,,,0.00,Y,Four-Way, ,Non-Junction,None,,,         ,Isaac,Wood,Cloudy,Angle,no,no,no,no,no,False
101887708,METROPOLITAN NASHVILLE POLICE DEPT,20180046848,Davidson,Nashville,1/15/2018 1:35:00 PM,2,0,0,36.064790,-86.628480,HAMILTON CHURCH RD,,,,0.00,Feet,,MURFREESBORO PKE,,,,0.00,Y,Four-Way, ,Non-Junction,None,,,         ,Brandon,Evans,Clear,Front to Rear,no,no,no,no,no,False
101887727,METROPOLITAN NASHVILLE POLICE DEPT,20180046958,Davidson,Nashville,1/15/2018 2:47:00 PM,2,0,0,36.239740,-86.772140,BRILEY PKWYW,,,,300.00,Feet,East,MOOREWOOD DR,,,,0.00,N,Not at Intersection,N,Non-Junction,None,,,         ,Christopher,Littles,Cloudy,"Sideswipe, Same Direction",no,no,no,no,yes,False
101887741,METROPOLITAN NASHVILLE POLICE DEPT,20180047033,Davidson,Nashville,1/15/2018 2:30:00 PM,2,0,0,36.151430,-86.692000,BRILEY PKWY S EXT RAMP,,,,0.00,,,ELM HILL PKE EB EXT RAMP,,,,0.00,Y,T-Intersection, ,,None,,,         ,Jonathan,Cavezza,,,no,no,no,no,no,False
101887742,METROPOLITAN NASHVILLE POLICE DEPT,2018-0047063,Davidson,Nashville,1/15/2018 3:29:00 PM,2,0,0,36.127570,-86.843880,WOODLAWN DR,,,,0.00,,,HARDING PKE,,,,0.00,Y,Four-Way, ,Intersection-Related,None,,,         ,Ryan,Allen,Clear,Front to Rear,no,no,no,no,no,False
101887748,METROPOLITAN NASHVILLE POLICE DEPT,20180047032,Davidson,Nashville,1/15/2018 3:13:00 PM,2,0,0,36.154310,-86.776290,6TH AVS,,,,244.00,Feet,South,PEABODY ST,,,,0.00,N,Not at Intersection, ,Non-Junction,None,,,         ,Jason,King,Cloudy,"Sideswipe, Same Direction",no,no,no,no,no,False
101887775,METROPOLITAN NASHVILLE POLICE DEPT,20180047136,Davidson,Nashville,1/15/2018 2:11:00 PM,2,0,0,36.090290,-86.703530,I 24,,,,0.00,,,,,,,55.35,N,Not at Intersection,N,Non-Junction,None,,,         ,William,Durham,Cloudy,"Sideswipe, Same Direction",no,no,no,no,yes,False
101887781,METROPOLITAN NASHVILLE POLICE DEPT,20180047234,Davidson,Nashville,1/15/2018 12:00:00 AM,2,0,0,36.066420,-86.632350,MORRIS GENTRY BLVD,,,,497.00,Feet,South,MURFREESBORO PKE,,,,0.00,N,Not at Intersection,N,Non-Junction,None,,,         ,Deandera,Payne,Clear,"Sideswipe, Same Direction",no,no,no,no,yes,False
101887782,METROPOLITAN NASHVILLE POLICE DEPT,2018-0047265,Davidson,Nashville,1/15/2018 4:24:00 PM,2,0,0,36.076270,-86.838970,HILLSBORO PKE,,,,1086.00,Feet,South,TYNE BLVD,,,,0.00,N,Not at Intersection, ,Non-Junction,None,,,         ,Ryan,Allen,Clear,Front to Rear,no,no,no,no,no,False
101887797,METROPOLITAN NASHVILLE POLICE DEPT,2018-0047096,Davidson,Nashville,1/15/2018 3:38:00 PM,2,0,0,36.173840,-86.602660,CENTRAL PKE,,,,174.00,Feet,West,OLD HICKORY BLVD,,,,0.00,N,Not at Intersection,N,Non-Junction,None,,,         ,Sandra,Talavera,Cloudy,Angle,no,no,no,no,yes,False
101887798,Nashville Airport Police,2018-00171,Davidson,Nashville,1/12/2018 2:40:00 PM,1,2,0,36.141910,-86.673880,I40 W ENT RAMP,,,,0.00,,,I 40,,,,0.00,Y,OTHER,N,Entrance/Exit Ramp Related,None,,,         ,Bradley,Kessler,Snow,Not Collision with Motor Vehicle in Transport,no,no,no,no,no,False
101887799,VANDERBILT UNIVERSITY POLICE,18-0046964,Davidson,Nashville,1/15/2018 2:52:00 PM,3,1,0,36.144100,-86.799850,21ST AVS,,,,0.00,,,EDGEHILL AV,,,,0.00,Y,Four-Way,N,Intersection-Related,None,,,         ,William,West,Clear,Front to Rear,no,no,no,no,no,Campus