master_record_number,agency,agency_tracking_number,county,city,collision_date,vehicles_involved,number_injured,number_dead,latitude,longitude,roadway_name,roadway_suffix,roadway_number,roadway_local_id,distance_from_reference,miles-feet_indicator,direction_from_reference,intersection_road_name,intersection_road_name_suffix,intersection_road_number,intersection_local_id,mile_marker,intersection_indicator,intersect_type,interchange_related_indicator,relation_to_junction,work_zone_type,construction_maintenance_zone,construction_maintenance_zone_location,fatal_case_number,officer_first_name,officer_last_name,weather_condition(s),manner_of_crash,pedestrian,bicycle,scooter,parking,hitrun,mou
101887803,METROPOLITAN NASHVILLE POLICE DEPT,20180047354,Davidson,Nashville,1/15/2018 4:44:00 PM,2,0,0,36.145850,-86.764470,CHESTNUT ST,,,,81.00,Feet,East,2ND AVS,,,,0.00,N,Not at Intersection, ,,None,,,         ,John,Joyce,,,no,no,no,no,no,False
101887805,METROPOLITAN NASHVILLE POLICE DEPT,20180047257,Davidson,Nashville,1/15/2018 4:31:00 PM,2,2,0,36.149590,-86.772850,I40 E EXT RAMP,,,,0.00,Feet,East,I 40,,,,0.00,N,Not at Intersection,Y,Entrance/Exit Ramp Related,None,,,         ,FELIKS,ABRAHAMYAN,Clear,Angle,no,no,no,no,no,False
101887806,METROPOLITAN NASHVILLE POLICE DEPT,20180047292,Davidson,Nashville,1/15/2018 4:27:00 PM,2,0,0,36.065710,-86.685530,I 24,,,,0.00,,,,,,,57.35,N,Not at Intersection,N,Non-Junction,None,,,         ,Marcus,Darden,Clear,Front to Rear,no,no,no,no,yes,False
101887815,BERRY HILL POLICE DEPT,18-0152,Davidson,Berry Hill,1/15/2018 12:00:00 AM,2,0,0,36.112330,-86.767020,THOMPSON LN,,,,0.00,,,BRANSFORD AV,,,,0.00,Y,Four-Way, ,,None,,,         ,John,Gleixner,,,no,no,no,no,no,False
101887817,METROPOLITAN NASHVILLE POLICE DEPT,20180047282,Davidson,Nashville,1/15/2018 4:39:00 PM,3,1,0,36.064430,-86.628080,MURFREESBORO PKE,,,,177.00,Feet,South,HAMILTON CHURCH RD,,,,0.00,N,Not at Intersection,N,Non-Junction,None,,,         ,Devonte,Coleman,Clear,Angle,no,no,no,no,yes,False
101887818,METROPOLITAN NASHVILLE POLICE DEPT,20180047256,Davidson,Nashville,1/15/2018 4:29:00 PM,2,0,0,36.097120,-86.709070,I 24,,,,0.00,,,,,,,54.80,N,Not at Intersection,N,Non-Junction,None,,,         ,Ciarra,Rench,Clear,Front to Rear,no,no,no,no,no,False
101887824,METROPOLITAN NASHVILLE POLICE DEPT,20180047258,Davidson,Nashville,1/15/2018 3:14:00 PM,2,0,0,36.180070,-86.811040,BUCHANAN ST,,,,0.00,Feet,,DR D B TODD JR BLVD,,,,0.00,Y,Four-Way,Y,Intersection,None,,,         ,Amery,Milligan,Clear,Angle,no,no,no,no,yes,False
101887828,METROPOLITAN NASHVILLE POLICE DEPT,20180047379,Davidson,Nashville,1/15/2018 5:00:00 PM,2,0,0,36.140940,-86.816870,33RD AVS,,,,108.00,Feet,South,WEST END AV,,,,0.00,N,Not at Intersection, ,Non-Junction,None,,,         ,Jacob,Paul,Clear,"Sideswipe, Same Direction",no,no,no,no,no,False
101887854,METROPOLITAN NASHVILLE POLICE DEPT,20180047135,Davidson,Nashville,1/15/2018 3:58:00 PM,2,0,0,36.110880,-86.767180,POWELL AV,,,,22.00,Feet,South,OLD POWELL AV,,,,0.00,N,Not at Intersection, ,Non-Junction,None,,,         ,Jacob,Paul,Clear,"Sideswipe, Same Direction",no,no,no,no,no,False
101887858,METROPOLITAN NASHVILLE POLICE DEPT,20180046996,Davidson,Nashville,1/15/2018 3:08:00 PM,4,1,0,36.086460,-86.698690,I24 W EXT RAMP,,,,0.00,,,I 24,,,,0.00,Y,OTHER,N,Non-Junction,None,,,         ,Aimee,Ortiz,Cloudy,Front to Rear,no,no,no,no,no,False
101887869,METROPOLITAN NASHVILLE POLICE DEPT,20180047502,Davidson,Nashville,1/15/2018 6:00:00 PM,3,0,0,36.100270,-86.711610,I 24,,,,0.00,,,,,,,54.55,N,Not at Intersection, ,Non-Junction,None,,,         ,Eric,Keller,Clear,Front to Rear,no,no,no,no,no,False
101887873,METROPOLITAN NASHVILLE POLICE DEPT,20180047452,Davidson,Nashville,1/15/2018 5:25:00 PM,2,0,0,36.186260,-86.633380,LEBANON PKE,,,,266.00,Feet,East,STONES RIVER GRNWY,,,,0.00,N,Not at Intersection,N,Non-Junction,None,,,         ,Marvis,Malone,Clear,Front to Rear,no,no,no,no,no,False
101887878,METROPOLITAN NASHVILLE POLICE DEPT,20180047397,Davidson,Not in City Limit,1/15/2018 5:16:00 PM,2,1,0,36.304930,-86.884430,CLARKSVILLE PKE,,,,1267.00,Feet,North,EATONS CREEK RD,,,,0.00,N,Not at Intersection,N,Non-Junction,None,,,         ,Janelle,Keslar,Clear,Front to Rear,no,no,no,no,no,False
101887879,METROPOLITAN NASHVILLE POLICE DEPT,20180047592,Davidson,Goodlettsville,1/15/2018 6:37:00 PM,2,0,0,36.305910,-86.693820,RIVERGATE MALL PVTDR,,,,0.00,,,CONFERENCE DR,,,,0.00,Y,T-Intersection,N,Intersection,None,,,         ,Christopher,Littles,Cloudy,Front to Rear,no,no,no,no,yes,False
101887888,METROPOLITAN NASHVILLE POLICE DEPT,20180047519,Davidson,Nashville,1/15/2018 12:00:00 AM,2,1,0,36.167360,-86.765260,I 24,,,,0.00,,,,,,,48.90,N,Not at Intersection,N,Non-Junction,None,,,         ,Gordon,Stovall,Clear,Front to Rear,no,no,no,no,yes,False
101887889,METROPOLITAN NASHVILLE POLICE DEPT,20180047570,Davidson,Nashville,1/15/2018 5:40:00 PM,2,0,0,36.086430,-86.698670,I24 W EXT RAMP,,,,0.00,,,I 24,,,,0.00,Y,T-Intersection, ,Non-Junction,None,,,         ,Eric,Keller,Clear,"Sideswipe, Same Direction",no,no,no,no,no,False
101887899,METROPOLITAN NASHVILLE POLICE DEPT,2018-0047672,Davidson,Nashville,1/15/2018 7:07:00 PM,2,0,0,36.139070,-86.880560,HILLWOOD BLVD,,,,0.00,,,CHARLOTTE PKE,,,,0.00,Y,Four-Way, ,Intersection-Related,None,,,         ,Ryan,Allen,Clear,Front to Rear,no,no,no,no,no,False
101887905,METROPOLITAN NASHVILLE POLICE DEPT,20180047622,Davidson,Nashville,1/15/2018 6:13:00 PM,2,2,0,36.206850,-86.605630,HIGHLAND VIEW DR,,,,0.00,,,ANDREW JACKSON PKWY,,,,0.00,Y,Four-Way, ,Intersection,None,,,         ,Codey,Mullins,Cloudy,Front to Rear,no,no,no,no,no,False
101887906,METROPOLITAN NASHVILLE POLICE DEPT,20180047720,Davidson,Not in City Limit,1/15/2018 7:30:00 PM,2,0,0,36.262620,-86.684380,E OLD HICKORY BLVD,,,,0.00,,,LARKIN SPRINGS RD,,,,0.00,Y,Four-Way, ,Intersection,None,,,         ,Christopher,Littles,Cloudy,Angle,no,no,no,no,no,False
101887927,METROPOLITAN NASHVILLE POLICE DEPT,20180047657,Davidson,Nashville,1/15/2018 5:50:00 PM,2,0,0,36.142830,-86.683140,I 40,,,,0.00,,,,,,,215.70,N,Not at Intersection,N,Non-Junction,None,,,         ,Allyson,Reis,Clear,"Sideswipe, Same Direction",no,no,no,no,yes,False
101887933,METROPOLITAN NASHVILLE POLICE DEPT,20180047665,Davidson,Nashville,1/15/2018 7:08:00 PM,2,3,0,36.192710,-86.744370,DOUGLAS AV,,,,0.00,,,GALLATIN AV,,,,0.00,Y,Four-Way,N,Intersection,None,,,         ,Christopher,Valdez,Clear,Angle,no,no,no,no,no,False
101887939,METROPOLITAN NASHVILLE POLICE DEPT,20180047683,Davidson,Nashville,1/15/2018 6:25:00 PM,2,0,0,36.103490,-86.666930,MURFREESBORO PKE,,,,141.00,Feet,West,OLD MURFREESBORO PKE,,,,0.00,N,Not at Intersection, ,Non-Junction,None,,,         ,Eric,Keller,Clear,Front to Rear,no,no,no,no,no,False
101887965,METROPOLITAN NASHVILLE POLICE DEPT,20180047812,Davidson,Nashville,1/15/2018 8:03:00 PM,2,1,0,36.053690,-86.672810,BLUE HOLE RD,,,,17.00,Feet,North,BLUE HOLE RD PVTDR,,,,0.00,N,Not at Intersection,N,Non-Junction,None,,,         ,Eric,Keller,Clear,"Sideswipe, Same Direction",no,no,no,no,no,False
101887966,METROPOLITAN NASHVILLE POLICE DEPT,20180047710,Davidson,Nashville,1/15/2018 12:00:00 AM,2,0,0,36.222800,-86.587910,WHITTIER DR,,,,1132.00,Feet,North,BIG HORN DR,,,,0.00,N,Not at Intersection,N,Non-Junction,None,,,         ,Codey,Mullins,Unknown,Unknown,no,no,no,no,yes,False
101887979,METROPOLITAN NASHVILLE POLICE DEPT,20180047995,Davidson,Nashville,1/15/2018 8:30:00 PM,2,1,0,36.106210,-86.673060,MURFREESBORO PKE,,,,0.00,,,DONELSON PKE,,,,0.00,Y,Four-Way,N,Non-Junction,None,,,         ,Eric,Keller,Clear,"Sideswipe, Same Direction",no,no,no,no,yes,False
101888011,METROPOLITAN NASHVILLE POLICE DEPT,20180047914,Davidson,Nashville,1/15/2018 8:03:00 PM,1,0,0,36.146620,-86.643730,I 40,,,,0.00,,,,,,,218.00,N,Not at Intersection,N,Non-Junction,None,,,         ,Kimberly,Annson,Clear,Not Collision with Motor Vehicle in Transport,no,no,no,no,no,False
101888024,METROPOLITAN NASHVILLE POLICE DEPT,20180047816,Davidson,Antioch,1/15/2018 8:00:00 PM,3,1,0,35.994960,-86.624360,BURKITT RD,,,,0.00,,,BATTLE RD,,,,0.00,Y,T-Intersection,N,Intersection,None,,,         ,Candice,Soper,Clear,Front to Rear,no,no,no,no,no,False
101888044,METROPOLITAN NASHVILLE POLICE DEPT,20180047607,Davidson,Antioch,1/15/2018 6:40:00 PM,2,2,0,36.061660,-86.594230,WINDCREST TRL,,,,0.00,,,HOBSON PKE,,,,0.00,Y,T-Intersection,N,Intersection,None,,,         ,Hillary,Sherman,Clear,Angle,no,no,no,no,no,False
101888046,METROPOLITAN NASHVILLE POLICE DEPT,20180047704,Davidson,Nashville,1/15/2018 6:20:00 PM,4,0,0,36.191250,-86.614590,HERMITAGE MARKETPLACE PVTDR,,,,0.00,,,,,,,0.00,,,N,Non-Junction,None,,,         ,Carey,Steel,Clear,"Sideswipe, Opposite Direction",no,no,no,yes,yes,False
101888057,METROPOLITAN NASHVILLE POLICE DEPT,20180048104,Davidson,Nashville,1/15/2018 10:21:00 PM,2,0,0,36.226910,-86.772980,I65 N ENT RAMP,,,,0.00,Feet,East,I 65,,,,0.00,N,Not at Intersection, ,,None,,,         ,Ethan,Usherwood,,,no,no,no,no,no,False
101888058,METROPOLITAN NASHVILLE POLICE DEPT,20180047943,Davidson,Antioch,1/15/2018 9:07:00 PM,3,1,0,36.047840,-86.612050,MURFREESBORO PKE,,,,1284.00,Feet,North,MOUNTAIN SPRINGS RD,,,,0.00,N,Not at Intersection,N,Non-Junction,None,,,         ,William,Durham,Cloudy,"Sideswipe, Same Direction",no,no,no,no,no,False
101888102,METROPOLITAN NASHVILLE POLICE DEPT,20180048585,Davidson,Nashville,1/16/2018 1:40:00 AM,1,0,0,36.215140,-86.601080,LEBANON PKE,,,,459.00,Feet,North,ANDREW JACKSON PKWY,,,,0.00,N,Not at Intersection,N,Non-Junction,None,,,         ,Leonard,Spadavecchia,Snow,Not Collision with Motor Vehicle in Transport,no,no,no,yes,no,False
101888107,METROPOLITAN NASHVILLE POLICE DEPT,20180048610,Davidson,Nashville,1/16/2018 2:16:00 AM,2,0,0,36.234240,-86.702830,BRILEY PKWYE,,,,946.00,Feet,West,BRILEY PKWYW,,,,0.00,N,Not at Intersection,N,Non-Junction,None,,,         ,Curtis,Fisher,Snow,"Sideswipe, Same Direction",no,no,no,no,no,False
101888110,METROPOLITAN NASHVILLE POLICE DEPT,20180048926,Davidson,Nashville,1/16/2018 12:00:00 AM,1,0,0,36.146050,-86.776980,I40 E ENT RAMP,,,,0.00,,,I 65,,,,0.00,Y,Y-Intersection,Y,Entrance/Exit Ramp Related,None,,,         ,Steven,Wiser,Snow,Not Collision with Motor Vehicle in Transport,no,no,no,no,yes,False
101888141,METROPOLITAN NASHVILLE POLICE DEPT,20180049138,Davidson,Nashville,1/16/2018 5:42:00 AM,1,1,0,36.145540,-86.696410,I40 W ENT RAMP,,,,0.00,Feet,East,I40 W EXT RAMP,,,,0.00,N,Not at Intersection,Y,Entrance/Exit Ramp Related,None,,,         ,Michael,Dance,Snow,Not Collision with Motor Vehicle in Transport,no,no,no,no,no,False
101888145,METROPOLITAN NASHVILLE POLICE DEPT,20180049162,Davidson,Nashville,1/16/2018 5:45:00 AM,2,0,0,36.075560,-86.767910,I 65,,,,0.00,,,,,,,77.35,N,Not at Intersection, ,Non-Junction,None,,,         ,John,Tyree,Blowing Snow,"Sideswipe, Same Direction",no,no,no,no,no,False
101888155,METROPOLITAN NASHVILLE POLICE DEPT,20180049241,Davidson,Nashville,1/16/2018 6:15:00 AM,2,0,0,36.180120,-86.796040,ROSA L PARKS BLVD,,,,194.00,Feet,South,GARFIELD ST,,,,0.00,N,Not at Intersection, ,Non-Junction,None,,,         ,Brian,Mclarty,Snow,"Sideswipe, Same Direction",no,no,no,no,no,False
101888162,METROPOLITAN NASHVILLE POLICE DEPT,20180049280,Davidson,Nashville,1/16/2018 6:30:00 AM,1,0,0,36.068120,-86.688310,I 24,,,,0.00,,,,,,,57.10,N,Not at Intersection, ,Non-Junction,None,,,         ,Brandon,Evans,Snow,Not Collision with Motor Vehicle in Transport,no,no,no,no,no,False
101888171,METROPOLITAN NASHVILLE POLICE DEPT,20180049267,Davidson,Nashville,1/16/2018 6:25:00 AM,1,0,0,36.050140,-86.648960,BELL RD,,,,169.00,Feet,East,MT VIEW RD,,,,0.00,N,Not at Intersection,N,Non-Junction,None,,,         ,Gerald,Gomes,Snow,Not Collision with Motor Vehicle in Transport,no,no,no,no,no,False
101888173,METROPOLITAN NASHVILLE POLICE DEPT,20180049276,Davidson,Nashville,1/16/2018 6:48:00 AM,1,0,0,36.086310,-86.701230,I24 E EXT RAMP,,,,0.00,,,I 24,,,,0.00,Y,OTHER,Y,Entrance/Exit Ramp Related,None,,,         ,Stephen,Soule,Snow,Not Collision with Motor Vehicle in Transport,no,no,no,no,no,False
101888177,METROPOLITAN NASHVILLE POLICE DEPT,2018-0049317,Davidson,Nashville,1/16/2018 6:35:00 AM,1,0,0,36.255940,-86.701210,LANIER DR,,,,50.00,Feet,North,BLACKSTONE AV,,,,0.00,N,Not at Intersection,N,Non-Junction,None,,,         ,John,Pryor,Snow,Not Collision with Motor Vehicle in Transport,no,no,no,no,yes,False
101888179,METROPOLITAN NASHVILLE POLICE DEPT,20180049327,Davidson,Nashville,1/16/2018 6:45:00 AM,2,0,0,36.085560,-86.701430,HARDING PL,,,,0.00,,,I 24,,,,0.00,Y,Four-Way, ,Intersection,None,,,         ,Charles,Coe,Snow,Front to Rear,no,no,no,no,no,False
101888184,METROPOLITAN NASHVILLE POLICE DEPT,2018-0049393,Davidson,Nashville,1/16/2018 7:13:00 AM,1,0,0,36.071570,-86.685330,HAYSTACK LN,,,,382.00,Feet,East,BAKERTOWN RD,,,,0.00,N,Not at Intersection, ,Non-Junction,None,,,         ,Stanley,Collins,Blowing Snow,Not Collision with Motor Vehicle in Transport,no,no,no,no,no,False
101888189,METROPOLITAN NASHVILLE POLICE DEPT,20180049371,Davidson,Nashville,1/16/2018 7:05:00 AM,2,0,0,36.121740,-86.750580,NOLENSVILLE PKE,,,,0.00,,,I440 E EXT RAMP,,,,0.00,Y,T-Intersection,N,Intersection,None,,,         ,Todd,Watson,Snow,Front to Rear,no,no,no,no,yes,False
101888190,METROPOLITAN NASHVILLE POLICE DEPT,20180038853,Davidson,Nashville,1/12/2018 1:38:00 PM,1,0,0,36.160800,-86.620860,I 40,,,,0.00,,,,,,,219.60,N,Not at Intersection,N,Non-Junction,None,,,         ,Jessie,Loy,Snow,Not Collision with Motor Vehicle in Transport,no,no,no,no,no,False
101888197,METROPOLITAN NASHVILLE POLICE DEPT,2018-0049476,Davidson,Nashville,1/16/2018 7:47:00 AM,2,0,0,36.086510,-86.701150,I24 E EXT RAMP,,,,0.00,Feet,East,I 24,,,,0.00,N,Not at Intersection, ,Entrance/Exit Ramp Related,None,,,         ,William,Whitworth,Snow,"Sideswipe, Same Direction",no,no,no,no,no,False
101888206,METROPOLITAN NASHVILLE POLICE DEPT,20180049586,Davidson,Nashville,1/16/2018 8:37:00 AM,1,0,0,36.169420,-86.583100,I 40,,,,0.00,,,,,,,221.80,N,Not at Intersection,N,Non-Junction,None,,,         ,Michael,Dance,Snow,Not Collision with Motor Vehicle in Transport,no,no,no,no,no,False
101888208,METROPOLITAN NASHVILLE POLICE DEPT,20180049566,Davidson,Nashville,1/16/2018 12:00:00 AM,1,0,0,36.054100,-86.899250,OLD HICKORY BLVD,,,,179.00,Feet,West,VAUGHN RD,,,,0.00,N,Not at Intersection,N,Non-Junction,None,,,         ,Shawn,Taylor,Snow,Not Collision with Motor Vehicle in Transport,no,no,no,no,yes,False
101888209,GOODLETTSVILLE POLICE DEPT,18-02043,Davidson,Goodlettsville,1/16/2018 8:27:00 AM,2,0,0,36.306330,-86.694070,CONFERENCE DR,,,,203.00,Feet,South,VIETNAM VETERANS BLVD NB ENT R,,,,0.00,N,Not at Intersection, ,Non-Junction,None,,,         ,Brian,Hajdu,Snow,"Sideswipe, Same Direction",no,no,no,no,no,False
101888210,METROPOLITAN NASHVILLE POLICE DEPT,20180049400,Davidson,Nashville,1/16/2018 7:15:00 AM,2,0,0,36.140040,-86.814660,32ND AVS,,,,0.00,,,DUDLEY AV,,,,0.00,Y,T-Intersection,N,Intersection,None,,,         ,Jon,Mcvey,Snow,Angle,no,no,no,no,no,Campus
101888211,METROPOLITAN NASHVILLE POLICE DEPT,20180049555,Davidson,Not in City Limit,1/16/2018 8:25:00 AM,2,0,0,35.996870,-86.689890,NOLENSVILLE PKE,,,,0.00,Feet,East,CONCORD RD,,,,0.00,N,Not at Intersection, ,Non-Junction,None,,,         ,Robert,Schohn,Snow,Angle,no,no,no,no,no,False
101888212,METROPOLITAN NASHVILLE POLICE DEPT,20180049582,Davidson,Nashville,1/16/2018 8:34:00 AM,1,0,0,36.235270,-86.796380,BRILEY PKWYW,,,,0.00,,,CREEKBEND DR,,,,0.00,Y,OTHER,N,Non-Junction,None,,,         ,Andrae,Starling,Snow,Not Collision with Motor Vehicle in Transport,no,no,no,no,no,False
101888219,METROPOLITAN NASHVILLE POLICE DEPT,2018-0049608,Davidson,Nashville,1/16/2018 8:40:00 AM,1,0,0,36.239080,-86.779750,BRILEY PKWY W EXT RAMP,,,,0.00,Feet,East,BRILEY PKWY W ENT RAMP,,,,0.00,N,Not at Intersection,N,Entrance/Exit Ramp Related,None,,,         ,Travis,Baxter,Snow,Not Collision with Motor Vehicle in Transport,no,no,no,no,no,False
101888221,METROPOLITAN NASHVILLE POLICE DEPT,20180049509,Davidson,Nashville,1/16/2018 8:00:00 AM,1,0,0,36.191280,-86.797100,FRENCH LANDING DR,,,,66.00,Feet,North,VANTAGE WAY,,,,0.00,N,Not at Intersection,Y,Non-Junction,None,,,         ,Jean,McCormack,Snow,Not Collision with Motor Vehicle in Transport,no,no,no,no,no,False
101888224,METROPOLITAN NASHVILLE POLICE DEPT,2018-49595,Davidson,Nashville,1/16/2018 8:40:00 AM,2,0,0,36.136580,-86.795150,WEDGEWOOD AV,,,,0.00,,,MAGNOLIA BLVD,,,,0.00,Y,Four-Way, ,Intersection-Related,None,,,         ,Erik,Wagner,Snow,Front to Rear,no,no,no,no,no,False
101888229,METROPOLITAN NASHVILLE POLICE DEPT,20180049610,Davidson,Nashville,1/16/2018 8:45:00 AM,1,0,0,36.060600,-86.640020,BELL RD,,,,0.00,,,HICKORY HIGHLANDS DR,,,,0.00,Y,T-Intersection, ,Intersection,None,,,         ,Scott,Carter,Snow,Not Collision with Motor Vehicle in Transport,no,no,no,no,no,False
101888235,METROPOLITAN NASHVILLE POLICE DEPT,20180049671,Davidson,Nashville,1/16/2018 9:06:00 AM,1,0,0,36.060080,-86.679980,I 24,,,,0.00,,,,,,,57.85,N,Not at Intersection,N,Non-Junction,None,,,         ,James,Jarvis,Snow,Not Collision with Motor Vehicle in Transport,no,no,no,no,no,False
101888238,THP District 9 - Administrative,318001926,Davidson,Nashville,1/9/2018 12:00:00 AM,2,0,0,36.163380,-86.787800,10TH AVN,,,,0.00,,,10TH CIRN,,,,0.00,Y,OTHER, ,,None,,,         ,Jeffrey,Buchanan,,,no,no,no,yes,no,False
101888239,METROPOLITAN NASHVILLE POLICE DEPT,20180049636,Davidson,Nashville,1/16/2018 8:45:00 AM,1,0,0,36.089040,-86.636390,NASHBORO BLVD,,,,0.00,,,FLINTLOCK CT,,,,0.00,Y,T-Intersection,N,Non-Junction,None,,,         ,Brian,Ewing,Snow,Not Collision with Motor Vehicle in Transport,no,no,no,no,no,False
101888243,METROPOLITAN NASHVILLE POLICE DEPT,2018-0049637,Davidson,Nashville,1/16/2018 8:50:00 AM,2,0,0,36.148000,-86.807850,ELLISTON PL,,,,55.00,Feet,South,REIDHURST AV,,,,0.00,N,Not at Intersection,N,Non-Junction,None,,,         ,William,Caillouette,Snow,"Sideswipe, Same Direction",no,no,no,no,no,Campus
101888247,METROPOLITAN NASHVILLE POLICE DEPT,2018-0049650,Davidson,Nashville,1/16/2018 8:56:00 AM,1,1,0,36.136300,-86.726740,I 24,,,,0.00,,,,,,,52.25,N,Not at Intersection,N,Non-Junction,None,,,         ,William,Whitworth,Snow,Not Collision with Motor Vehicle in Transport,no,no,no,no,no,False
101888254,METROPOLITAN NASHVILLE POLICE DEPT,20180049611,Davidson,Nashville,1/16/2018 8:45:00 AM,1,1,0,36.167850,-86.765750,I 24,,,,0.00,,,,,,,48.85,N,Not at Intersection,N,Non-Junction,None,,,         ,Russell,Freeman,Snow,Not Collision with Motor Vehicle in Transport,no,no,no,no,no,False
101888261,METROPOLITAN NASHVILLE POLICE DEPT,20180049631,Davidson,Nashville,1/16/2018 12:00:00 AM,2,0,0,36.084230,-86.705680,HARDING PL,,,,67.00,Feet,East,LINBAR DR,,,,0.00,N,Not at Intersection,N,Unknown,None,,,         ,Honorio,Canchola,Snow,"Sideswipe, Opposite Direction",no,no,no,no,yes,False
101888263,METROPOLITAN NASHVILLE POLICE DEPT,20180049585,Davidson,Madison,1/16/2018 8:37:00 AM,1,1,0,36.265350,-86.724820,HERITAGE DR,,,,457.00,Feet,North,BEVERLY DR,,,,0.00,N,Not at Intersection,N,Non-Junction,None,,,         ,Brian,Manning,Snow,Not Collision with Motor Vehicle in Transport,no,no,no,no,no,False
101888264,METROPOLITAN NASHVILLE POLICE DEPT,20180049779,Davidson,Nashville,1/16/2018 9:50:00 AM,1,0,0,36.118400,-86.698890,BRILEY PKWY N ENT RAMP,,,,0.00,Feet,East,BRILEY PKWYN,,,,0.00,N,Not at Intersection, ,,None,,,         ,James,Curtis,,,no,no,no,no,no,False
101888265,THP District 9 - Administrative,318002256,Davidson,Nashville,1/11/2018 10:15:00 AM,2,0,0,36.108170,-86.812440,HILLSBORO PKE,,,,147.00,Feet,North,GREEN HILLS VILLAGE DR,,,,0.00,N,Not at Intersection, ,"Driveway, Alley Access, etc",None,,,         ,Brandon,Smith,Clear,Angle,no,no,no,yes,no,False
101888266,METROPOLITAN NASHVILLE POLICE DEPT,20180049626,Davidson,Nashville,1/16/2018 8:45:00 AM,1,0,0,36.026990,-86.646980,CANE RIDGE RD,,,,863.00,Feet,South,OLD FRANKLIN RD,,,,0.00,N,Not at Intersection,N,Non-Junction,None,,,         ,Charles,Coe,Snow,Not Collision with Motor Vehicle in Transport,no,no,no,no,no,False
101888270,METROPOLITAN NASHVILLE POLICE DEPT,20180049724,Davidson,Nashville,1/16/2018 9:31:00 AM,2,0,0,36.035010,-86.715260,BRENTWOOD HIGHLANDS DR,,,,44.00,Feet,West,TIMBER RIDGE CIR,,,,0.00,N,Not at Intersection, ,Non-Junction,None,,,         ,Robert,Schohn,Snow,Front to Rear,no,no,no,no,no,False
101888271,METROPOLITAN NASHVILLE POLICE DEPT,2018-0049635,Davidson,Nashville,1/16/2018 8:47:00 AM,2,0,0,36.040560,-86.770790,OLD HICKORY BLVD,,,,84.00,Feet,East,SEVEN SPRINGS WAY PVTDR,,,,0.00,N,Not at Intersection, ,Non-Junction,None,,,         ,Timothy,Edwards,Snow,"Sideswipe, Same Direction",no,no,no,no,no,False
101888273,METROPOLITAN NASHVILLE POLICE DEPT,20180049762,Davidson,Nashville,1/16/2018 9:50:00 AM,1,0,0,36.092200,-86.715300,SCOTWOOD DR,,,,2.00,Feet,North,JESSIE DR,,,,0.00,N,Not at Intersection, ,Non-Junction,None,,,         ,Michael,Dudley,Snow,Not Collision with Motor Vehicle in Transport,no,no,no,no,no,False
101888288,METROPOLITAN NASHVILLE POLICE DEPT,20180049704,Davidson,Nashville,1/16/2018 9:13:00 AM,2,0,0,36.093970,-86.897030,CLEARBROOK CT,,,,108.00,Feet,West,CLEARBROOK DR,,,,0.00,N,Not at Intersection,N,Non-Junction,None,,,         ,Douglas,Atwood,Blowing Snow,Not Collision with Motor Vehicle in Transport,no,no,no,no,no,False
101888291,METROPOLITAN NASHVILLE POLICE DEPT,20180049556,Davidson,Nashville,1/16/2018 8:26:00 AM,2,1,0,36.061870,-86.644870,RURAL HILL RD,,,,60.00,Feet,North,HICKORY HIGHLANDS DR,,,,0.00,N,Not at Intersection,N,OtherLocation,None,,,         ,Phouthasone,Phantakou,Snow,HeadOn,no,no,no,no,no,False
101888293,GOODLETTSVILLE POLICE DEPT,18-02045,Davidson,Goodlettsville,1/16/2018 9:13:00 AM,2,1,0,36.306840,-86.694360,CONFERENCE DR,,,,0.00,,,VIETNAM VETERANS BLVD NB ENT R,,,,0.00,Y,Four-Way,N,Intersection,None,,,         ,Daniel,Knalls,Snow,Front to Rear,no,no,no,no,no,False
101888305,METROPOLITAN NASHVILLE POLICE DEPT,20180049684,Davidson,Nashville,1/16/2018 9:00:00 AM,1,0,0,36.056380,-86.828400,BEDDINGTON PK,,,,775.00,Feet,West,OAKLEIGH HL,,,,0.00,N,Not at Intersection, ,Non-Junction,None,,,         ,Earl,Davis,Snow,Not Collision with Motor Vehicle in Transport,no,no,no,no,no,False
101888306,METROPOLITAN NASHVILLE POLICE DEPT,2018-0049799,Davidson,Nashville,1/16/2018 9:02:00 AM,1,0,0,36.102510,-86.692010,MCGAVOCK PKE,,,,631.00,Feet,South,CURREY RD,,,,0.00,N,Not at Intersection,N,Non-Junction,None,,,         ,William,Whitworth,Snow,Not Collision with Motor Vehicle in Transport,no,no,no,no,no,False
101888307,METROPOLITAN NASHVILLE POLICE DEPT,20180049761,Davidson,Nashville,1/16/2018 9:45:00 AM,2,0,0,36.045510,-86.704820,OLD HICKORY BLVD,,,,358.00,Feet,West,EULALA DR,,,,0.00,N,Not at Intersection,N,Non-Junction,None,,,         ,Thomas,White,Snow,Angle,no,no,no,no,no,False
101888310,METROPOLITAN NASHVILLE POLICE DEPT,20180049757,Davidson,Nashville,1/16/2018 9:40:00 AM,1,0,0,36.193670,-86.807030,ROSA L PARKS BLVD,,,,0.00,,,GREAT CIRCLE RD,,,,0.00,Y,Five Point Or More,N,Intersection,None,,,         ,Jean,McCormack,Snow,Not Collision with Motor Vehicle in Transport,no,no,no,no,no,False