master_record_number,agency,agency_tracking_number,county,city,collision_date,vehicles_involved,number_injured,number_dead,latitude,longitude,roadway_name,roadway_suffix,roadway_number,roadway_local_id,distance_from_reference,miles-feet_indicator,direction_from_reference,intersection_road_name,intersection_road_name_suffix,intersection_road_number,intersection_local_id,mile_marker,intersection_indicator,intersect_type,interchange_related_indicator,relation_to_junction,work_zone_type,construction_maintenance_zone,construction_maintenance_zone_location,fatal_case_number,officer_first_name,officer_last_name,weather_condition(s),manner_of_crash,pedestrian,bicycle,scooter,parking,hitrun,mou
101889853,METROPOLITAN NASHVILLE POLICE DEPT,20180057537,Davidson,Nashville,1/18/2018 12:45:00 PM,2,0,0,36.207580,-86.735600,GALLATIN PKE,,,,151.00,Feet,South,IVERSON AV,,,,0.00,N,Not at Intersection, ,Non-Junction,None,,,         ,Jason,Hees,Clear,"Sideswipe, Same Direction",no,no,no,no,no,False
101889859,METROPOLITAN NASHVILLE POLICE DEPT,20180057425,Davidson,Nashville,1/18/2018 11:38:00 AM,2,0,0,36.169360,-86.679890,LEBANON PKE,,,,0.00,Feet,,MCGAVOCK PKE,,,,0.00,Y,Four-Way, ,Intersection-Related,None,,,         ,Tien,Nguyen,Clear,"Sideswipe, Same Direction",no,no,no,no,no,False
101889877,METROPOLITAN NASHVILLE POLICE DEPT,20180057560,Davidson,Nashville,1/18/2018 12:30:00 PM,2,0,0,36.142590,-86.815500,WEST END AV,,,,0.00,,,31ST AVN,,,,0.00,Y,Four-Way,N,Intersection-Related,None,,,         ,Jon,Mcvey,Clear,Angle,no,no,no,no,yes,Campus
101889878,METROPOLITAN NASHVILLE POLICE DEPT,20180056587,Davidson,Nashville,1/18/2018 6:32:00 AM,2,0,0,36.151760,-86.768630,I40 W EXT RAMP,,,,0.00,,,2ND AVS,,,,0.00,Y,Four-Way, ,Intersection-Related,None,,,         ,Johnathan,Carlisle,Clear,Front to Rear,no,no,no,no,no,False
101889888,METROPOLITAN NASHVILLE POLICE DEPT,20180057516,Davidson,Nashville,1/18/2018 12:20:00 PM,2,0,0,36.151400,-86.857260,WHITE BRIDGE PL,,,,142.00,Feet,East,I40 E ENT RAMP,,,,0.00,N,Not at Intersection, ,Non-Junction,None,,,         ,Terrence,Bradley,Cloudy,"Sideswipe, Same Direction",no,no,no,no,no,False
101889892,METROPOLITAN NASHVILLE POLICE DEPT,20180056734,Davidson,Nashville,1/18/2018 7:48:00 AM,2,0,0,36.144240,-86.697060,I 40,,,,0.00,,,,,,,214.90,N,Not at Intersection, ,Entrance/Exit Ramp Related,None,,,         ,James,Curtis,Clear,Front to Rear,no,no,no,no,no,False
101889908,METROPOLITAN NASHVILLE POLICE DEPT,20180057565,Davidson,Nashville,1/18/2018 12:33:00 PM,1,0,0,36.072910,-86.645660,RICE RD,,,,406.00,Feet,East,EDGE O LAKE DR,,,,0.00,N,Not at Intersection,N,Non-Junction,None,,,         ,Troy,Loewen,Clear,Not Collision with Motor Vehicle in Transport,no,no,no,no,no,False
101889909,METROPOLITAN NASHVILLE POLICE DEPT,20180057384,Davidson,Nashville,1/18/2018 11:10:00 AM,2,0,0,36.136540,-86.728700,I24 E ENT RAMP,,,,0.00,Feet,East,I 24,,,,0.00,N,Not at Intersection,Y,Entrance/Exit Ramp Related,None,,,         ,Todd,Watson,Clear,Front to Rear,no,no,no,no,no,False
101889935,METROPOLITAN NASHVILLE POLICE DEPT,20180057586,Davidson,Nashville,1/18/2018 12:41:00 PM,2,0,0,36.192880,-86.623830,LEBANON PKE,,,,0.00,,,JUAREZ DR,,,,0.00,Y,Four-Way,N,Intersection,None,,,         ,Michael,Parman,Clear,Front to Rear,no,no,no,no,no,False
101889942,METROPOLITAN NASHVILLE POLICE DEPT,20180057536,Davidson,Nashville,1/18/2018 12:27:00 PM,2,0,0,36.187990,-86.821560,ROSA L PARKS BLVD,,,,0.00,,,ED TEMPLE BLVD,,,,0.00,Y,Four-Way, ,Intersection,None,,,         ,William,Waters,Clear,Front to Rear,no,no,no,no,no,False
101889948,METROPOLITAN NASHVILLE POLICE DEPT,20180057697,Davidson,Nashville,1/18/2018 1:23:00 PM,2,0,0,36.182270,-86.607960,OLD HICKORY BLVD,,,,0.00,,,ANDREW JACKSON WAY,,,,0.00,Y,Four-Way, ,Intersection-Related,None,,,         ,William,Mckay,Clear,"Sideswipe, Same Direction",no,no,no,no,no,False
101889950,METROPOLITAN NASHVILLE POLICE DEPT,20180057632,Davidson,Nashville,1/18/2018 12:50:00 PM,2,0,0,36.170140,-86.739100,SHELBY AV,,,,27.00,Feet,West,S 18TH ST,,,,0.00,N,Not at Intersection,N,OtherLocation,None,,,         ,Joshua,Baker,Clear,Angle,no,no,no,no,no,False
101889951,METROPOLITAN NASHVILLE POLICE DEPT,20180057722,Davidson,Nashville,1/18/2018 1:31:00 PM,2,0,0,36.215120,-86.597090,LEBANON PKE,,,,172.00,Feet,East,ANDREW JACKSON PKWY,,,,0.00,N,Not at Intersection, ,Non-Junction,None,,,         ,Torrance,Bennett,Clear,Front to Rear,no,no,no,no,no,False
101889953,GOODLETTSVILLE POLICE DEPT,18-02362,Davidson,Goodlettsville,1/18/2018 1:32:00 PM,2,0,0,36.304020,-86.702360,RIVERGATE PKWY,,,,389.00,Feet,North,WREN RD,,,,0.00,N,Not at Intersection, ,OtherLocation,None,,,         ,George,Forbes,Clear,"Sideswipe, Same Direction",no,no,no,no,no,False
101889991,METROPOLITAN NASHVILLE POLICE DEPT,20180057730,Davidson,Nashville,1/18/2018 1:14:00 PM,2,0,0,36.106540,-86.764560,POWELL AV,,,,0.00,,,POWELL PL,,,,0.00,Y,Four-Way, ,Non-Junction,None,,,         ,Jon,Mcvey,Clear,HeadOn,no,no,no,no,no,False
101890018,BELLE MEADE POLICE DEPT,18-00011,Davidson,Belle Meade,1/18/2018 8:00:00 AM,1,0,0,36.098340,-86.859020,ENQUIRER AV,,,,0.00,,,IROQUOIS AV,,,,0.00,Y,T-Intersection, ,Intersection,None,,,         ,Teddy,Murphy,Snow,Not Collision with Motor Vehicle in Transport,no,no,no,no,no,False
101890036,METROPOLITAN NASHVILLE POLICE DEPT,20180057800,Davidson,Nashville,1/18/2018 1:55:00 PM,2,0,0,36.139330,-86.880240,CHARLOTTE PKE,,,,135.00,Feet,East,HILLWOOD BLVD,,,,0.00,N,Not at Intersection,N,Non-Junction,None,,,         ,Charles,Boles,Clear,Angle,no,no,no,no,no,False
101890039,METROPOLITAN NASHVILLE POLICE DEPT,20180057531,Davidson,Not in City Limit,1/18/2018 12:20:00 PM,3,2,0,36.041290,-86.961160,CHAFFIN DR,,,,0.00,Feet,,HIGHWAY 100,,,,0.00,Y,T-Intersection,N,Intersection,None,,,         ,Jack,Crouch,Clear,Angle,no,no,no,no,no,False
101890045,METROPOLITAN NASHVILLE POLICE DEPT,20180057568,Davidson,Nashville,1/18/2018 12:37:00 PM,3,2,0,36.163040,-86.699980,LEBANON PKE,,,,848.00,Feet,North,LYNMEADE DR,,,,0.00,N,Not at Intersection,N,Non-Junction,None,,,         ,Michael,Dance,Clear,"Sideswipe, Same Direction",no,no,no,no,no,False
101890056,THP District 9 - Administrative,318003917,Davidson,Not in City Limit,1/18/2018 7:21:00 AM,2,0,0,36.324270,-86.867470,I 24,,,,0.00,,,,,,,35.00,N,Not at Intersection, ,Non-Junction,None,,,         ,Julio,Lassalle,Clear,Front to Rear,no,no,no,no,no,False
101890061,METROPOLITAN NASHVILLE POLICE DEPT,20180057963,Davidson,Nashville,1/18/2018 2:40:00 PM,2,0,0,36.153990,-86.818050,CHARLOTTE AV,,,,30.00,Feet,East,28TH AVN,,,,0.00,N,Not at Intersection, ,Non-Junction,None,,,         ,Eric,Burford,Clear,"Sideswipe, Same Direction",no,no,no,no,no,False
101890062,METROPOLITAN NASHVILLE POLICE DEPT,2018-0057796,Davidson,Nashville,1/18/2018 1:55:00 PM,2,1,0,36.159530,-86.796440,CHARLOTTE AV,,,,60.00,Feet,West,16TH AVN,,,,0.00,N,Not at Intersection,N,Non-Junction,None,,,         ,Marc,Lemcke,Clear,Front to Rear,no,no,no,no,no,False
101890065,BERRY HILL POLICE DEPT,18-0184,Davidson,Berry Hill,1/18/2018 12:00:00 AM,2,0,0,36.120650,-86.766560,BERRY RD,,,,266.00,Feet,West,BRANSFORD AV,,,,0.00,N,Not at Intersection,N,Non-Junction,None,,,         ,John,Gleixner,Clear,Angle,no,no,no,no,no,False
101890067,METROPOLITAN NASHVILLE POLICE DEPT,20180057973,Davidson,Nashville,1/18/2018 2:37:00 PM,2,0,0,36.110620,-86.784730,WOODMONT BLVD,,,,324.00,Feet,West,GENERAL BATE DR,,,,0.00,N,Not at Intersection,N,Non-Junction,None,,,         ,Douglas,Sykes,Clear,Front to Rear,no,no,no,no,no,False
101890082,BELLE MEADE POLICE DEPT,18-0007,Davidson,Belle Meade,1/13/2018 9:23:00 AM,1,0,0,36.116050,-86.847830,LYNNWOOD BLVD,,,,0.00,,,LYNNWOOD LN,,,,0.00,Y,Four-Way,Y,Intersection-Related,None,,,         ,Jon,Carter,Snow,Not Collision with Motor Vehicle in Transport,no,no,no,no,no,False
101890104,METROPOLITAN NASHVILLE POLICE DEPT,20180058035,Davidson,Nashville,1/18/2018 3:31:00 PM,2,0,0,36.110640,-86.714470,BRILEY PKWYN,,,,4.00,Feet,West,BRILEY PKWY N ENT RAMP,,,,0.00,N,Not at Intersection,N,Non-Junction,None,,,         ,Ciarra,Rench,Clear,"Sideswipe, Same Direction",no,no,no,no,no,False
101890112,METROPOLITAN NASHVILLE POLICE DEPT,20180057908,Davidson,Nashville,1/18/2018 12:00:00 AM,2,4,0,36.214750,-86.817670,BUENA VISTA PKE,,,,0.00,Feet,,MOORMANS ARM RD,,,,0.00,Y,T-Intersection,N,Intersection,None,,,         ,Melvin,Taylor,Clear,HeadOn,no,no,no,no,no,False
101890113,METROPOLITAN NASHVILLE POLICE DEPT,20180058117,Davidson,Not in City Limit,1/18/2018 3:53:00 PM,2,0,0,36.265740,-86.748660,WESTCHESTER DR,,,,350.00,Feet,West,ARTA DR,,,,0.00,N,Not at Intersection, ,Non-Junction,None,,,         ,Christopher,Littles,Clear,"Sideswipe, Opposite Direction",no,no,no,no,no,False
101890114,METROPOLITAN NASHVILLE POLICE DEPT,20180058288,Davidson,Not in City Limit,1/18/2018 4:32:00 PM,2,0,0,36.266900,-86.710910,DUPONT AV,,,,0.00,,,GALLATIN PKEN,,,,0.00,Y,Four-Way,N,Intersection,None,,,         ,Christopher,Littles,Clear,"Sideswipe, Opposite Direction",no,no,no,no,yes,False
101890115,METROPOLITAN NASHVILLE POLICE DEPT,20180058207,Davidson,Nashville,1/18/2018 4:22:00 PM,2,0,0,36.169510,-86.770960,WOODLAND ST,,,,0.00,,,S 2ND ST,,,,0.00,Y,Four-Way, ,Intersection,None,,,         ,Jim,Crissman,Clear,Front to Rear,no,no,no,no,no,False
101890121,METROPOLITAN NASHVILLE POLICE DEPT,20180058095,Davidson,Nashville,1/18/2018 4:30:00 PM,2,0,0,36.149860,-86.865310,LELLYETT ST,,,,0.00,,,OBRIEN AV,,,,0.00,Y,T-Intersection, ,Non-Junction,None,,,         ,Blake,McKay,Clear,HeadOn,no,no,no,no,no,False
101890124,METROPOLITAN NASHVILLE POLICE DEPT,20180058343,Davidson,Nashville,1/18/2018 4:30:00 PM,2,0,0,36.098730,-86.710360,I 24,,,,0.00,,,,,,,54.65,N,Not at Intersection, ,Non-Junction,None,,,         ,Eric,Keller,Clear,Front to Rear,no,no,no,no,no,False
101890136,METROPOLITAN NASHVILLE POLICE DEPT,20180058266,Davidson,Nashville,1/18/2018 4:20:00 PM,2,0,0,36.092370,-86.827790,HILLSBORO PKE,,,,171.00,Feet,South,ARDSLEY PL,,,,0.00,N,Not at Intersection, ,Non-Junction,None,,,         ,Broderick,Jones,Clear,Front to Rear,no,no,no,no,no,False
101890146,METROPOLITAN NASHVILLE POLICE DEPT,20180058280,Davidson,Nashville,1/18/2018 4:38:00 PM,2,0,0,36.144600,-86.822170,I 440,,,,0.00,,,,,,,1.10,N,Not at Intersection,N,Non-Junction,None,,,         ,Ryan,Cagle,Clear,Front to Rear,no,no,no,no,no,False
101890154,METROPOLITAN NASHVILLE POLICE DEPT,20180058037,Davidson,Nashville,1/18/2018 5:28:00 AM,2,0,0,36.174280,-86.792030,ROSA L PARKS BLVD,,,,200.00,Feet,North,MADISON ST,,,,0.00,N,Not at Intersection, ,Non-Junction,None,,,         ,Amery,Milligan,Clear,Angle,no,no,no,no,no,False
101890155,METROPOLITAN NASHVILLE POLICE DEPT,20180058328,Davidson,Nashville,1/18/2018 4:49:00 PM,2,0,0,36.047550,-86.655930,BELL RD,,,,0.00,,,HICKORY HOLLOW PKWY,,,,0.00,Y,Four-Way, ,Intersection,None,,,         ,John,Petriello,Clear,Front to Rear,no,no,no,no,no,False
101890161,METROPOLITAN NASHVILLE POLICE DEPT,20180058235,Davidson,Nashville,1/18/2018 4:20:00 PM,2,0,0,36.086510,-86.691510,ANTIOCH PKE,,,,391.00,Feet,South,HARDING PL,,,,0.00,N,Not at Intersection,N,Non-Junction,None,,,         ,Madison,Meiss,Clear,Angle,no,no,no,no,yes,False
101890162,METROPOLITAN NASHVILLE POLICE DEPT,20180058378,Davidson,Nashville,1/18/2018 12:00:00 AM,2,0,0,36.180900,-86.800080,I 65,,,,0.00,,,,,,,85.05,N,Not at Intersection, ,Non-Junction,None,,,         ,Melvin,Taylor,Clear,Front to Rear,no,no,no,no,no,False
101890176,METROPOLITAN NASHVILLE POLICE DEPT,20180057910,Davidson,Nashville,1/18/2018 2:34:00 PM,2,0,0,36.140630,-86.793660,16TH AVS,,,,41.00,Feet,South,HORTON AV,,,,0.00,N,Not at Intersection,N,Non-Junction,None,,,         ,Jacob,Paul,Clear,Angle,no,no,no,no,no,False
101890198,METROPOLITAN NASHVILLE POLICE DEPT,20180058459,Davidson,Nashville,1/18/2018 5:30:00 PM,2,0,0,36.193360,-86.775940,I 65,,,,0.00,,,,,,,86.55,N,Not at Intersection, ,Non-Junction,None,,,         ,Randall,Smith,Clear,Front to Rear,no,no,no,no,no,False
101890201,METROPOLITAN NASHVILLE POLICE DEPT,20180058592,Davidson,Nashville,1/18/2018 5:52:00 PM,2,0,0,36.184410,-86.773730,HANCOCK ST,,,,0.00,,,DICKERSON PKE,,,,0.00,Y,T-Intersection,N,Intersection,None,,,         ,Kevin,Clausius,Clear,Angle,no,no,no,no,yes,False
101890204,METROPOLITAN NASHVILLE POLICE DEPT,2018-0058541,Davidson,Nashville,1/18/2018 5:40:00 PM,2,0,0,36.161200,-86.792680,I40 W ENT RAMP,,,,0.00,,,CHARLOTTE AV,,,,0.00,Y,Four-Way,N,Non-Junction,None,,,         ,Gregory,Scott,Clear,"Sideswipe, Same Direction",no,no,no,no,yes,False
101890209,METROPOLITAN NASHVILLE POLICE DEPT,20180058534,Davidson,Nashville,1/18/2018 5:58:00 PM,2,0,0,36.152150,-86.769480,LINDSLEY AV,,,,156.00,Feet,West,2ND AVS,,,,0.00,N,Not at Intersection, ,Non-Junction,None,,,         ,Abigail,Malone,Clear,Rear to Side,no,no,no,no,no,False
101890216,METROPOLITAN NASHVILLE POLICE DEPT,20180058568,Davidson,Nashville,1/18/2018 6:05:00 PM,2,0,0,36.110850,-86.743860,THOMPSON LN,,,,400.00,Feet,East,NOLENSVILLE PKE,,,,0.00,N,Not at Intersection,N,Non-Junction,None,,,         ,Patrick,Martin,Clear,Front to Rear,no,no,no,no,yes,False
101890218,METROPOLITAN NASHVILLE POLICE DEPT,20180058656,Davidson,Goodlettsville,1/18/2018 6:38:00 PM,2,0,0,36.287740,-86.725730,I 65,,,,0.00,,,,,,,94.00,N,Not at Intersection,N,Non-Junction,None,,,         ,Michael,Thompson,Clear,Front to Rear,no,no,no,no,yes,False
101890219,METROPOLITAN NASHVILLE POLICE DEPT,20180058648,Davidson,Nashville,1/18/2018 6:35:00 PM,1,0,0,36.245210,-86.745970,I 65,,,,0.00,,,,,,,90.80,N,Not at Intersection,N,Non-Junction,None,,,         ,Christopher,Littles,Clear,Not Collision with Motor Vehicle in Transport,no,no,no,no,no,False
101890220,METROPOLITAN NASHVILLE POLICE DEPT,20180058576,Davidson,Nashville,1/18/2018 6:16:00 PM,3,0,0,36.247850,-86.720450,GALLATIN PKES,,,,50.00,Feet,South,DUE WEST AVE,,,,0.00,N,Not at Intersection,N,Non-Junction,None,,,         ,Christopher,Littles,Clear,Front to Rear,no,no,no,no,yes,False
101890225,METROPOLITAN NASHVILLE POLICE DEPT,20180058526,Davidson,Nashville,1/18/2018 5:51:00 PM,2,0,0,36.151760,-86.786710,I 40,,,,0.00,,,,,,,209.45,N,Not at Intersection, ,Non-Junction,None,,,         ,Gary,Peters,Clear,Front to Rear,no,no,no,no,no,False
101890238,METROPOLITAN NASHVILLE POLICE DEPT,20180058575,Davidson,Nashville,1/18/2018 6:12:00 PM,1,0,1,36.132430,-86.719190,MURFREESBORO PKE,,,,39.00,Feet,East,WILHAGAN RD,,,,0.00,N,Not at Intersection,N,Non-Junction,None,,,18-0052  ,Donald,Davidson,Clear,Not Collision with Motor Vehicle in Transport,yes,no,no,no,no,False
101890240,METROPOLITAN NASHVILLE POLICE DEPT,20180058416,Davidson,Nashville,1/18/2018 5:00:00 PM,2,1,0,36.133580,-86.779160,ROYCROFT PL,,,,0.00,,,8TH AVS,,,,0.00,Y,T-Intersection,N,Intersection,None,,,         ,Christopher,Butner,Clear,Angle,no,no,no,no,no,False
101890244,METROPOLITAN NASHVILLE POLICE DEPT,20180058784,Davidson,Nashville,1/18/2018 6:04:00 PM,2,0,0,36.149690,-86.779180,8TH AVS,,,,0.00,,,DIVISION ST,,,,0.00,Y,Four-Way, ,Intersection,None,,,         ,Derek,Betty,Clear,Front to Rear,no,no,no,no,yes,False
101890259,METROPOLITAN NASHVILLE POLICE DEPT,20180058789,Davidson,Nashville,1/18/2018 7:12:00 PM,2,0,0,36.160180,-86.779110,BROADWAY,,,,225.00,Feet,West,5TH AVS,,,,0.00,N,Not at Intersection, ,Non-Junction,None,,,         ,Jim,Crissman,Clear,"Sideswipe, Same Direction",no,no,no,no,no,False
101890260,METROPOLITAN NASHVILLE POLICE DEPT,20180058781,Davidson,Nashville,1/18/2018 5:30:00 PM,2,2,0,36.153520,-86.794960,WEST END AV,,,,189.00,Feet,West,17TH AVN,,,,0.00,N,Not at Intersection,N,Non-Junction,None,,,         ,Jacob,Paul,Clear,Angle,no,no,no,no,no,False
101890262,BERRY HILL POLICE DEPT,18-0187,Davidson,Nashville,1/18/2018 12:00:00 AM,2,1,0,36.111230,-86.755920,THOMPSON LN,,,,205.00,Feet,West,SIDCO DR,,,,0.00,N,Not at Intersection,N,Non-Junction,None,,,         ,John,Gleixner,Clear,Front to Rear,no,no,no,no,no,False
101890263,BERRY HILL POLICE DEPT,18-0188,Davidson,Berry Hill,1/18/2018 12:00:00 AM,1,1,0,36.119860,-86.771420,BERRY RD,,,,0.00,,,,,,,0.00,,Not at Intersection,N,Non-Junction,None,,,         ,John,Gleixner,Clear,Not Collision with Motor Vehicle in Transport,yes,no,no,yes,no,False
101890264,METROPOLITAN NASHVILLE POLICE DEPT,20180058570,Davidson,Nashville,1/18/2018 6:15:00 PM,2,0,0,36.148170,-86.867420,CHARLOTTE PKE,,,,0.00,,,BALMY AV,,,,0.00,Y,Four-Way, ,Non-Junction,None,,,         ,Blake,McKay,Clear,"Sideswipe, Same Direction",no,no,no,no,no,False
101890269,METROPOLITAN NASHVILLE POLICE DEPT,20180058242,Davidson,Nashville,1/18/2018 4:26:00 PM,3,3,0,36.113720,-86.808060,WOODMONT BLVD,,,,111.00,Feet,West,BENHAM AV,,,,0.00,N,Not at Intersection,N,Non-Junction,None,,,         ,Jacob,Paul,Clear,Front to Rear,no,no,no,no,no,False
101890272,METROPOLITAN NASHVILLE POLICE DEPT,20180058671,Davidson,Nashville,1/18/2018 6:30:00 PM,2,1,0,36.209580,-86.839280,CLARKSVILLE PKE,,,,466.00,Feet,North,W HAMILTON RD,,,,0.00,N,Not at Intersection,N,Non-Junction,None,,,         ,Jerry,Pirtle,Cloudy,Angle,no,no,no,no,no,False
101890280,METROPOLITAN NASHVILLE POLICE DEPT,20180058835,Davidson,Nashville,1/18/2018 12:00:00 AM,2,0,0,36.167790,-86.820750,JEFFERSON ST,,,,0.00,,,28TH AVN,,,,0.00,Y,Four-Way,N,Intersection,None,,,         ,Russell,Jones,Clear,Angle,no,no,no,no,yes,False
101890283,METROPOLITAN NASHVILLE POLICE DEPT,20180058645,Davidson,Nashville,1/18/2018 12:00:00 AM,3,1,0,36.193900,-86.831610,CLARKSVILLE PKE,,,,146.00,Feet,West,BUENA VISTA PKE,,,,0.00,N,Not at Intersection,N,Non-Junction,None,,,         ,Melvin,Taylor,Clear,Front to Rear,no,no,no,no,no,False
101890285,METROPOLITAN NASHVILLE POLICE DEPT,20180058788,Davidson,Nashville,1/18/2018 6:51:00 PM,2,2,0,36.169670,-86.601050,OLD HICKORY BLVD,,,,50.00,Feet,North,I40 E ENT RAMP,,,,0.00,N,Not at Intersection,N,Non-Junction,None,,,         ,Jonathan,Cavezza,Clear,Angle,no,no,no,no,yes,False
101890294,METROPOLITAN NASHVILLE POLICE DEPT,20180058463,Davidson,Nashville,1/18/2018 5:30:00 PM,2,0,0,36.168500,-86.759870,SHELBY AV,,,,152.00,Feet,East,S 6TH ST,,,,0.00,N,Not at Intersection, ,Non-Junction,None,,,         ,Hunter,Fikes,Clear,Front to Rear,no,no,no,no,no,False
101890295,METROPOLITAN NASHVILLE POLICE DEPT,20180058689,Davidson,Nashville,1/18/2018 6:35:00 PM,2,1,0,36.083080,-86.761600,SIDCO DR,,,,84.00,Feet,South,CSX DR,,,,0.00,N,Not at Intersection,N,Non-Junction,None,,,         ,Christopher,Butner,Clear,Angle,no,no,no,no,no,False
101890302,METROPOLITAN NASHVILLE POLICE DEPT,20180058685,Davidson,Nashville,1/18/2018 6:50:00 PM,1,1,0,36.126480,-86.710820,MURFREESBORO PKE,,,,116.00,Feet,South,THOMPSON PL,,,,0.00,N,Not at Intersection,N,Non-Junction,None,,,         ,Kimberly,Annson,Clear,Not Collision with Motor Vehicle in Transport,yes,no,no,no,yes,False
101890304,METROPOLITAN NASHVILLE POLICE DEPT,20180058191,Davidson,Nashville,1/18/2018 4:10:00 PM,2,0,0,36.107250,-86.672490,DONELSON PKE,,,,416.00,Feet,North,MURFREESBORO PKE,,,,0.00,N,Not at Intersection, ,Non-Junction,None,,,         ,Andrew,Anoskey,Clear,"Sideswipe, Same Direction",no,no,no,no,no,False
101890319,METROPOLITAN NASHVILLE POLICE DEPT,20180059244,Davidson,Nashville,1/18/2018 8:21:00 PM,1,0,0,36.086750,-86.691690,ANTIOCH PKE,,,,289.00,Feet,South,HARDING PL,,,,0.00,N,Not at Intersection, ,OtherLocation,None,,,         ,Eric,Keller,Clear,Not Collision with Motor Vehicle in Transport,no,no,no,yes,yes,False
101890320,METROPOLITAN NASHVILLE POLICE DEPT,20180057919,Davidson,Nashville,1/18/2018 12:00:00 AM,2,1,0,36.136340,-86.822150,I440 E EXT RAMP,,,,0.00,,,I 440,,,,0.00,Y,Y-Intersection,N,Entrance/Exit Ramp Related,None,,,         ,Akira,McSwain,Clear,Front to Rear,no,no,no,no,no,False
101890321,METROPOLITAN NASHVILLE POLICE DEPT,20180058083,Davidson,Nashville,1/18/2018 12:00:00 AM,3,2,0,36.134280,-86.802180,FAIRFAX AV,,,,171.00,Feet,East,CALHOUN AV,,,,0.00,N,Not at Intersection,N,Non-Junction,None,,,         ,Akira,McSwain,Clear,Angle,no,no,no,no,no,Campus
101890322,METROPOLITAN NASHVILLE POLICE DEPT,20180058313,Davidson,Nashville,1/18/2018 12:00:00 AM,2,0,0,36.149670,-86.769810,4TH AVS,,,,0.00,,,MCCANN ST,,,,0.00,Y,T-Intersection,N,Intersection,None,,,         ,Akira,McSwain,Clear,Angle,no,no,no,no,yes,False
101890323,METROPOLITAN NASHVILLE POLICE DEPT,20180058580,Davidson,Nashville,1/18/2018 12:00:00 AM,3,2,0,36.141810,-86.816390,WEST END AV,,,,69.00,Feet,South,32ND AVS,,,,0.00,N,Not at Intersection,N,Non-Junction,None,,,         ,Akira,McSwain,Clear,Angle,no,no,no,no,no,False
101890331,METROPOLITAN NASHVILLE POLICE DEPT,20180058519,Davidson,Nashville,1/18/2018 5:49:00 PM,2,0,0,36.111100,-86.747940,THOMPSON LN,,,,171.00,Feet,West,LOUISE DR,,,,0.00,N,Not at Intersection, ,Non-Junction,None,,,         ,Jacob,Paul,Clear,Angle,no,no,no,no,no,False
101890333,METROPOLITAN NASHVILLE POLICE DEPT,20180058974,Davidson,Nashville,1/18/2018 8:20:00 PM,3,0,0,36.045230,-86.716770,OLD HICKORY BLVD,,,,81.00,Feet,East,HICKORY PLZ,,,,0.00,N,Not at Intersection,N,Non-Junction,None,,,         ,Ryan,Storm,Clear,Front to Rear,no,no,no,no,no,False
101890370,METROPOLITAN NASHVILLE POLICE DEPT,20180059371,Davidson,Nashville,1/18/2018 9:45:00 PM,1,0,0,36.068250,-86.712010,HAYWOOD LN,,,,0.00,,,HOLLIS HILL DR,,,,0.00,Y,Four-Way, ,Non-Junction,None,,,         ,Eric,Keller,Clear,Not Collision with Motor Vehicle in Transport,no,no,no,no,no,False
101890371,METROPOLITAN NASHVILLE POLICE DEPT,20180059281,Davidson,Nashville,1/18/2018 9:48:00 PM,2,1,0,36.249060,-86.719640,GALLATIN PKES,,,,139.00,Feet,South,E PALESTINE AV,,,,0.00,N,Not at Intersection,N,Non-Junction,None,,,         ,Christopher,Littles,Clear,Angle,no,no,no,no,no,False
101890391,METROPOLITAN NASHVILLE POLICE DEPT,20180059230,Davidson,Nashville,1/18/2018 8:26:00 PM,2,0,0,36.071870,-86.636180,MURFREESBORO PKE,,,,0.00,,,BELL RD,,,,0.00,Y,OTHER,N,Intersection,None,,,         ,Arend,Groeneweg,Clear,HeadOn,no,no,no,no,no,False
101890415,METROPOLITAN NASHVILLE POLICE DEPT,20180059364,Davidson,Nashville,1/18/2018 10:10:00 PM,2,1,0,36.049980,-86.649500,MT VIEW RD,,,,0.00,,,BELL RD,,,,0.00,Y,Four-Way,Y,Intersection,None,,,         ,Dezmond,Hughes,Clear,Angle,no,no,no,no,no,False
101890425,METROPOLITAN NASHVILLE POLICE DEPT,20180059520,Davidson,Nashville,1/18/2018 11:24:00 PM,1,1,0,36.054600,-86.667250,HICKORY HOLLOW PKWY,,,,1501.00,Feet,East,MT VIEW RD,,,,0.00,N,Not at Intersection,N,Non-Junction,None,,,         ,David,Simmonds,Clear,Not Collision with Motor Vehicle in Transport,no,no,no,no,no,False
101890437,METROPOLITAN NASHVILLE POLICE DEPT,20180059629,Davidson,Nashville,1/18/2018 11:20:00 PM,2,0,0,36.169630,-86.766630,I 24,,,,0.00,,,,,,,48.70,N,Not at Intersection,N,Non-Junction,None,,,         ,John,Anderson,Clear,Front to Rear,no,no,no,no,yes,False
101890443,METROPOLITAN NASHVILLE POLICE DEPT,20180059569,Davidson,Nashville,1/18/2018 11:36:00 PM,2,0,0,36.111620,-86.792580,WOODMONT BLVD,,,,0.00,,,GRANNY WHITE PKE,,,,0.00,Y,Four-Way,N,Intersection,None,,,         ,Tony,Mingsing,Clear,Angle,no,no,no,no,no,False
101890444,METROPOLITAN NASHVILLE POLICE DEPT,20180059674,Davidson,Nashville,1/18/2018 11:18:00 PM,2,0,0,36.143870,-86.744160,FESSLERS LN,,,,288.00,Feet,South,ELM HILL PKE,,,,0.00,N,Not at Intersection, ,Non-Junction,None,,,         ,Joseph,Patricio,Clear,"Sideswipe, Same Direction",no,no,no,no,no,False