master_record_number,agency,agency_tracking_number,county,city,collision_date,vehicles_involved,number_injured,number_dead,latitude,longitude,roadway_name,roadway_suffix,roadway_number,roadway_local_id,distance_from_reference,miles-feet_indicator,direction_from_reference,intersection_road_name,intersection_road_name_suffix,intersection_road_number,intersection_local_id,mile_marker,intersection_indicator,intersect_type,interchange_related_indicator,relation_to_junction,work_zone_type,construction_maintenance_zone,construction_maintenance_zone_location,fatal_case_number,officer_first_name,officer_last_name,weather_condition(s),manner_of_crash,pedestrian,bicycle,scooter,parking,hitrun,mou
101890447,METROPOLITAN NASHVILLE POLICE DEPT,20180059655,Davidson,Nashville,1/18/2018 11:50:00 PM,2,2,0,36.163020,-86.761500,I 24,,,,0.00,,,,,,,49.25,N,Not at Intersection,N,Non-Junction,None,,,         ,Eric,Hall,Clear,HeadOn,no,no,no,no,no,False
101890448,METROPOLITAN NASHVILLE POLICE DEPT,20180059786,Davidson,Nashville,1/19/2018 12:41:00 AM,4,1,0,36.072670,-86.685030,CHEROKEE PL,,,,0.00,,,,,,,0.00,,Not at Intersection,N,Non-Junction,None,,,         ,Robert,Erickson,Clear,Other,no,no,no,yes,no,False
101890449,METROPOLITAN NASHVILLE POLICE DEPT,20180059876,Davidson,Nashville,1/19/2018 12:00:00 AM,3,0,0,36.179420,-86.759650,NEILL AV,,,,300.00,Feet,North,SMILEY ST,,,,0.00,N,Not at Intersection,N,Non-Junction,None,,,         ,Amanda,Hane,Other,Unknown,no,no,no,no,yes,False
101890451,METROPOLITAN NASHVILLE POLICE DEPT,20180059577,Davidson,Nashville,1/18/2018 11:30:00 PM,1,0,0,36.205720,-86.622400,OLD HICKORY BLVD,,,,0.00,,,HILLS LN,,,,0.00,Y,Four-Way, ,Intersection,None,,,         ,Leonard,Spadavecchia,Clear,Not Collision with Motor Vehicle in Transport,no,no,no,no,no,False
101890458,METROPOLITAN NASHVILLE POLICE DEPT,20180060089,Davidson,Nashville,1/19/2018 12:00:00 AM,1,0,0,36.106410,-86.719060,I 24,,,,0.00,,,,,,,54.00,N,Not at Intersection,N,Non-Junction,None,,,         ,Robert,Erickson,Clear,Not Collision with Motor Vehicle in Transport,no,no,no,no,yes,False
101890459,METROPOLITAN NASHVILLE POLICE DEPT,20180060091,Davidson,Nashville,1/19/2018 12:00:00 AM,1,0,0,36.184550,-86.812180,CASS ST,,,,39.00,Feet,East,18TH AVN,,,,0.00,N,Not at Intersection,N,Non-Junction,None,,,         ,Jamel,Griffin,Clear,Not Collision with Motor Vehicle in Transport,no,no,no,no,yes,False
101890464,METROPOLITAN NASHVILLE POLICE DEPT,20180059953,Davidson,Nashville,1/19/2018 1:57:00 AM,1,1,0,36.173000,-86.768480,I24 W EXT RAMP,,,,0.00,Feet,East,I 24,,,,0.00,N,Not at Intersection,N,Entrance/Exit Ramp Related,None,,,         ,Shaquille,Graham,Clear,Not Collision with Motor Vehicle in Transport,no,no,no,no,no,False
101890469,METROPOLITAN NASHVILLE POLICE DEPT,20180059612,Davidson,Nashville,1/18/2018 9:43:00 PM,2,0,0,36.137150,-86.635420,QUAIL RUN,,,,112.00,Feet,West,QUAIL RUN CT,,,,0.00,N,Not at Intersection,N,Non-Junction,None,,,         ,Bridget,Griepentrog,Clear,Angle,no,no,no,no,no,False
101890486,METROPOLITAN NASHVILLE POLICE DEPT,20180060090,Davidson,Berry Hill,1/19/2018 3:04:00 AM,1,0,0,36.115710,-86.773210,I 65,,,,0.00,,,,,,,80.15,N,Not at Intersection,N,Non-Junction,None,,,         ,John,Tyree,Clear,Not Collision with Motor Vehicle in Transport,no,no,no,no,no,False
101890506,METROPOLITAN NASHVILLE POLICE DEPT,20180060522,Davidson,Nashville,1/19/2018 5:35:00 AM,2,0,0,36.068630,-86.770230,I 65,,,,0.00,,,,,,,76.85,N,Not at Intersection,N,Non-Junction,None,,,         ,William,Hamblen,Clear,"Sideswipe, Same Direction",no,no,no,no,yes,False
101890509,METROPOLITAN NASHVILLE POLICE DEPT,20180060473,Davidson,Nashville,1/19/2018 5:38:00 AM,1,1,0,36.154210,-86.759180,I 40,,,,0.00,,,,,,,211.00,N,Not at Intersection,Y,Non-Junction,None,,,         ,Joseph,Patricio,Clear,Not Collision with Motor Vehicle in Transport,no,no,no,no,no,False
101890515,METROPOLITAN NASHVILLE POLICE DEPT,20180060540,Davidson,Nashville,1/19/2018 6:09:00 AM,2,0,0,36.143170,-86.736820,I 40,,,,0.00,,,,,,,212.70,N,Not at Intersection,N,Non-Junction,None,,,         ,Curtis,Fisher,Clear,Not Collision with Motor Vehicle in Transport,no,no,no,no,no,False
101890525,METROPOLITAN NASHVILLE POLICE DEPT,20180060596,Davidson,Nashville,1/19/2018 7:00:00 AM,2,0,0,36.135050,-86.820380,I 440,,,,0.00,,,,,,,1.60,N,Not at Intersection, ,Non-Junction,None,,,         ,Curtis,Rich,Clear,Front to Rear,no,no,no,no,no,False
101890532,METROPOLITAN NASHVILLE POLICE DEPT,20180060566,Davidson,Nashville,1/19/2018 6:24:00 AM,3,2,0,36.183270,-86.610300,OLD HICKORY BLVD,,,,171.00,Feet,East,DODSON CHAPEL RD,,,,0.00,N,Not at Intersection,N,Non-Junction,None,,,         ,Michael,Dance,Clear,"Sideswipe, Same Direction",no,no,no,no,no,False
101890540,METROPOLITAN NASHVILLE POLICE DEPT,20180060588,Davidson,Nashville,1/19/2018 6:47:00 AM,2,0,0,36.144390,-86.696110,I 40,,,,0.00,,,,,,,214.95,N,Not at Intersection, ,,None,,,         ,James,Curtis,,,no,no,no,no,no,False
101890548,METROPOLITAN NASHVILLE POLICE DEPT,20180060638,Davidson,Nashville,1/19/2018 6:33:00 AM,2,0,0,36.141490,-86.715610,I 40,,,,0.00,,,,,,,213.90,N,Not at Intersection, ,Non-Junction,None,,,         ,James,Curtis,Clear,Front to Rear,no,no,no,no,no,False
101890565,METROPOLITAN NASHVILLE POLICE DEPT,20180060637,Davidson,Nashville,1/19/2018 7:18:00 AM,2,0,0,36.207300,-86.777820,BRICK CHURCH PKE,,,,91.00,Feet,South,I65 S EXT RAMP,,,,0.00,N,Not at Intersection, ,Non-Junction,None,,,         ,Zachary,Goodall,Clear,Angle,no,no,no,no,no,False
101890566,METROPOLITAN NASHVILLE POLICE DEPT,20180060617,Davidson,Nashville,1/19/2018 7:07:00 AM,2,0,0,36.059070,-86.716220,TUSCULUM RD,,,,0.00,,,NOLENSVILLE PKE,,,,0.00,Y,Four-Way, ,Intersection,None,,,         ,Raymond,Flaherty,Clear,Front to Rear,no,no,no,no,no,False
101890578,METROPOLITAN NASHVILLE POLICE DEPT,20180060695,Davidson,Not in City Limit,1/19/2018 7:49:00 AM,3,0,0,36.077240,-87.006690,I 40,,,,0.00,,,,,,,193.30,N,Not at Intersection,N,Non-Junction,None,,,         ,Curtis,Rich,Clear,Front to Rear,no,no,no,no,no,False
101890581,METROPOLITAN NASHVILLE POLICE DEPT,20180060730,Davidson,Nashville,1/19/2018 7:48:00 AM,2,0,0,36.169230,-86.681030,LEBANON PKE,,,,344.00,Feet,West,MCGAVOCK PKE,,,,0.00,N,Not at Intersection, ,"Driveway, Alley Access, etc",None,,,         ,Michael,Dance,Clear,Angle,no,no,no,no,no,False
101890593,METROPOLITAN NASHVILLE POLICE DEPT,20180060706,Davidson,Not in City Limit,1/19/2018 7:15:00 AM,2,0,0,36.075470,-86.940400,HIGHWAY 70S,,,,0.00,,,BELLEVUE RD,,,,0.00,Y,OTHER, ,Non-Junction,None,,,         ,Wesley,Tilley,Clear,Angle,no,no,no,no,yes,False
101890594,METROPOLITAN NASHVILLE POLICE DEPT,20180060699,Davidson,Nashville,1/19/2018 7:38:00 AM,4,0,0,36.116020,-86.782450,I 440,,,,0.00,,,,,,,4.40,N,Not at Intersection, ,Non-Junction,None,,,         ,Justan,Vance,Clear,Front to Rear,no,no,no,no,no,False
101890614,METROPOLITAN NASHVILLE POLICE DEPT,20180060865,Davidson,Nashville,1/19/2018 8:45:00 AM,1,0,0,36.202100,-86.622280,WRIGHT AV,,,,277.00,Feet,West,OLD HICKORY BLVD,,,,0.00,N,Not at Intersection, ,Non-Junction,None,,,         ,Michael,Dance,Clear,Not Collision with Motor Vehicle in Transport,no,no,no,no,no,False
101890615,METROPOLITAN NASHVILLE POLICE DEPT,20180060856,Davidson,Nashville,1/19/2018 8:25:00 AM,2,0,0,36.141360,-86.716370,I 40,,,,0.00,,,,,,,213.85,N,Not at Intersection, ,Non-Junction,None,,,         ,James,Curtis,Clear,Front to Rear,no,no,no,no,yes,False
101890618,METROPOLITAN NASHVILLE POLICE DEPT,20180060771,Davidson,Nashville,1/19/2018 8:00:00 AM,2,0,0,36.085120,-86.702840,HARDING PL,,,,0.00,,,I24 E ENT RAMP,,,,0.00,Y,OTHER, ,Intersection-Related,None,,,         ,Bradley,Mcgrath,Clear,Front to Rear,no,no,no,no,no,False
101890621,METROPOLITAN NASHVILLE POLICE DEPT,20180060911,Davidson,Nashville,1/19/2018 8:50:00 AM,2,0,0,36.148810,-86.666280,ELM HILL PKE,,,,0.00,,,DONELSON PKE,,,,0.00,Y,Four-Way,Y,Intersection,None,,,         ,Larry,Benz,Clear,Angle,no,no,no,no,yes,False
101890622,METROPOLITAN NASHVILLE POLICE DEPT,20180060824,Davidson,Nashville,1/19/2018 8:30:00 AM,2,0,0,36.079600,-86.726320,NOLENSVILLE PKE,,,,0.00,,,HARDING PL,,,,0.00,Y,Four-Way, ,Intersection,None,,,         ,Raymond,Flaherty,Clear,Front to Rear,no,no,no,no,no,False
101890625,METROPOLITAN NASHVILLE POLICE DEPT,20180060732,Davidson,Nashville,1/19/2018 7:45:00 AM,2,0,0,36.115950,-86.786450,I 440,,,,0.00,,,,,,,4.20,N,Not at Intersection, ,Non-Junction,None,,,         ,Jon,Mcvey,Clear,Front to Rear,no,no,no,no,no,False
101890626,METROPOLITAN NASHVILLE POLICE DEPT,20180060812,Davidson,Nashville,1/19/2018 8:00:00 AM,2,0,0,36.099940,-86.764350,I 65,,,,0.00,,,,,,,79.05,N,Not at Intersection, ,Non-Junction,None,,,         ,Jon,Mcvey,Clear,"Sideswipe, Same Direction",no,no,no,no,no,False
101890632,VANDERBILT UNIVERSITY POLICE,20180057687,Davidson,Nashville,1/18/2018 1:09:00 PM,2,0,0,36.140400,-86.801530,MEDCIAL CENTER DR,DR,,,0.00,,North,,,,,999.99,N,Not at Intersection,N,Non-Junction,None,,,         ,Stephanie,Reaber,Clear,"Sideswipe, Same Direction",no,no,no,no,no,Campus
101890634,THP District 3 - Nashville,318003779,Davidson,Nashville,1/17/2018 11:02:00 AM,3,0,0,36.140630,-86.732000,I 40,,,,0.00,,,,,,,213.00,N,Not at Intersection,Y,Entrance/Exit Ramp Related,None,,,         ,Charles,Achinger,Cloudy,Front to Rear,no,no,no,no,yes,False
101890635,METROPOLITAN NASHVILLE POLICE DEPT,20180060703,Davidson,Nashville,1/19/2018 7:43:00 AM,2,0,0,36.106580,-86.718930,I 24,,,,0.00,,,,,,,54.00,N,Not at Intersection,N,Non-Junction,None,,,         ,Charles,Wakefield,Clear,Front to Rear,no,no,no,no,no,False
101890640,METROPOLITAN NASHVILLE POLICE DEPT,20180060773,Davidson,Nashville,1/19/2018 7:30:00 AM,2,0,0,36.103930,-86.822680,CROSS CREEK RD,,,,56.00,Feet,North,WARFIELD LN,,,,0.00,N,Not at Intersection,N,Non-Junction,None,,,         ,Paul,Junkmann,Clear,Angle,no,no,no,no,no,False
101890641,METROPOLITAN NASHVILLE POLICE DEPT,20180060795,Davidson,Nashville,1/19/2018 8:00:00 AM,2,0,0,36.091190,-86.703990,I 24,,,,0.00,,,,,,,55.30,N,Not at Intersection,N,Non-Junction,None,,,         ,Terry,Miller,Clear,Front to Rear,no,no,no,no,no,False
101890658,METROPOLITAN NASHVILLE POLICE DEPT,20180061043,Davidson,Nashville,1/19/2018 10:00:00 AM,2,0,0,36.128000,-86.851960,WHITE BRIDGE PKE,,,,0.00,,,POST PL,,,,0.00,Y,Four-Way,N,Intersection,None,,,         ,Curtis,Rich,Clear,Angle,no,no,no,no,no,False
101890669,METROPOLITAN NASHVILLE POLICE DEPT,20180060981,Davidson,Nashville,1/19/2018 9:25:00 AM,2,0,0,36.173250,-86.765720,MAIN ST ENT RAMP,,,,0.00,Feet,East,SPRING ST,,,,0.00,N,Not at Intersection, ,Entrance/Exit Ramp Related,None,,,         ,Nicholas,Silinsky,Clear,Angle,no,no,no,no,no,False
101890676,METROPOLITAN NASHVILLE POLICE DEPT,20180060924,Davidson,Nashville,1/19/2018 7:45:00 AM,2,0,0,36.078130,-86.657010,OAKWOOD FOREST DR,,,,0.00,,,UNA ANTIOCH PKE,,,,0.00,Y,OTHER, ,Non-Junction,None,,,         ,Jeff,Ha,Clear,Angle,no,no,no,no,no,False
101890679,METROPOLITAN NASHVILLE POLICE DEPT,20180060598,Davidson,Nashville,1/19/2018 6:43:00 AM,2,0,0,36.230360,-86.833380,BRILEY PKWY W EXT RAMP,,,,0.00,Feet,East,CLARKSVILLE PKE,,,,0.00,N,Not at Intersection, ,,None,,,         ,Victor,Alexander,,,no,no,no,no,no,False
101890689,METROPOLITAN NASHVILLE POLICE DEPT,20180060729,Davidson,Nashville,1/19/2018 7:55:00 AM,3,0,0,36.169750,-86.809350,I 40,,,,0.00,,,,,,,207.15,N,Not at Intersection, ,Non-Junction,None,,,         ,Isaac,Wood,Clear,Front to Rear,no,no,no,no,no,False
101890696,METROPOLITAN NASHVILLE POLICE DEPT,20180061144,Davidson,Nashville,1/19/2018 10:39:00 AM,2,1,0,36.139450,-86.734190,MURFREESBORO PKE,,,,379.00,Feet,West,ARLINGTON AV,,,,0.00,N,Not at Intersection,N,Non-Junction,None,,,         ,James,Curtis,Clear,Front to Rear,no,no,no,no,no,False
101890720,METROPOLITAN NASHVILLE POLICE DEPT,20180060640,Davidson,Nashville,1/19/2018 7:15:00 AM,3,0,0,36.186600,-86.631210,CENTRAL PKE,,,,150.00,Feet,East,LEBANON PKE,,,,0.00,N,Not at Intersection,N,Non-Junction,None,,,         ,Nicolas,Pernell,Clear,Angle,no,no,no,no,no,False
101890723,METROPOLITAN NASHVILLE POLICE DEPT,20180060738,Davidson,Nashville,1/19/2018 8:04:00 AM,2,0,0,36.203570,-86.776820,I 65,,,,0.00,,,,,,,87.10,N,Not at Intersection, ,Non-Junction,None,,,         ,Ryan,McManman,Clear,Front to Rear,no,no,no,no,no,False
101890725,METROPOLITAN NASHVILLE POLICE DEPT,20180061284,Davidson,Nashville,1/19/2018 7:55:00 AM,3,0,0,36.169750,-86.809350,I 40,,,,0.00,,,,,,,207.15,N,Not at Intersection, ,Non-Junction,None,,,         ,Isaac,Wood,Clear,Front to Rear,no,no,no,no,no,False
101890726,METROPOLITAN NASHVILLE POLICE DEPT,20180060761,Davidson,Nashville,1/19/2018 8:15:00 AM,3,1,0,36.168520,-86.813450,I40 E EXT RAMP,,,,0.00,,,I 40,,,,0.00,Y,Y-Intersection,N,Entrance/Exit Ramp Related,None,,,         ,Steven,Smith,Clear,Front to Rear,no,no,no,no,yes,False
101890735,METROPOLITAN NASHVILLE POLICE DEPT,20180060716,Davidson,Nashville,1/19/2018 7:50:00 AM,3,0,0,36.122940,-86.772980,I 65,,,,0.00,,,,,,,80.55,N,Not at Intersection, ,Non-Junction,None,,,         ,Bryan,Moore,Clear,Front to Rear,no,no,no,no,no,False
101890748,METROPOLITAN NASHVILLE POLICE DEPT,20180061304,Davidson,Nashville,1/19/2018 11:00:00 AM,2,0,0,36.080800,-86.921820,SUMMIT OAKS DR,,,,95.00,Feet,South,SUMMIT OAKS PL,,,,0.00,N,Not at Intersection, ,Non-Junction,None,,,         ,Curtis,Rich,Clear,Rear to Rear,no,no,no,no,no,False
101890756,METROPOLITAN NASHVILLE POLICE DEPT,20180061335,Davidson,Nashville,1/19/2018 10:00:00 AM,1,0,0,36.090690,-86.606600,PRIEST LAKE DR,,,,47.00,Feet,West,ANDERSON RD,,,,0.00,N,Not at Intersection,N,Non-Junction,None,,,         ,Michael,Dance,Clear,Not Collision with Motor Vehicle in Transport,no,no,no,no,no,False
101890762,METROPOLITAN NASHVILLE POLICE DEPT,20180061433,Davidson,Nashville,1/19/2018 12:33:00 PM,2,0,0,36.144340,-86.836640,UTAH AV,,,,65.00,Feet,East,42ND AVN,,,,0.00,N,Not at Intersection, ,Non-Junction,None,,,         ,Curtis,Rich,Clear,"Sideswipe, Opposite Direction",no,no,no,no,yes,False
101890763,METROPOLITAN NASHVILLE POLICE DEPT,20180061439,Davidson,Not in City Limit,1/19/2018 12:28:00 PM,2,0,0,36.263070,-86.711920,STATE RT 45,,,,0.00,,,GALLATIN PKEN,,,,0.00,Y,Four-Way,N,Intersection-Related,None,,,         ,Eric,Richardson,Clear,Front to Rear,no,no,no,no,yes,False
101890766,METROPOLITAN NASHVILLE POLICE DEPT,20180061005,Davidson,Madison,1/19/2018 9:47:00 AM,2,0,0,36.258640,-86.713470,GALLATIN PKES,,,,50.00,Feet,North,HARRIS ST,,,,0.00,N,Not at Intersection, ,Non-Junction,None,,,         ,Donald,Davidson,Clear,Front to Rear,no,no,no,no,yes,False
101890773,METROPOLITAN NASHVILLE POLICE DEPT,20180061287,Davidson,Nashville,1/19/2018 12:00:00 AM,2,2,0,36.153590,-86.785550,12TH AVS,,,,0.00,,,LAUREL ST,,,,0.00,Y,Four-Way,N,Intersection,None,,,         ,James,Thornton,Clear,Angle,no,no,no,no,no,False
101890776,METROPOLITAN NASHVILLE POLICE DEPT,20180061452,Davidson,Nashville,1/19/2018 12:30:00 PM,2,0,0,36.158810,-86.798160,CHARLOTTE AV,,,,0.00,,,17TH AVN,,,,0.00,Y,Four-Way, ,Non-Junction,None,,,         ,Isaac,Wood,Clear,Front to Rear,no,no,no,no,no,False
101890778,METROPOLITAN NASHVILLE POLICE DEPT,2018-0060841,Davidson,Nashville,1/19/2018 8:43:00 AM,3,2,0,36.109280,-86.769790,I 65,,,,0.00,,,,,,,79.70,N,Not at Intersection,N,Non-Junction,None,,,         ,William,Caillouette,Clear,Front to Rear,no,no,no,no,yes,False
101890783,METROPOLITAN NASHVILLE POLICE DEPT,20180061365,Davidson,Nashville,1/19/2018 12:00:00 PM,2,0,0,36.160760,-86.793690,14TH AVN,,,,0.00,,,CHARLOTTE AV,,,,0.00,Y,Four-Way, ,Intersection,None,,,         ,Riley,Brewer,Clear,"Sideswipe, Same Direction",no,no,no,no,no,False
101890784,METROPOLITAN NASHVILLE POLICE DEPT,20180060633,Davidson,Nashville,1/19/2018 6:45:00 AM,2,0,0,36.154050,-86.822920,I 440,,,,0.00,,,,,,,0.70,N,Not at Intersection,N,Non-Junction,None,,,         ,Walter,Gray II,Clear,Not Collision with Motor Vehicle in Transport,no,no,no,no,no,False
101890785,METROPOLITAN NASHVILLE POLICE DEPT,20180060753,Davidson,Nashville,1/19/2018 8:08:00 AM,2,2,0,36.131430,-86.834320,WEST END AV,,,,0.00,,,WILSON BLVDS,,,,0.00,Y,T-Intersection,N,Intersection,None,,,         ,Walter,Gray II,Clear,Angle,no,no,no,no,no,False
101890796,METROPOLITAN NASHVILLE POLICE DEPT,20180061437,Davidson,Nashville,1/19/2018 12:40:00 PM,2,0,0,36.146070,-86.799550,21ST AVS,,,,0.00,,,SCARRITT PL,,,,0.00,Y,Four-Way, ,,None,,,         ,Russell,Wade,,,no,no,no,no,no,Campus
101890852,METROPOLITAN NASHVILLE POLICE DEPT,20180061582,Davidson,Nashville,1/19/2018 1:18:00 PM,2,0,0,36.127020,-86.789190,12TH AVS,,,,222.00,Feet,North,ELMWOOD AV,,,,0.00,N,Not at Intersection, ,,None,,,         ,Nathan,Kemp,,,no,no,no,no,no,False
101890879,METROPOLITAN NASHVILLE POLICE DEPT,2018-0061390,Davidson,Nashville,1/19/2018 12:09:00 PM,2,0,0,36.167150,-86.779610,3RD AVN,,,,0.00,,,JAMES ROBERTSON PKWY,,,,0.00,Y,Four-Way, ,Intersection,None,,,         ,Brenna,Hosey,Clear,"Sideswipe, Opposite Direction",no,no,no,no,no,False
101890916,METROPOLITAN NASHVILLE POLICE DEPT,2018-0061553,Davidson,Nashville,1/19/2018 1:05:00 PM,1,0,0,36.149790,-86.767340,2ND AVS,,,,309.00,Feet,North,LAFAYETTE ST,,,,0.00,N,Not at Intersection,N,Non-Junction,None,,,         ,William,Whitworth,Clear,Not Collision with Motor Vehicle in Transport,no,no,no,no,yes,False
101890918,METROPOLITAN NASHVILLE POLICE DEPT,20180061489,Davidson,Nashville,1/19/2018 12:35:00 PM,2,0,0,36.236120,-86.758160,DICKERSON PKE,,,,155.00,Feet,South,I65 N ENT RAMP,,,,0.00,N,Not at Intersection, ,Non-Junction,None,,,         ,Quinn,White,Clear,"Sideswipe, Same Direction",no,no,no,no,no,False
101890931,METROPOLITAN NASHVILLE POLICE DEPT,20180061587,Davidson,Nashville,1/19/2018 1:18:00 PM,2,0,0,36.119380,-86.774780,FRANKLIN PKE,,,,198.00,Feet,North,BERRY RD,,,,0.00,N,Not at Intersection, ,Non-Junction,None,,,         ,Justin,Pinkelton,Clear,"Sideswipe, Same Direction",no,no,no,no,no,False
101890939,METROPOLITAN NASHVILLE POLICE DEPT,20180061498,Davidson,Nashville,1/19/2018 12:48:00 PM,1,1,0,36.142760,-86.683890,I 40,,,,0.00,,,,,,,215.65,N,Not at Intersection,N,Non-Junction,None,,,         ,James,Curtis,Clear,Not Collision with Motor Vehicle in Transport,no,no,no,no,no,False
101890948,METROPOLITAN NASHVILLE POLICE DEPT,20180061648,Davidson,Nashville,1/19/2018 1:30:00 PM,2,0,0,36.145270,-86.811930,WEST END AV,,,,0.00,,,28TH AVS,,,,0.00,Y,T-Intersection, ,Intersection-Related,None,,,         ,Riley,Brewer,Clear,Front to Rear,no,no,no,no,no,Campus
101890949,METROPOLITAN NASHVILLE POLICE DEPT,20180061398,Davidson,Nashville,1/19/2018 12:10:00 PM,2,0,0,36.145660,-86.858030,WHITE BRIDGE PKE,,,,238.00,Feet,North,BURGESS AV,,,,0.00,N,Not at Intersection,N,"Driveway, Alley Access, etc",None,,,         ,Walter,Gray II,Clear,Angle,no,no,no,no,no,False
101890950,METROPOLITAN NASHVILLE POLICE DEPT,2018-0061610,Davidson,Nashville,1/19/2018 1:25:00 PM,2,0,0,36.134280,-86.774730,WEDGEWOOD AV,,,,0.00,,,I65 N ENT RAMP,,,,0.00,Y,Four-Way, ,Intersection-Related,None,,,         ,Aaron,Jones,Clear,Front to Rear,no,no,no,no,yes,False
101890958,METROPOLITAN NASHVILLE POLICE DEPT,20180061701,Davidson,Nashville,1/19/2018 2:00:00 PM,2,0,0,36.120700,-86.807970,LOMBARDY AV,,,,0.00,,,HILLSBORO PKE,,,,0.00,Y,Four-Way,N,Intersection,None,,,         ,Curtis,Rich,Clear,Angle,no,no,no,no,no,False
101890992,METROPOLITAN NASHVILLE POLICE DEPT,2018-0061547,Davidson,Nashville,1/19/2018 1:00:00 PM,3,2,0,36.076440,-86.727080,EDMONDSON PKE,,,,500.00,Feet,West,NOLENSVILLE PKE,,,,0.00,N,Not at Intersection, ,Non-Junction,None,,,         ,Marc,Lemcke,Clear,"Sideswipe, Same Direction",no,no,no,no,no,False
101891010,METROPOLITAN NASHVILLE POLICE DEPT,20180061565,Davidson,Goodlettsville,1/19/2018 1:01:00 PM,2,0,0,36.293190,-86.703580,RIVERGATE SQUARE PVTDR,,,,212.00,Feet,South,ALTA LOMA RD,,,,0.00,N,Not at Intersection, ,Non-Junction,None,,,         ,Cyretha,Frazier,Clear,Angle,no,no,no,no,no,False
101891044,VANDERBILT UNIVERSITY POLICE,18-0061786,Davidson,Nashville,1/19/2018 2:30:00 PM,2,0,0,36.108970,-86.765100,POWELL AVE,,,,0.00,,,,,,,0.00,,, ,OtherLocation,None,,,         ,William,Amburn,Clear,Angle,no,no,no,yes,no,OHO
101891049,METROPOLITAN NASHVILLE POLICE DEPT,20180061662,Davidson,Nashville,1/19/2018 2:00:00 PM,2,0,0,36.109060,-86.723490,BRILEY PKWYN,,,,98.00,Feet,South,BRILEY PKWYS,,,,0.00,N,Not at Intersection, ,Non-Junction,None,,,         ,Jessie,Meadows,Clear,Front to Rear,no,no,no,no,no,False
101891069,METROPOLITAN NASHVILLE POLICE DEPT,20180061753,Davidson,Not in City Limit,1/19/2018 2:33:00 PM,3,0,0,36.101440,-86.934430,I 40,,,,0.00,,,,,,,198.30,N,Not at Intersection, ,Non-Junction,None,,,         ,Ryan,Allen,Clear,Not Collision with Motor Vehicle in Transport,no,no,no,no,no,False
101891081,METROPOLITAN NASHVILLE POLICE DEPT,20180061622,Davidson,Nashville,1/19/2018 12:00:00 AM,2,0,0,36.164510,-86.781060,5TH AVN,,,,0.00,,,UNION ST,,,,0.00,Y,Four-Way,N,Intersection,None,,,         ,Timothy,Kearney,Clear,Angle,no,no,no,no,no,False
101891088,METROPOLITAN NASHVILLE POLICE DEPT,20180061756,Davidson,Nashville,1/19/2018 2:00:00 PM,2,0,0,36.152350,-86.766480,I 40,,,,0.00,,,,,,,210.60,N,Not at Intersection,N,Non-Junction,None,,,         ,Johnathan,Pannell,Clear,Front to Rear,no,no,no,no,yes,False
101891094,METROPOLITAN NASHVILLE POLICE DEPT,20180061809,Davidson,Not in City Limit,1/19/2018 2:59:00 PM,2,0,0,36.260980,-86.712630,GALLATIN PKES,,,,50.00,Feet,South,MAPLE ST,,,,0.00,N,Not at Intersection, ,Non-Junction,None,,,         ,Christopher,Littles,Clear,Angle,no,no,no,no,no,False
101891095,METROPOLITAN NASHVILLE POLICE DEPT,20180061962,Davidson,Not in City Limit,1/19/2018 3:48:00 PM,2,0,0,36.268940,-86.755870,DICKERSON PKE,,,,100.00,Feet,South,OLD HICKORY BLVD,,,,0.00,N,Not at Intersection, ,Non-Junction,None,,,         ,Christopher,Littles,Clear,Angle,no,no,no,no,no,False
101891111,METROPOLITAN NASHVILLE POLICE DEPT,20180061802,Davidson,Nashville,1/19/2018 12:00:00 AM,3,0,0,36.183480,-86.797980,I65 N EXT RAMP,,,,0.00,Feet,,I 65,,,,0.00,Y,T-Intersection, ,Intersection,None,,,         ,Melvin,Taylor,Clear,"Sideswipe, Same Direction",no,no,no,no,no,False
101891114,METROPOLITAN NASHVILLE POLICE DEPT,20180061894,Davidson,Nashville,1/19/2018 3:33:00 PM,2,0,0,36.160760,-86.793690,CHARLOTTE AV,,,,0.00,,,14TH AVN,,,,0.00,Y,Four-Way, ,Intersection-Related,None,,,         ,Eric,Burford,Clear,Angle,no,no,no,no,no,False
101891115,METROPOLITAN NASHVILLE POLICE DEPT,20180061760,Davidson,Not in City Limit,1/19/2018 2:41:00 PM,2,0,0,36.280230,-86.944670,RIDGE RD,,,,202.00,Feet,East,HIGDON RD,,,,0.00,N,Not at Intersection,N,Non-Junction,None,,,         ,Samuel,Galluzzi,Clear,Angle,no,no,no,no,no,False
101891117,METROPOLITAN NASHVILLE POLICE DEPT,20180061967,Davidson,Nashville,1/19/2018 2:00:00 PM,2,0,0,36.049980,-86.649500,MT VIEW RD,,,,0.00,,,BELL RD,,,,0.00,Y,Four-Way, ,Intersection,None,,,         ,Devonte,Coleman,Clear,"Sideswipe, Same Direction",no,no,no,no,no,False
101891138,METROPOLITAN NASHVILLE POLICE DEPT,20180061996,Davidson,Nashville,1/19/2018 4:06:00 PM,2,0,0,36.139780,-86.823650,MURPHY RD,,,,0.00,,,I440 E EXT RAMP,,,,0.00,Y,OTHER, ,,None,,,         ,Ryan,Allen,,,no,no,no,no,no,False