master_record_number,agency,agency_tracking_number,county,city,collision_date,vehicles_involved,number_injured,number_dead,latitude,longitude,roadway_name,roadway_suffix,roadway_number,roadway_local_id,distance_from_reference,miles-feet_indicator,direction_from_reference,intersection_road_name,intersection_road_name_suffix,intersection_road_number,intersection_local_id,mile_marker,intersection_indicator,intersect_type,interchange_related_indicator,relation_to_junction,work_zone_type,construction_maintenance_zone,construction_maintenance_zone_location,fatal_case_number,officer_first_name,officer_last_name,weather_condition(s),manner_of_crash,pedestrian,bicycle,scooter,parking,hitrun,mou
101891140,METROPOLITAN NASHVILLE POLICE DEPT,20180061978,Davidson,Nashville,1/19/2018 3:50:00 PM,1,0,0,36.154250,-86.757150,HERMITAGE AV,,,,37.00,Feet,East,NESTOR ST,,,,0.00,N,Not at Intersection, ,,None,,,         ,Trenton,Searcy,,,no,no,no,no,no,False
101891146,METROPOLITAN NASHVILLE POLICE DEPT,20180061877,Davidson,Nashville,1/19/2018 3:20:00 PM,2,0,0,36.146650,-86.809010,WEST END AV,,,,131.00,Feet,West,CENTENNIAL PARK PVTDR,,,,0.00,N,Not at Intersection, ,Non-Junction,None,,,         ,Jon,Mcvey,Clear,Angle,no,no,no,no,no,Campus
101891153,METROPOLITAN NASHVILLE POLICE DEPT,2018-0058511,Davidson,Nashville,1/18/2018 4:20:00 PM,2,0,0,36.154550,-86.788380,I 40,,,,0.00,,,,,,,209.25,N,Not at Intersection,N,Non-Junction,None,,,         ,Clayton,Lewis,Clear,Front to Rear,no,no,no,no,no,False
101891154,METROPOLITAN NASHVILLE POLICE DEPT,20180061993,Davidson,Nashville,1/19/2018 4:00:00 PM,2,0,0,36.143330,-86.686490,I 40,,,,0.00,,,,,,,215.50,N,Not at Intersection, ,,None,,,         ,Samuel,Sundra,,,no,no,no,no,no,False
101891163,METROPOLITAN NASHVILLE POLICE DEPT,20180061935,Davidson,Nashville,1/19/2018 2:53:00 PM,2,0,0,36.110670,-86.741900,THOMPSON LN,,,,0.00,,,LOGAN ST,,,,0.00,Y,T-Intersection, ,Intersection,None,,,         ,Ciarra,Rench,Clear,Front to Rear,no,no,no,no,no,False
101891164,METROPOLITAN NASHVILLE POLICE DEPT,20180061969,Davidson,Nashville,1/19/2018 3:51:00 PM,2,0,0,36.174200,-86.751990,FATHERLAND ST,,,,0.00,,,S 10TH ST,,,,0.00,Y,Four-Way, ,Intersection,None,,,         ,James,Smith,Clear,Other,no,no,no,no,no,False
101891185,METROPOLITAN NASHVILLE POLICE DEPT,20180061898,Davidson,Nashville,1/19/2018 3:37:00 PM,2,0,0,36.111220,-86.771560,I 65,,,,0.00,,,,,,,79.85,N,Not at Intersection,N,Non-Junction,None,,,         ,Nicholas,Carroll,Clear,Front to Rear,no,no,no,no,no,False
101891186,METROPOLITAN NASHVILLE POLICE DEPT,20180062184,Davidson,Nashville,1/19/2018 4:16:00 PM,2,0,0,36.145000,-86.857970,BURGESS AV,,,,0.00,,,WHITE BRIDGE PKE,,,,0.00,Y,Four-Way,N,Intersection,None,,,         ,Ryan,Allen,Clear,Angle,no,no,no,no,no,False
101891211,METROPOLITAN NASHVILLE POLICE DEPT,20180062125,Davidson,Nashville,1/19/2018 4:27:00 PM,1,1,0,36.153210,-86.789200,DEMONBREUN ST,,,,267.00,Feet,West,14TH AVS,,,,0.00,N,Not at Intersection,N,Non-Junction,None,,,         ,Randall,Ward,Clear,Not Collision with Motor Vehicle in Transport,yes,no,no,no,yes,False
101891223,METROPOLITAN NASHVILLE POLICE DEPT,20180062123,Davidson,Nashville,1/19/2018 4:41:00 PM,2,1,0,36.122890,-86.750860,I 440,,,,0.00,,,,,,,6.30,N,Not at Intersection,N,Non-Junction,None,,,         ,Patrick,Martin,Clear,Front to Rear,no,no,no,no,yes,False
101891243,METROPOLITAN NASHVILLE POLICE DEPT,20180062264,Davidson,Nashville,1/19/2018 4:53:00 PM,2,0,0,36.121540,-86.758450,I 440,,,,0.00,,,,,,,5.85,N,Not at Intersection, ,Non-Junction,None,,,         ,Douglas,Sykes,Clear,Front to Rear,no,no,no,no,no,False
101891262,METROPOLITAN NASHVILLE POLICE DEPT,20180062315,Davidson,Nashville,1/19/2018 5:26:00 PM,3,0,0,36.164670,-86.868590,BRILEY PKWYN,,,,308.00,Feet,North,BRILEY PKWYS,,,,0.00,N,Not at Intersection,N,Non-Junction,None,,,         ,Ryan,Allen,Clear,Front to Rear,no,no,no,no,no,False
101891267,METROPOLITAN NASHVILLE POLICE DEPT,20180062191,Davidson,Nashville,1/19/2018 5:05:00 PM,2,0,0,36.064140,-86.629160,HAMILTON CHURCH RD,,,,311.00,Feet,South,MURFREESBORO PKE,,,,0.00,N,Not at Intersection, ,Non-Junction,None,,,         ,Jessie,Meadows,Clear,Angle,no,no,no,no,no,False
101891268,METROPOLITAN NASHVILLE POLICE DEPT,20180062153,Davidson,Nashville,1/19/2018 5:00:00 PM,4,0,0,36.048440,-86.654260,BELL RD,,,,592.00,Feet,East,HICKORY HOLLOW MALL PVTDR PL,,,,0.00,N,Not at Intersection,N,Non-Junction,None,,,         ,Jessie,Meadows,Clear,Front to Rear,no,no,no,no,yes,False
101891278,METROPOLITAN NASHVILLE POLICE DEPT,20180062316,Davidson,Nashville,1/19/2018 5:38:00 PM,2,0,0,36.050760,-86.719200,OCALA DR,,,,922.00,Feet,West,HICKORY PLZ,,,,0.00,N,Not at Intersection, ,Non-Junction,None,,,         ,Nicholas,Carroll,Clear,"Sideswipe, Opposite Direction",no,no,no,no,yes,False
101891281,METROPOLITAN NASHVILLE POLICE DEPT,20180062510,Davidson,Nashville,1/19/2018 6:40:00 PM,2,0,0,36.153710,-86.857490,I40 W EXT RAMP,,,,0.00,,,BRILEY PKWY S EXT RAMP,,,,0.00,Y,OTHER, ,,None,,,         ,Ryan,Allen,,,no,no,no,no,no,False
101891284,METROPOLITAN NASHVILLE POLICE DEPT,20180062444,Davidson,Nashville,1/19/2018 5:40:00 PM,2,1,0,36.044160,-86.656740,I24 W EXT RAMP,,,,0.00,,,I 24,,,,0.00,Y,OTHER,N,Entrance/Exit Ramp Related,None,,,         ,Eric,Keller,Clear,Front to Rear,no,no,no,no,no,False
101891287,METROPOLITAN NASHVILLE POLICE DEPT,20180062560,Davidson,Nashville,1/19/2018 6:03:00 PM,2,0,0,36.060190,-86.903400,OLD HICKORY BLVD,,,,857.00,Feet,South,HIGHWAY 100,,,,0.00,N,Not at Intersection,N,Non-Junction,None,,,         ,Brandon,Pedigo,Clear,Front to Rear,no,no,no,no,yes,False
101891288,VANDERBILT UNIVERSITY POLICE,20180062009,Davidson,Nashville,1/19/2018 12:00:00 PM,2,0,0,36.139480,-86.804410,CHILDRENS WAY,,,,0.00,,,,,,,0.00,,, ,,None,,,         ,Olivia,Oliver,,,no,no,no,yes,no,Campus
101891289,METROPOLITAN NASHVILLE POLICE DEPT,20180062502,Davidson,Nashville,1/19/2018 5:25:00 PM,2,0,0,36.161880,-86.791140,CHARLOTTE AV,,,,178.00,Feet,West,11TH AVN,,,,0.00,N,Not at Intersection, ,Non-Junction,None,,,         ,Derek,Betty,Clear,Front to Rear,no,no,no,no,no,False
101891291,METROPOLITAN NASHVILLE POLICE DEPT,20180062259,Davidson,Not in City Limit,1/19/2018 5:20:00 PM,3,1,0,36.271430,-86.689640,MYATT DR,,,,249.00,Feet,South,ANDERSON LN,,,,0.00,N,Not at Intersection,N,Non-Junction,None,,,         ,Brittani,Campbell,Clear,Angle,no,no,no,no,no,False
101891297,METROPOLITAN NASHVILLE POLICE DEPT,20180062169,Davidson,Nashville,1/19/2018 4:54:00 PM,2,2,0,36.184410,-86.748110,GALLATIN AV,,,,115.00,Feet,South,CHICAMAUGA AV,,,,0.00,N,Not at Intersection,N,Non-Junction,None,,,         ,Richard,Conger,Clear,Angle,no,no,no,no,yes,False
101891303,METROPOLITAN NASHVILLE POLICE DEPT,20180062298,Davidson,Nashville,1/19/2018 5:20:00 PM,1,0,0,36.151510,-86.767640,1ST AVS,,,,0.00,,,CARROLL ST,,,,0.00,Y,OTHER,N,Non-Junction,None,,,         ,Johnathan,Pannell,Clear,Not Collision with Motor Vehicle in Transport,no,no,no,no,yes,False
101891306,METROPOLITAN NASHVILLE POLICE DEPT,20180062556,Davidson,Nashville,1/19/2018 6:40:00 PM,2,1,0,36.130010,-86.727850,I 24,,,,0.00,,,,,,,51.20,N,Not at Intersection,N,Entrance/Exit Ramp Related,None,,,         ,Eric,Keller,Clear,Front to Rear,no,no,no,no,no,False
101891307,METROPOLITAN NASHVILLE POLICE DEPT,20180062373,Davidson,Nashville,1/19/2018 5:47:00 PM,2,0,0,36.114150,-86.812790,WOODMONT BLVD,,,,145.00,Feet,West,VALLEY BROOK RD,,,,0.00,N,Not at Intersection,N,Non-Junction,None,,,         ,Andrew,McCarron,Clear,Front to Rear,no,no,no,no,no,False
101891308,METROPOLITAN NASHVILLE POLICE DEPT,20180062525,Davidson,Nashville,1/19/2018 6:22:00 PM,2,1,0,36.044240,-86.713130,BRENTWOOD EAST DR,,,,0.00,,,NOLENSVILLE PKE,,,,0.00,Y,T-Intersection,N,Non-Junction,None,,,         ,Nicholas,Carroll,Clear,Other,no,no,no,no,no,False
101891314,METROPOLITAN NASHVILLE POLICE DEPT,20180062624,Davidson,Nashville,1/19/2018 6:20:00 PM,2,0,0,36.095750,-86.820290,BURTON HILLS BLVD,,,,58.00,Feet,North,CUMBERLAND PL,,,,0.00,N,Not at Intersection,N,Non-Junction,None,,,         ,FELIKS,ABRAHAMYAN,Clear,"Sideswipe, Same Direction",no,no,no,no,yes,False
101891317,METROPOLITAN NASHVILLE POLICE DEPT,20180062588,Davidson,Nashville,1/19/2018 6:20:00 PM,2,0,0,36.137700,-86.727610,I 24,,,,0.00,,,,,,,51.35,N,Not at Intersection, ,Non-Junction,None,,,         ,Nathan,Dungan,Clear,Front to Rear,no,no,no,no,no,False
101891318,METROPOLITAN NASHVILLE POLICE DEPT,20180062442,Davidson,Not in City Limit,1/19/2018 12:00:00 AM,1,1,0,36.263740,-86.829170,KNIGHT DR,,,,497.00,Feet,East,WHITES CREEK PKE,,,,0.00,N,Not at Intersection,N,Non-Junction,None,,,         ,Melvin,Taylor,Clear,Not Collision with Motor Vehicle in Transport,no,no,no,no,no,False
101891336,METROPOLITAN NASHVILLE POLICE DEPT,20180062410,Davidson,Not in City Limit,1/19/2018 6:06:00 PM,4,1,0,36.286730,-86.808100,I 24,,,,0.00,,,,,,,39.75,N,Not at Intersection,N,Non-Junction,None,,,         ,Christopher,Littles,Cloudy,Front to Rear,no,no,no,no,no,False
101891337,METROPOLITAN NASHVILLE POLICE DEPT,20180062544,Davidson,Not in City Limit,1/19/2018 6:54:00 PM,2,0,0,36.262210,-86.712210,GALLATIN PKES,,,,0.00,,,E OLD HICKORY BLVD,,,,0.00,Y,T-Intersection, ,Intersection,None,,,         ,Christopher,Littles,Cloudy,HeadOn,no,no,no,no,no,False
101891373,METROPOLITAN NASHVILLE POLICE DEPT,20180062159,Davidson,Nashville,1/19/2018 4:44:00 PM,2,0,0,36.185020,-86.775180,I 24,,,,0.00,,,,,,,47.25,N,Not at Intersection, ,Non-Junction,None,,,         ,Hunter,Fikes,Clear,Angle,no,no,no,no,yes,False
101891375,METROPOLITAN NASHVILLE POLICE DEPT,20180062628,Davidson,Nashville,1/19/2018 7:04:00 PM,2,0,0,36.153530,-86.764300,I 40,,,,0.00,,,,,,,210.75,N,Not at Intersection, ,Non-Junction,None,,,         ,Phillip,Box,Clear,Front to Rear,no,no,no,no,no,False
101891376,METROPOLITAN NASHVILLE POLICE DEPT,20180062568,Davidson,Nashville,1/19/2018 6:13:00 PM,2,0,0,36.142070,-86.823040,I440 E EXT RAMP,,,,0.00,,,I 440,,,,0.00,Y,OTHER,Y,Entrance/Exit Ramp Related,None,,,         ,Roy,McElwee,Clear,"Sideswipe, Same Direction",no,no,no,no,no,False
101891377,METROPOLITAN NASHVILLE POLICE DEPT,20180062397,Davidson,Nashville,1/19/2018 5:45:00 PM,2,0,0,36.072680,-86.691700,I 24,,,,0.00,,,,,,,56.75,N,Not at Intersection,N,Non-Junction,None,,,         ,Christopher,Augustin,Clear,"Sideswipe, Same Direction",no,no,no,no,no,False
101891378,METROPOLITAN NASHVILLE POLICE DEPT,20180062372,Davidson,Nashville,1/19/2018 8:00:00 PM,2,0,0,36.160100,-86.779300,BROADWAY,,,,203.00,Feet,East,6TH AVS,,,,0.00,N,Not at Intersection, ,Non-Junction,None,,,         ,Jessie,Loy,Clear,"Sideswipe, Same Direction",no,no,no,no,no,False
101891390,METROPOLITAN NASHVILLE POLICE DEPT,20180062977,Davidson,Nashville,1/19/2018 12:00:00 AM,1,1,0,36.170830,-86.803920,I 40,,,,0.00,,,,,,,207.65,N,Not at Intersection,N,Non-Junction,None,,,         ,Melvin,Taylor,Clear,Not Collision with Motor Vehicle in Transport,no,no,no,no,no,False
101891394,METROPOLITAN NASHVILLE POLICE DEPT,20180062462,Davidson,Nashville,1/19/2018 6:21:00 PM,3,0,0,36.066790,-86.686670,I 24,,,,0.00,,,,,,,57.25,N,Not at Intersection, ,Non-Junction,None,,,         ,John,Petriello,Clear,Front to Rear,no,no,no,no,yes,False
101891396,METROPOLITAN NASHVILLE POLICE DEPT,20180062882,Davidson,Nashville,1/19/2018 8:25:00 PM,2,1,0,36.235430,-86.758280,DICKERSON PKE,,,,121.00,Feet,North,HOMESTEAD RD,,,,0.00,N,Not at Intersection,N,Non-Junction,None,,,         ,Daniel,Wadham,Clear,Front to Rear,no,no,no,no,yes,False
101891397,METROPOLITAN NASHVILLE POLICE DEPT,20180062216,Davidson,Nashville,1/19/2018 5:08:00 PM,2,0,0,36.219330,-86.774530,I 65,,,,0.00,,,,,,,88.25,N,Not at Intersection, ,Non-Junction,None,,,         ,Hunter,Fikes,Clear,Angle,no,no,no,no,no,False
101891398,METROPOLITAN NASHVILLE POLICE DEPT,20180063065,Davidson,Nashville,1/19/2018 9:22:00 PM,2,1,0,36.247700,-86.681980,NEELYS BEND RD,,,,149.00,Feet,West,SIOUX TER,,,,0.00,N,Not at Intersection,N,Non-Junction,None,,,         ,Christopher,Littles,Cloudy,Angle,no,no,no,no,yes,False
101891399,METROPOLITAN NASHVILLE POLICE DEPT,20180063052,Davidson,Nashville,1/19/2018 8:30:00 PM,1,0,0,36.165730,-86.612910,I 40,,,,0.00,,,,,,,220.15,N,Not at Intersection, ,Non-Junction,None,,,         ,Craig,Gentry,Clear,Not Collision with Motor Vehicle in Transport,no,no,no,no,no,False
101891400,METROPOLITAN NASHVILLE POLICE DEPT,2018-0063062,Davidson,Nashville,1/19/2018 8:44:00 PM,1,0,0,36.187680,-86.897350,COCKRILL BEND BLVD,,,,697.00,Feet,South,CENTENNIAL BLVD,,,,0.00,N,Not at Intersection, ,Non-Junction,None,,,         ,Ryan,Allen,Clear,Not Collision with Motor Vehicle in Transport,no,no,no,no,no,False
101891403,METROPOLITAN NASHVILLE POLICE DEPT,20180062735,Davidson,Nashville,1/19/2018 7:31:00 PM,2,0,0,36.070730,-86.634910,MURFREESBORO PKE,,,,560.00,Feet,South,BELL RD,,,,0.00,N,Not at Intersection,N,Non-Junction,None,,,         ,Andrew,Brazee,Clear,Angle,no,no,no,no,yes,False
101891404,METROPOLITAN NASHVILLE POLICE DEPT,20180062671,Davidson,Nashville,1/19/2018 7:29:00 PM,3,1,0,36.176870,-86.603950,OLD HICKORY BLVD,,,,168.00,Feet,South,HERMITAGE WOODS DR,,,,0.00,N,Not at Intersection, ,Non-Junction,None,,,         ,Zachariah,Bush,Clear,"Sideswipe, Same Direction",no,no,no,no,no,False
101891421,METROPOLITAN NASHVILLE POLICE DEPT,20180062873,Davidson,Nashville,1/19/2018 7:37:00 PM,2,0,0,36.131560,-86.792240,15TH AVS,,,,0.00,,East,BERNARD AV,,,,0.00,N,Not at Intersection, ,Non-Junction,None,,,         ,Nicholas,Carroll,Clear,Front to Rear,no,no,no,no,no,False
101891454,METROPOLITAN NASHVILLE POLICE DEPT,20180063116,Davidson,Nashville,1/19/2018 9:36:00 PM,2,1,0,36.154140,-86.625850,STEWARTS FERRY PKE,,,,107.00,Feet,North,PERCY PRIEST DR,,,,0.00,N,Not at Intersection,N,Non-Junction,None,,,         ,Deandera,Payne,Clear,Front to Rear,no,no,no,no,yes,False
101891467,METROPOLITAN NASHVILLE POLICE DEPT,20180062796,Davidson,Nashville,1/19/2018 8:01:00 PM,2,1,0,36.182320,-86.607940,ANDREW JACKSON WAY,,,,19.00,Feet,North,OLD HICKORY BLVD,,,,0.00,N,Not at Intersection, ,Non-Junction,None,,,         ,Zachariah,Bush,Clear,Front to Rear,no,no,no,no,no,False
101891468,METROPOLITAN NASHVILLE POLICE DEPT,20180063229,Davidson,Nashville,1/19/2018 9:44:00 PM,2,0,0,36.107800,-86.812670,HILLSBORO PKE,,,,0.00,,,GREEN HILLS VILLAGE DR,,,,0.00,Y,Four-Way, ,Intersection,None,,,         ,Douglas,Sykes,Clear,Front to Rear,no,no,no,no,no,False
101891469,METROPOLITAN NASHVILLE POLICE DEPT,20180062087,Davidson,Nashville,1/19/2018 4:30:00 PM,2,0,0,36.047390,-86.713500,NOLENSVILLE PKE,,,,514.00,Feet,South,HICKORYVIEW DR,,,,0.00,N,Not at Intersection, ,Non-Junction,None,,,         ,Akira,McSwain,Clear,Angle,no,no,no,no,no,False
101891480,METROPOLITAN NASHVILLE POLICE DEPT,20180062384,Davidson,Nashville,1/19/2018 5:39:00 PM,2,0,0,36.107700,-86.812730,HILLSBORO PKE,,,,43.00,Feet,South,GREEN HILLS VILLAGE DR,,,,0.00,N,Not at Intersection, ,Non-Junction,None,,,         ,Broderick,Jones,Clear,Front to Rear,no,no,no,no,no,False
101891525,METROPOLITAN NASHVILLE POLICE DEPT,20180063356,Davidson,Nashville,1/19/2018 10:34:00 PM,1,0,0,36.174780,-86.720320,LAZENBY DR,,,,250.00,Feet,West,BARCLAY DR,,,,0.00,N,Not at Intersection,N,Non-Junction,None,,,         ,Ryan,Worstall,Clear,Not Collision with Motor Vehicle in Transport,no,no,no,no,yes,False
101891533,METROPOLITAN NASHVILLE POLICE DEPT,20180063308,Davidson,Nashville,1/19/2018 10:35:00 PM,2,1,0,36.057700,-86.677210,I 24,,,,0.00,,,,,,,58.05,N,Not at Intersection,Y,Non-Junction,None,,,         ,Derrick,Toney,Clear,Front to Rear,no,no,no,no,yes,False
101891555,METROPOLITAN NASHVILLE POLICE DEPT,20180063132,Davidson,Nashville,1/19/2018 9:38:00 PM,2,0,0,36.118850,-86.704440,GLENGARRY DR,,,,0.00,,,WINTHORNE DR,,,,0.00,Y,T-Intersection,N,Intersection,None,,,         ,Ciarra,Rench,Clear,"Sideswipe, Opposite Direction",no,no,no,no,no,False
101891558,METROPOLITAN NASHVILLE POLICE DEPT,20180063313,Davidson,Nashville,1/19/2018 10:44:00 PM,1,1,0,36.156490,-86.865380,ROBERTSON AV,,,,144.00,Feet,East,STEVENSON ST,,,,0.00,N,Not at Intersection,N,Non-Junction,None,,,         ,Justin,McCormick,Clear,Not Collision with Motor Vehicle in Transport,no,no,no,no,no,False
101891562,METROPOLITAN NASHVILLE POLICE DEPT,20180063507,Davidson,Nashville,1/19/2018 11:40:00 PM,2,0,0,36.158120,-86.771960,KOREAN VETERANS BLVD,,,,0.00,,,,,,,0.00,,Not at Intersection,N,Non-Junction,None,,,         ,John,Anderson,Clear,Front to Rear,no,no,no,yes,yes,False
101891569,METROPOLITAN NASHVILLE POLICE DEPT,20180063570,Davidson,Nashville,1/19/2018 11:45:00 PM,2,0,0,36.137210,-86.788270,12TH AVS,,,,144.00,Feet,North,WADE AV,,,,0.00,N,Not at Intersection, ,Non-Junction,None,,,         ,Conor,Cronin,Clear,Front to Rear,no,no,no,yes,yes,False
101891579,METROPOLITAN NASHVILLE POLICE DEPT,20180063374,Davidson,Nashville,1/19/2018 11:08:00 PM,3,0,0,36.143660,-86.648540,I 40,,,,0.00,,,,,,,217.35,N,Not at Intersection,N,Non-Junction,None,,,         ,Ralph,Smith IV,Clear,Angle,no,no,no,no,no,False
101891580,METROPOLITAN NASHVILLE POLICE DEPT,20180063627,Davidson,Nashville,1/20/2018 12:25:00 AM,1,0,0,36.169900,-86.592890,I 40,,,,0.00,,,,,,,221.30,N,Not at Intersection,N,Non-Junction,None,,,         ,Patrick,Lancaster,Clear,Not Collision with Motor Vehicle in Transport,no,no,no,no,no,False
101891581,METROPOLITAN NASHVILLE POLICE DEPT,20180063648,Davidson,Nashville,1/20/2018 12:36:00 AM,1,0,0,36.216640,-86.729070,GALLATIN PKE,,,,184.00,Feet,North,OAK ST,,,,0.00,N,Not at Intersection,N,Non-Junction,None,,,         ,Shaquille,Graham,Clear,Not Collision with Motor Vehicle in Transport,no,no,no,no,yes,False
101891583,METROPOLITAN NASHVILLE POLICE DEPT,20180063820,Davidson,Nashville,1/20/2018 1:55:00 AM,2,0,0,36.166440,-86.777200,UNION ST,,,,201.00,Feet,South,1ST AVN,,,,0.00,N,Not at Intersection, ,Non-Junction,None,,,         ,Daniel,Caruth,Clear,"Sideswipe, Same Direction",no,no,no,no,yes,False
101891624,METROPOLITAN NASHVILLE POLICE DEPT,20180064103,Davidson,Nashville,1/20/2018 3:55:00 AM,1,2,0,36.238570,-86.783940,I24 W ENT RAMP,,,,0.00,Feet,East,I 24,,,,0.00,N,Not at Intersection,N,Entrance/Exit Ramp Related,None,,,         ,David,Williford,Clear,Not Collision with Motor Vehicle in Transport,no,no,no,no,no,False
101891639,METROPOLITAN NASHVILLE POLICE DEPT,20180063624,Davidson,Not in City Limit,1/20/2018 12:20:00 AM,2,0,0,36.262570,-86.680230,STATE RT 45,,,,234.00,Feet,East,E OLD HICKORY BLVD,,,,0.00,N,Not at Intersection,N,Non-Junction,None,,,         ,Michael,Reid,Clear,Front to Rear,no,no,no,no,no,False
101891642,METROPOLITAN NASHVILLE POLICE DEPT,20180064155,Davidson,Nashville,1/20/2018 12:00:00 AM,2,0,0,36.150580,-86.796960,BROADWAY,,,,130.00,Feet,North,LYLE AV,,,,0.00,N,Not at Intersection, ,Non-Junction,None,,,         ,Conor,Cronin,Clear,Unknown,no,no,no,no,yes,False
101891650,METROPOLITAN NASHVILLE POLICE DEPT,20180061282,Davidson,Nashville,1/19/2018 11:21:00 AM,3,0,0,36.071660,-86.871420,PAGE RD,,,,322.00,Feet,North,CHICKERING RD,,,,0.00,N,Not at Intersection, ,Non-Junction,None,,,         ,Walter,Gray II,Clear,Front to Rear,no,no,no,no,yes,False
101891672,METROPOLITAN NASHVILLE POLICE DEPT,20180064378,Davidson,Nashville,1/20/2018 7:45:00 AM,2,0,0,36.183500,-86.610760,OLD HICKORY BLVD,,,,0.00,,,DODSON CHAPEL RD,,,,0.00,Y,Four-Way,Y,Intersection,None,,,         ,Steven,Folliard,Clear,Angle,no,no,no,no,yes,False
101891676,Nashville Airport Police,2018-00246,Davidson,Nashville,1/18/2018 11:00:00 AM,2,3,0,36.109690,-86.671460,KNAPP BLVD,,,,0.00,,,DONELSON PKE,,,,0.00,Y,Four-Way,N,Intersection-Related,None,,,         ,Dalton,Engstrom,Clear,Front to Rear,no,no,no,no,no,False
101891685,METROPOLITAN NASHVILLE POLICE DEPT,20180064397,Davidson,Nashville,1/20/2018 8:01:00 AM,2,0,0,36.167950,-86.599910,OLD HICKORY BLVD,,,,215.00,Feet,South,SELLS DR,,,,0.00,N,Not at Intersection, ,Non-Junction,None,,,         ,Michael,Brooks,Clear,"Sideswipe, Same Direction",no,no,no,no,no,False
101891718,METROPOLITAN NASHVILLE POLICE DEPT,20180064358,Davidson,Nashville,1/20/2018 7:44:00 AM,2,1,0,36.137850,-86.857710,WHITE BRIDGE PKE,,,,0.00,,,KNOB RD,,,,0.00,Y,Four-Way,N,Intersection,None,,,         ,Walter,Gray II,Clear,Angle,no,no,no,no,no,False
101891721,METROPOLITAN NASHVILLE POLICE DEPT,20180064308,Davidson,Nashville,1/20/2018 7:00:00 AM,2,0,0,36.106120,-86.672890,MURFREESBORO PKE,,,,60.00,Feet,East,DONELSON PKE,,,,0.00,N,Not at Intersection, ,Non-Junction,None,,,         ,Chad,Turnbow,Clear,Front to Rear,no,no,no,no,no,False
101891723,METROPOLITAN NASHVILLE POLICE DEPT,20180064362,Davidson,Nashville,1/20/2018 7:43:00 AM,2,1,0,36.146970,-86.808360,WEST END AV,,,,0.00,,,25TH AVS,,,,0.00,Y,Four-Way,N,Intersection,None,,,         ,Justan,Vance,Clear,Angle,no,no,no,no,no,Campus
101891741,METROPOLITAN NASHVILLE POLICE DEPT,20180064495,Davidson,Nashville,1/20/2018 9:07:00 AM,2,0,0,36.216570,-86.584010,LEBANON PKE,,,,97.00,Feet,West,LEBANON RD,,,,0.00,N,Not at Intersection, ,Non-Junction,None,,,         ,Cassandra,Del Bosco,Clear,"Sideswipe, Same Direction",no,no,no,no,no,False
101891775,METROPOLITAN NASHVILLE POLICE DEPT,20180064621,Davidson,Nashville,1/20/2018 9:45:00 AM,2,0,0,36.041180,-86.776630,OLD HICKORY BLVD,,,,125.00,Feet,West,BRENTWOOD COMMONS WAY,,,,0.00,N,Not at Intersection,N,Non-Junction,None,,,         ,Earl,Davis,Clear,Front to Rear,no,no,no,no,no,False
101891779,METROPOLITAN NASHVILLE POLICE DEPT,20180064523,Davidson,Nashville,1/20/2018 9:16:00 AM,2,0,0,36.153070,-86.882510,ANNEX AV,,,,0.00,,,AMERICAN RD,,,,0.00,Y,Four-Way,N,Intersection,None,,,         ,Walter,Gray II,Clear,Angle,no,no,no,no,no,False
101891792,METROPOLITAN NASHVILLE POLICE DEPT,20180064537,Davidson,Nashville,1/20/2018 9:20:00 AM,2,0,0,36.164270,-86.762910,I 24,,,,0.00,,,,,,,49.15,N,Not at Intersection,N,Non-Junction,None,,,         ,Faye,Denson,Clear,"Sideswipe, Same Direction",no,no,no,no,yes,False
101891800,METROPOLITAN NASHVILLE POLICE DEPT,20180064675,Davidson,Nashville,1/20/2018 10:47:00 AM,2,0,0,36.238910,-86.725010,WALTON LN,,,,341.00,Feet,West,GALLATIN PKE,,,,0.00,N,Not at Intersection,N,Non-Junction,None,,,         ,Brian,Manning,Clear,Angle,no,no,no,yes,yes,False
101891853,METROPOLITAN NASHVILLE POLICE DEPT,20180064765,Davidson,Nashville,1/20/2018 11:19:00 AM,2,0,0,36.042810,-86.712970,NOLENSVILLE PKE,,,,134.00,Feet,North,SWISS AV,,,,0.00,N,Not at Intersection, ,Non-Junction,None,,,         ,Bryan,Moore,Clear,Front to Rear,no,no,no,no,no,False
101891889,METROPOLITAN NASHVILLE POLICE DEPT,20180064845,Davidson,Nashville,1/20/2018 12:50:00 PM,2,0,0,36.117310,-86.922320,CHARLOTTE PKE,,,,351.00,Feet,East,OLD HICKORY BLVD,,,,0.00,N,Not at Intersection, ,Non-Junction,None,,,         ,Wesley,Tilley,Clear,Front to Rear,no,no,no,no,no,False
101891918,METROPOLITAN NASHVILLE POLICE DEPT,2018-0064601,Davidson,Nashville,1/20/2018 9:59:00 AM,2,0,0,36.156010,-86.788850,BROADWAY,,,,0.00,,,I40 W ENT RAMP,,,,0.00,Y,Four-Way, ,Intersection,None,,,         ,William,Caillouette,Cloudy,"Sideswipe, Same Direction",no,no,no,no,no,False