master_record_number,agency,agency_tracking_number,county,city,collision_date,vehicles_involved,number_injured,number_dead,latitude,longitude,roadway_name,roadway_suffix,roadway_number,roadway_local_id,distance_from_reference,miles-feet_indicator,direction_from_reference,intersection_road_name,intersection_road_name_suffix,intersection_road_number,intersection_local_id,mile_marker,intersection_indicator,intersect_type,interchange_related_indicator,relation_to_junction,work_zone_type,construction_maintenance_zone,construction_maintenance_zone_location,fatal_case_number,officer_first_name,officer_last_name,weather_condition(s),manner_of_crash,pedestrian,bicycle,scooter,parking,hitrun,mou
101892544,METROPOLITAN NASHVILLE POLICE DEPT,20180066688,Davidson,Nashville,1/21/2018 5:46:00 AM,2,1,0,36.152260,-86.753870,I 40,,,,0.00,,,,,,,211.35,N,Not at Intersection,N,Non-Junction,None,,,         ,Ralph,Smith IV,Clear,"Sideswipe, Same Direction",no,no,no,no,no,False
101892554,METROPOLITAN NASHVILLE POLICE DEPT,20180066295,Davidson,Nashville,1/21/2018 1:19:00 AM,2,0,0,36.153650,-86.721960,LEBANON PKE,,,,120.00,Feet,West,SPENCE LN,,,,0.00,N,Not at Intersection,N,Non-Junction,None,,,         ,Kyle,Berkheiser,Clear,Front to Rear,no,no,no,no,no,False
101892555,METROPOLITAN NASHVILLE POLICE DEPT,20180064929,Davidson,Nashville,1/20/2018 1:24:00 PM,2,0,0,36.081970,-86.761780,I65 N EXT RAMP,,,,0.00,Feet,East,HARDING PL,,,,0.00,N,Not at Intersection,N,Entrance/Exit Ramp Related,None,,,         ,Carlos,angulo,Clear,Front to Rear,no,no,no,no,no,False
101892614,METROPOLITAN NASHVILLE POLICE DEPT,20180066902,Davidson,Nashville,1/21/2018 6:00:00 AM,2,0,0,36.089140,-86.627450,BELL RD,,,,0.00,Feet,,NASHBORO BLVD,,,,0.00,Y,T-Intersection, ,Intersection,None,,,         ,MIchael,Mihajlov,Cloudy,Front to Rear,no,no,no,no,no,False
101892622,METROPOLITAN NASHVILLE POLICE DEPT,20180067004,Davidson,Not in City Limit,1/21/2018 8:55:00 AM,2,0,0,36.061020,-86.943500,OLD HARDING PKE,,,,525.00,Feet,South,SAWYER BROWN RD,,,,0.00,N,Not at Intersection, ,Non-Junction,None,,,         ,Douglas,Atwood,Clear,Angle,no,no,no,no,no,False
101892643,METROPOLITAN NASHVILLE POLICE DEPT,2018-0067012,Davidson,Nashville,1/21/2018 9:32:00 AM,2,0,0,36.176760,-86.772240,I24 W EXT RAMP,,,,0.00,Feet,East,I 24,,,,0.00,N,Not at Intersection, ,Non-Junction,None,,,         ,Brenna,Hosey,Clear,Front to Rear,no,no,no,no,no,False
101892668,METROPOLITAN NASHVILLE POLICE DEPT,20180067040,Davidson,Nashville,1/21/2018 9:56:00 AM,2,0,0,36.107420,-86.922340,OLD HICKORY BLVD,,,,151.00,Feet,South,ROCKY LN,,,,0.00,N,Not at Intersection,N,Non-Junction,None,,,         ,Jack,Crouch,Clear,Front to Rear,no,no,no,no,no,False
101892677,METROPOLITAN NASHVILLE POLICE DEPT,20180066914,Davidson,Nashville,1/21/2018 4:29:00 AM,1,0,0,36.094480,-86.654710,RICE AV,,,,182.00,Feet,North,FRANKLIN LIMESTONE RD,,,,0.00,N,Not at Intersection,N,Non-Junction,None,,,         ,Roderic,Williams,Clear,Not Collision with Motor Vehicle in Transport,no,no,no,yes,yes,False
101892697,METROPOLITAN NASHVILLE POLICE DEPT,20180067186,Davidson,Nashville,1/21/2018 11:29:00 AM,2,1,0,36.124360,-86.696330,BRILEY PKWY,,,,25.00,Feet,North,VULTEE BLVD,,,,0.00,N,Not at Intersection,N,Non-Junction,None,,,         ,Gerry,Hutcheson,Cloudy,Front to Rear,no,no,no,no,no,False
101892709,METROPOLITAN NASHVILLE POLICE DEPT,20180067207,Davidson,Nashville,1/21/2018 11:48:00 AM,2,0,0,36.199480,-86.619400,LEBANON PKE,,,,19.00,Feet,South,LEBANON PKE WB EXT RAMP,,,,0.00,N,Not at Intersection,N,Non-Junction,None,,,         ,Michael,Parman,Cloudy,Rear to Rear,no,no,no,yes,yes,False
101892717,METROPOLITAN NASHVILLE POLICE DEPT,20180067112,Davidson,Nashville,1/21/2018 10:35:00 AM,2,0,0,36.069920,-86.634020,MURFREESBORO PKE,,,,955.00,Feet,South,BELL RD,,,,0.00,N,Not at Intersection,N,Non-Junction,None,,,         ,Ryan,Howard,Clear,"Sideswipe, Opposite Direction",no,no,no,yes,yes,False
101892728,METROPOLITAN NASHVILLE POLICE DEPT,20180066811,Davidson,Nashville,1/21/2018 6:20:00 AM,1,0,0,36.110040,-86.715910,BRILEY PKWY N EXT RAMP,,,,0.00,,,BRILEY PKWY N ENT RAMP,,,,0.00,Y,OTHER,Y,Entrance/Exit Ramp Related,None,,,         ,Barry,Demonbreun,Clear,Not Collision with Motor Vehicle in Transport,no,no,no,no,yes,False
101892762,THP District 3 - Nashville,318004220,Davidson,Nashville,1/19/2018 4:18:00 PM,2,0,0,36.162240,-86.761130,I 24,,,,0.00,,,,,,,49.30,N,Not at Intersection, ,Non-Junction,None,,,         ,Kevin,Smith,Clear,"Sideswipe, Same Direction",no,no,no,no,no,False
101892823,METROPOLITAN NASHVILLE POLICE DEPT,20180067271,Davidson,Nashville,1/21/2018 12:40:00 PM,2,0,0,36.106660,-86.672800,DONELSON PKE,,,,183.00,Feet,North,MURFREESBORO PKE,,,,0.00,N,Not at Intersection, ,Non-Junction,None,,,         ,Chad,Turnbow,Cloudy,Front to Rear,no,no,no,no,no,False
101892855,METROPOLITAN NASHVILLE POLICE DEPT,20180067360,Davidson,Nashville,1/21/2018 1:40:00 PM,2,0,0,36.186120,-86.773530,DICKERSON PKE,,,,479.00,Feet,South,CLEVELAND ST,,,,0.00,N,Not at Intersection,N,Non-Junction,None,,,         ,Joseph,Progar,Cloudy,Rear to Rear,no,no,no,yes,yes,False
101892868,METROPOLITAN NASHVILLE POLICE DEPT,20180067361,Davidson,Nashville,1/21/2018 1:53:00 PM,2,0,0,36.163250,-86.776070,2ND AVN,,,,0.00,,,COMMERCE ST,,,,0.00,Y,OTHER, ,Non-Junction,None,,,         ,Trevor,Taylor,Clear,"Sideswipe, Same Direction",no,no,no,no,no,False
101892870,METROPOLITAN NASHVILLE POLICE DEPT,20180067375,Davidson,Nashville,1/21/2018 2:10:00 PM,2,0,0,36.155290,-86.812060,CHARLOTTE AV,,,,0.00,,,25TH AVN,,,,0.00,Y,T-Intersection, ,Intersection,None,,,         ,Justan,Vance,Clear,Front to Rear,no,no,no,no,no,False
101892903,METROPOLITAN NASHVILLE POLICE DEPT,20180067349,Davidson,Nashville,1/21/2018 1:40:00 PM,3,0,0,36.051990,-86.670250,I 24,,,,0.00,,,,,,,58.65,N,Not at Intersection,N,Non-Junction,None,,,         ,Roderic,Williams,Clear,Front to Rear,no,no,no,no,yes,False
101892906,GOODLETTSVILLE POLICE DEPT,18-02767,Davidson,Goodlettsville,1/21/2018 2:00:00 PM,2,0,0,36.297150,-86.714270,I 65,,,,0.00,,,,,,,94.90,N,Not at Intersection, ,Non-Junction,None,,,         ,Brian,Hajdu,Cloudy,"Sideswipe, Same Direction",no,no,no,no,no,False
101892943,METROPOLITAN NASHVILLE POLICE DEPT,20180067486,Davidson,Nashville,1/21/2018 2:25:00 PM,2,0,0,36.045120,-86.658940,I 24,,,,0.00,,,,,,,59.40,N,Not at Intersection, ,Non-Junction,None,,,         ,Candice,Soper,Clear,"Sideswipe, Same Direction",no,no,no,no,yes,False
101892950,GOODLETTSVILLE POLICE DEPT,18-02522,Davidson,Goodlettsville,1/19/2018 4:00:00 PM,3,1,0,36.311364,-86.683510,VIETNAM VETERANS BLVD,,SR386,,1200.00,Feet,North,CONFRENCE DR,,,,8.00,N,Not at Intersection,N,Non-Junction,None,,,         ,John,Spencer,Clear,Front to Rear,no,no,no,no,no,False
101892974,METROPOLITAN NASHVILLE POLICE DEPT,20180067430,Davidson,Nashville,1/21/2018 1:40:00 PM,2,0,0,36.058530,-86.719280,TUSCULUM RD,,,,0.00,,,HASTY DR,,,,0.00,Y,Four-Way, ,Intersection,None,,,         ,Ryan,Storm,Clear,Angle,no,no,no,no,no,False
101893007,METROPOLITAN NASHVILLE POLICE DEPT,20180067376,Davidson,Nashville,1/21/2018 1:20:00 PM,1,0,0,36.108610,-86.711560,DRUMMOND DR,,,,424.00,Feet,South,WILDVIEW DR,,,,0.00,N,Not at Intersection,N,Non-Junction,None,,,         ,Barry,Demonbreun,Clear,Not Collision with Motor Vehicle in Transport,no,no,no,no,no,False
101893009,METROPOLITAN NASHVILLE POLICE DEPT,20180067509,Davidson,Not in City Limit,1/21/2018 3:40:00 PM,2,0,0,36.279740,-86.708660,GALLATIN PKEN,,,,81.00,Feet,South,ELMORE AV,,,,0.00,N,Not at Intersection, ,Non-Junction,None,,,         ,Bradley,Campbell,Clear,Other,no,no,no,no,no,False
101893016,METROPOLITAN NASHVILLE POLICE DEPT,20180067612,Davidson,Nashville,1/21/2018 4:35:00 PM,2,0,0,36.170490,-86.814340,W HEIMAN ST,,,,56.00,Feet,West,HEIMAN ST,,,,0.00,N,Not at Intersection,N,Non-Junction,None,,,         ,Johan,Kinberg,Clear,Front to Rear,no,no,no,no,yes,False
101893021,METROPOLITAN NASHVILLE POLICE DEPT,20180067616,Davidson,Nashville,1/21/2018 12:00:00 AM,1,1,0,36.209880,-86.753490,OAKWOOD AV,,,,286.00,Feet,North,PAULAWOOD DR,,,,0.00,N,Not at Intersection,N,Non-Junction,None,,,         ,Gordon,Stovall,Clear,Not Collision with Motor Vehicle in Transport,no,no,no,no,no,False
101893023,METROPOLITAN NASHVILLE POLICE DEPT,20180067522,Davidson,Nashville,1/21/2018 3:36:00 PM,2,0,0,36.067620,-86.718610,NOLENSVILLE PKE,,,,258.00,Feet,South,HAYWOOD LN,,,,0.00,N,Not at Intersection, ,Non-Junction,None,,,         ,Madison,Meiss,Clear,Angle,no,no,no,no,no,False
101893051,METROPOLITAN NASHVILLE POLICE DEPT,20180067706,Davidson,Nashville,1/21/2018 5:26:00 PM,2,0,0,36.085940,-86.729220,NOLENSVILLE PKE,,,,87.00,Feet,South,ELYSIAN FIELDS RD,,,,0.00,N,Not at Intersection,N,Non-Junction,None,,,         ,Nicholas,Carroll,Clear,Other,no,no,no,no,no,False
101893053,METROPOLITAN NASHVILLE POLICE DEPT,20180067617,Davidson,Nashville,1/21/2018 4:40:00 PM,2,1,0,36.147380,-86.744170,I 40,,,,0.00,,,,,,,212.00,N,Not at Intersection,N,Non-Junction,None,,,         ,Allyson,Reis,Clear,Front to Rear,no,no,no,no,no,False
101893118,METROPOLITAN NASHVILLE POLICE DEPT,20180067877,Davidson,Nashville,1/21/2018 6:45:00 PM,2,0,0,36.128020,-86.692490,AIRWAYS BLVD,,,,19.00,Feet,East,JETWAY DR,,,,0.00,N,Not at Intersection,N,Non-Junction,None,,,         ,Brady,Reynolds,Clear,Angle,no,no,no,no,no,False
101893147,METROPOLITAN NASHVILLE POLICE DEPT,20180067944,Davidson,Nashville,1/21/2018 7:45:00 PM,3,2,0,36.239270,-86.723770,GALLATIN PKES,,,,71.00,Feet,North,GALLATIN PKE,,,,0.00,N,Not at Intersection,N,Non-Junction,None,,,         ,Brittani,Campbell,Clear,Front to Rear,no,no,no,no,no,False
101893168,METROPOLITAN NASHVILLE POLICE DEPT,2018-0067948,Davidson,Nashville,1/21/2018 7:53:00 PM,2,0,0,36.183380,-86.610510,OLD HICKORY BLVD,,,,86.00,Feet,East,DODSON CHAPEL RD,,,,0.00,N,Not at Intersection, ,Non-Junction,None,,,         ,Sandra,Talavera,Clear,"Sideswipe, Same Direction",no,no,no,no,no,False
101893183,METROPOLITAN NASHVILLE POLICE DEPT,20180067761,Davidson,Nashville,1/21/2018 5:49:00 PM,2,0,0,36.163220,-86.793700,I 40,,,,0.00,,,,,,,208.60,N,Not at Intersection, ,Non-Junction,None,,,         ,Katelin,Ehrhardt,Clear,"Sideswipe, Same Direction",no,no,no,no,no,False
101893216,METROPOLITAN NASHVILLE POLICE DEPT,20180067501,Davidson,Nashville,1/21/2018 1:13:00 PM,2,0,0,36.086200,-86.691270,ANTIOCH PKE,,,,289.00,Feet,North,PERIMETER HILL DR,,,,0.00,N,Not at Intersection, ,Non-Junction,None,,,         ,Melissa,Flores,Unknown,Other,no,no,no,no,yes,False
101893229,METROPOLITAN NASHVILLE POLICE DEPT,20180068113,Davidson,Nashville,1/21/2018 9:40:00 PM,2,0,0,36.068380,-86.713060,HAYWOOD LN,,,,312.00,Feet,West,HOLLIS HILL DR,,,,0.00,N,Not at Intersection,N,Non-Junction,None,,,         ,Ciarra,Rench,Clear,Not Collision with Motor Vehicle in Transport,no,no,no,no,no,False
101893231,METROPOLITAN NASHVILLE POLICE DEPT,20180067691,Davidson,Not in City Limit,1/21/2018 5:08:00 PM,2,0,0,36.041290,-86.961160,CHAFFIN DR,,,,0.00,,,HIGHWAY 100,,,,0.00,Y,T-Intersection, ,Intersection,None,,,         ,Adam,Reese,Clear,Front to Rear,no,no,no,no,no,False
101893277,METROPOLITAN NASHVILLE POLICE DEPT,20180068136,Davidson,Nashville,1/21/2018 9:51:00 PM,2,5,0,36.116500,-86.748050,JOYNER AV,,,,0.00,Feet,,NOLENSVILLE PKE,,,,0.00,Y,Four-Way,N,Intersection-Related,None,,,         ,Ryan,Storm,Clear,Front to Rear,no,no,no,no,no,False
101893280,METROPOLITAN NASHVILLE POLICE DEPT,20180068182,Davidson,Nashville,1/21/2018 10:10:00 PM,1,1,0,36.147280,-86.875510,PREMIER DR,,,,330.00,Feet,East,MERCOMATIC DR,,,,0.00,N,Not at Intersection,N,Non-Junction,None,,,         ,John,Hoesli,Clear,Not Collision with Motor Vehicle in Transport,no,no,no,no,no,False
101893316,METROPOLITAN NASHVILLE POLICE DEPT,20180068459,Davidson,Nashville,1/22/2018 12:30:00 AM,1,0,0,36.145720,-86.705960,AIR LANE DR,,,,0.00,Feet,West,ELM HILL PKE,,,,0.00,N,Not at Intersection,N,Non-Junction,None,,,         ,Meghan,Pope,Clear,Not Collision with Motor Vehicle in Transport,no,no,no,no,no,False
101893324,GOODLETTSVILLE POLICE DEPT,18-02724,Davidson,Goodlettsville,1/21/2018 3:52:00 AM,1,1,0,36.320760,-86.703330,I 65,,,,0.00,,,,,,,96.75,N,Not at Intersection,N,Non-Junction,None,,,         ,Jeffery,Hunter,Clear,Not Collision with Motor Vehicle in Transport,no,no,no,no,no,False
101893326,METROPOLITAN NASHVILLE POLICE DEPT,20180068531,Davidson,Nashville,1/22/2018 1:03:00 AM,2,0,0,36.164570,-86.776910,CHURCH ST,,,,0.00,,,2ND AVN,,,,0.00,Y,Four-Way,N,Intersection,None,,,         ,Damon,Hutcheson,Cloudy,Angle,no,no,no,no,no,False
101893366,METROPOLITAN NASHVILLE POLICE DEPT,20180069012,Davidson,Nashville,1/22/2018 5:24:00 AM,1,0,0,36.110600,-86.716480,BRILEY PKWYS,,,,35.00,Feet,West,AVERITT EXPRESS DR,,,,0.00,N,Not at Intersection,N,Non-Junction,None,,,         ,Sharissa,Perez,Clear,Not Collision with Motor Vehicle in Transport,no,no,no,no,no,False
101893368,METROPOLITAN NASHVILLE POLICE DEPT,20180069110,Davidson,Nashville,1/22/2018 6:11:00 AM,2,0,0,36.151030,-86.747220,FESSLERS LN PVTDR,,,,899.00,Feet,West,LITTLE GREEN ST,,,,0.00,N,Not at Intersection,N,Non-Junction,None,,,         ,Meghan,Pope,Clear,Front to Rear,no,no,no,no,no,False
101893390,GOODLETTSVILLE POLICE DEPT,18-02382,Davidson,Goodlettsville,1/18/2018 3:15:00 PM,1,0,0,36.300930,-86.714440,ALTA LOMA RD,,,,239.00,Feet,South,DRAPER CIR,,,,0.00,N,Not at Intersection, ,Non-Junction,None,,,         ,George,Forbes,Clear,Not Collision with Motor Vehicle in Transport,no,no,no,no,no,False
101893403,GOODLETTSVILLE POLICE DEPT,18-02858,Davidson,Goodlettsville,1/22/2018 7:00:00 AM,2,0,0,36.309480,-86.695660,VIETNAM VETERANS BLVD SB EXT R,,,,0.00,Feet,East,CONFERENCE DR,,,,0.00,N,Not at Intersection, ,Non-Junction,None,,,         ,George,Forbes,Clear,Front to Rear,no,no,no,no,no,False
101893424,METROPOLITAN NASHVILLE POLICE DEPT,20180069278,Davidson,Nashville,1/22/2018 7:46:00 AM,2,0,0,36.170030,-86.768160,I24 E ENT RAMP,,,,0.00,Feet,East,I 24,,,,0.00,N,Not at Intersection, ,Entrance/Exit Ramp Related,None,,,         ,Brenna,Hosey,Clear,Front to Rear,no,no,no,no,no,False
101893430,METROPOLITAN NASHVILLE POLICE DEPT,20180069271,Davidson,Not in City Limit,1/22/2018 7:40:00 AM,1,0,0,36.271750,-86.736250,I 65,,,,0.00,,,,,,,92.75,N,Not at Intersection, ,Non-Junction,None,,,         ,Russell,Freeman,Cloudy,Not Collision with Motor Vehicle in Transport,no,no,no,no,no,False
101893431,METROPOLITAN NASHVILLE POLICE DEPT,20180069310,Davidson,Not in City Limit,1/22/2018 7:50:00 AM,2,0,0,36.318360,-86.842800,I 24,,,,0.00,,,,,,,36.60,N,Not at Intersection, ,Non-Junction,None,,,         ,Brian,Mclarty,Rain,Front to Rear,no,no,no,no,no,False
101893439,METROPOLITAN NASHVILLE POLICE DEPT,20180069420,Davidson,Nashville,1/22/2018 8:30:00 AM,2,1,0,36.134980,-86.824230,WEST END AV,,,,233.00,Feet,West,I440 WEST END AV ENT RAMP,,,,0.00,N,Not at Intersection,N,Non-Junction,None,,,         ,Curtis,Rich,Rain,Angle,no,no,no,no,no,False
101893448,METROPOLITAN NASHVILLE POLICE DEPT,2018-0069202,Davidson,Nashville,1/22/2018 6:33:00 AM,2,0,0,36.038400,-86.658450,CANE RIDGE RD,,,,299.00,Feet,South,MOUNTAINHIGH DR,,,,0.00,N,Not at Intersection,N,Non-Junction,None,,,         ,Stanley,Collins,Clear,"Sideswipe, Opposite Direction",no,no,no,no,no,False
101893512,METROPOLITAN NASHVILLE POLICE DEPT,20180069526,Davidson,Nashville,1/22/2018 9:20:00 AM,3,2,0,36.146180,-86.776960,I40 E ENT RAMP,,,,0.00,Feet,East,I 65,,,,0.00,N,Not at Intersection,N,Non-Junction,None,,,         ,Jon,Mcvey,Rain,Front to Rear,no,no,no,no,no,False
101893524,METROPOLITAN NASHVILLE POLICE DEPT,2018-69625,Davidson,Nashville,1/22/2018 10:04:00 AM,2,0,0,36.106210,-86.673060,MURFREESBORO PKE,,,,0.00,Feet,,DONELSON PKE,,,,0.00,Y,Four-Way,N,Intersection,None,,,         ,Kaleb,Stella,Rain,HeadOn,no,no,no,no,no,False
101893526,METROPOLITAN NASHVILLE POLICE DEPT,20180069724,Davidson,Nashville,1/22/2018 10:35:00 AM,2,0,0,36.115830,-86.776030,I 440,,,,0.00,,,,,,,4.75,N,Not at Intersection,N,Non-Junction,None,,,         ,Trevor,Walace,Rain,Front to Rear,no,no,no,no,yes,False
101893527,METROPOLITAN NASHVILLE POLICE DEPT,20180069776,Davidson,Nashville,1/22/2018 9:57:00 AM,2,0,0,36.252310,-86.718670,W WEBSTER ST,,,,322.00,Feet,West,GALLATIN PKES,,,,0.00,N,Not at Intersection,N,Non-Junction,None,,,         ,Brian,Otto,Rain,Angle,no,no,no,yes,yes,False
101893531,METROPOLITAN NASHVILLE POLICE DEPT,20180069785,Davidson,Nashville,1/22/2018 11:19:00 AM,2,0,0,36.153940,-86.837180,I 40,,,,0.00,,,,,,,205.10,N,Not at Intersection, ,Non-Junction,None,,,         ,Curtis,Rich,Rain,Angle,no,no,no,no,no,False
101893543,METROPOLITAN NASHVILLE POLICE DEPT,20180069602,Davidson,Nashville,1/22/2018 9:45:00 AM,2,0,0,36.249390,-86.719410,E PALESTINE AV,,,,0.00,,,GALLATIN PKES,,,,0.00,Y,Four-Way,N,Intersection,None,,,         ,Matthew,Harris,Rain,Front to Rear,no,no,no,no,no,False
101893565,GOODLETTSVILLE POLICE DEPT,18-02871,Davidson,Goodlettsville,1/22/2018 10:00:00 AM,2,0,0,36.324710,-86.702640,LONG HOLLOW PKE,,,,74.00,Feet,West,NORTHGATE DR,,,,0.00,N,Not at Intersection, ,Non-Junction,None,,,         ,George,Forbes,Rain,"Sideswipe, Same Direction",no,no,no,no,no,False
101893579,METROPOLITAN NASHVILLE POLICE DEPT,20180069539,Davidson,Nashville,1/22/2018 9:30:00 AM,2,0,0,36.153980,-86.632330,I 40,,,,0.00,,,,,,,218.75,N,Not at Intersection, ,Non-Junction,None,,,         ,James,Curtis,Rain,"Sideswipe, Same Direction",no,no,no,no,no,False
101893580,METROPOLITAN NASHVILLE POLICE DEPT,20180069917,Davidson,Nashville,1/22/2018 12:10:00 PM,2,0,0,36.184870,-86.803390,CLAY ST,,,,0.00,,,9TH AVN,,,,0.00,Y,Four-Way,N,Intersection-Related,None,,,         ,Brian,Mclarty,Rain,Angle,no,no,no,no,no,False
101893591,METROPOLITAN NASHVILLE POLICE DEPT,20180069793,Davidson,Nashville,1/22/2018 11:20:00 AM,2,0,0,36.169350,-86.778370,GAY ST,,,,100.00,Feet,East,1ST AVN,,,,0.00,N,Not at Intersection,N,Non-Junction,None,,,         ,Cody,O'Quinn,Rain,"Sideswipe, Opposite Direction",no,no,no,no,yes,False
101893594,METROPOLITAN NASHVILLE POLICE DEPT,20180069944,Davidson,Nashville,1/22/2018 12:17:00 PM,2,2,0,36.158410,-86.790610,CHURCH ST,,,,0.00,,,GEORGE L DAVIS BLVD,,,,0.00,Y,Four-Way,N,Intersection-Related,None,,,         ,Brenna,Hosey,Clear,"Sideswipe, Same Direction",no,no,no,no,no,False
101893629,METROPOLITAN NASHVILLE POLICE DEPT,20180069991,Davidson,Nashville,1/22/2018 12:35:00 PM,1,1,0,36.120420,-86.782030,KIRKWOOD AV,,,,288.00,Feet,West,W KIRKWOOD AV,,,,0.00,N,Not at Intersection,N,Non-Junction,None,,,         ,Jon,Mcvey,Cloudy,Not Collision with Motor Vehicle in Transport,no,no,no,no,no,False
101893643,METROPOLITAN NASHVILLE POLICE DEPT,20180070049,Davidson,Nashville,1/22/2018 12:51:00 PM,2,1,0,36.192480,-86.829310,CLARKSVILLE PKE,,,,95.00,Feet,West,CLIFF DR,,,,0.00,N,Not at Intersection,N,Non-Junction,None,,,         ,Kevin,Frei,Cloudy,Angle,no,no,no,no,no,False
101893651,METROPOLITAN NASHVILLE POLICE DEPT,20180070083,Davidson,Nashville,1/22/2018 12:37:00 PM,2,0,0,36.136750,-86.800860,21ST AVS,,,,45.00,Feet,West,BELCOURT AV,,,,0.00,N,Not at Intersection, ,Non-Junction,None,,,         ,Samuel,Miller,Cloudy,Front to Rear,no,no,no,no,no,Campus
101893663,METROPOLITAN NASHVILLE POLICE DEPT,20180070211,Davidson,Not in City Limit,1/22/2018 1:55:00 PM,2,0,0,36.079120,-86.950540,BELLEVUE CTR PVTDR,,,,226.00,Feet,North,HIGHWAY 70S,,,,0.00,N,Not at Intersection, ,Non-Junction,None,,,         ,Curtis,Rich,Cloudy,Angle,no,no,no,no,no,False
101893717,METROPOLITAN NASHVILLE POLICE DEPT,20180070126,Davidson,Nashville,1/22/2018 1:17:00 PM,3,3,0,36.153240,-86.687680,ELM HILL PKE,,,,0.00,,,ATRIUM WAY,,,,0.00,Y,Four-Way,N,Intersection,None,,,         ,Michael,Dance,Cloudy,Angle,no,no,no,no,no,False
101893751,METROPOLITAN NASHVILLE POLICE DEPT,20180070108,Davidson,Nashville,1/22/2018 1:00:00 PM,2,0,0,36.095980,-86.762470,KENILWOOD DR,,,,1391.00,Feet,West,MORRISWOOD DR,,,,0.00,N,Not at Intersection,N,"Driveway, Alley Access, etc",None,,,         ,Trevor,Walace,Cloudy,Rear to Side,no,no,no,no,yes,False
101893753,METROPOLITAN NASHVILLE POLICE DEPT,20180070242,Davidson,Nashville,1/22/2018 2:00:00 PM,2,0,0,36.148290,-86.760840,LAFAYETTE ST,,,,109.00,Feet,East,CLAIBORNE ST,,,,0.00,N,Not at Intersection, ,Non-Junction,None,,,         ,Todd,Watson,Clear,Front to Rear,no,no,no,no,no,False
101893766,METROPOLITAN NASHVILLE POLICE DEPT,20180069697,Davidson,Nashville,1/22/2018 10:40:00 AM,1,0,0,36.124320,-86.738070,I 440,,,,0.00,,,,,,,6.95,N,Not at Intersection,N,Non-Junction,None,,,         ,Jessie,Meadows,Rain,Not Collision with Motor Vehicle in Transport,no,no,no,no,no,False
101893767,METROPOLITAN NASHVILLE POLICE DEPT,20180069831,Davidson,Nashville,1/22/2018 11:35:00 AM,2,0,0,36.054780,-86.642530,BELL RD,,,,90.00,Feet,South,THE OVERLOOK PVTDR,,,,0.00,N,Not at Intersection, ,Non-Junction,None,,,         ,Jessie,Meadows,Rain,Angle,no,no,no,no,no,False
101893768,METROPOLITAN NASHVILLE POLICE DEPT,20180069891,Davidson,Nashville,1/22/2018 12:00:00 PM,2,0,0,36.105940,-86.673210,DONELSON PKE,,,,106.00,Feet,South,MURFREESBORO PKE,,,,0.00,N,Not at Intersection, ,Non-Junction,None,,,         ,Jessie,Meadows,Rain,"Sideswipe, Same Direction",no,no,no,no,no,False
101893770,METROPOLITAN NASHVILLE POLICE DEPT,20180070280,Davidson,Nashville,1/22/2018 11:15:00 AM,2,0,0,36.182950,-86.739210,EASTLAND AV,,,,0.00,,,BENSON ST,,,,0.00,Y,T-Intersection, ,Non-Junction,None,,,         ,Jason,Hees,Rain,Angle,no,no,no,no,yes,False
101893780,METROPOLITAN NASHVILLE POLICE DEPT,20180070343,Davidson,Nashville,1/22/2018 1:57:00 PM,2,0,0,36.142530,-86.631580,ELM HILL PKE,,,,0.00,,,NOBLE VALLEY DR,,,,0.00,Y,T-Intersection, ,,None,,,         ,Kimberly,Annson,,,no,no,no,no,no,False
101893790,METROPOLITAN NASHVILLE POLICE DEPT,20180070361,Davidson,Goodlettsville,1/22/2018 2:16:00 PM,2,0,0,36.294920,-86.700940,GALLATIN PKEN,,,,0.00,,,RIVERGATE STATION PVTDR,,,,0.00,Y,Four-Way,N,Intersection,None,,,         ,Christopher,Littles,Cloudy,Front to Rear,no,no,no,no,yes,False
101893808,METROPOLITAN NASHVILLE POLICE DEPT,20180070378,Davidson,Nashville,1/22/2018 12:00:00 AM,2,2,0,36.171230,-86.800770,14TH AVN,,,,103.00,Feet,North,JEFFERSON ST,,,,0.00,N,Not at Intersection, ,Non-Junction,None,,,         ,Melvin,Taylor,Clear,Front to Rear,no,no,no,no,yes,False
101893809,METROPOLITAN NASHVILLE POLICE DEPT,20180070372,Davidson,Nashville,1/22/2018 2:45:00 PM,2,0,0,36.155910,-86.767010,MIDDLETON ST,,,,0.00,,,HERMITAGE AV,,,,0.00,Y,Four-Way, ,Intersection,None,,,         ,Abigail,Malone,Cloudy,Angle,no,no,no,no,no,False
101893817,METROPOLITAN NASHVILLE POLICE DEPT,2018-0070440,Davidson,Nashville,1/22/2018 3:28:00 PM,2,0,0,36.128000,-86.851960,WHITE BRIDGE PKE,,,,0.00,,,POST PL,,,,0.00,Y,Four-Way, ,Intersection,None,,,         ,Ryan,Allen,Clear,Angle,no,no,no,no,no,False
101893821,METROPOLITAN NASHVILLE POLICE DEPT,20180070364,Davidson,Nashville,1/22/2018 3:00:00 PM,2,0,0,36.134280,-86.780570,WEDGEWOOD AV,,,,0.00,,,BEECH AV,,,,0.00,Y,Four-Way, ,Intersection-Related,None,,,         ,Jon,Mcvey,Cloudy,"Sideswipe, Same Direction",no,no,no,no,no,False
101893825,METROPOLITAN NASHVILLE POLICE DEPT,20180070482,Davidson,Nashville,1/22/2018 3:41:00 PM,2,0,0,36.177870,-86.773100,I 24,,,,0.00,,,,,,,47.85,N,Not at Intersection, ,,None,,,         ,Ethan,Usherwood,,,no,no,no,no,no,False