master_record_number,agency,agency_tracking_number,county,city,collision_date,vehicles_involved,number_injured,number_dead,latitude,longitude,roadway_name,roadway_suffix,roadway_number,roadway_local_id,distance_from_reference,miles-feet_indicator,direction_from_reference,intersection_road_name,intersection_road_name_suffix,intersection_road_number,intersection_local_id,mile_marker,intersection_indicator,intersect_type,interchange_related_indicator,relation_to_junction,work_zone_type,construction_maintenance_zone,construction_maintenance_zone_location,fatal_case_number,officer_first_name,officer_last_name,weather_condition(s),manner_of_crash,pedestrian,bicycle,scooter,parking,hitrun,mou
101894420,METROPOLITAN NASHVILLE POLICE DEPT,20180073316,Davidson,Nashville,1/23/2018 11:00:00 AM,3,0,0,36.086410,-86.700220,I 24,,,,0.00,,,,,,,55.70,N,Not at Intersection,N,Non-Junction,None,,,         ,James,Thomas,Cloudy,Front to Rear,no,no,no,no,no,False
101894421,METROPOLITAN NASHVILLE POLICE DEPT,20180073287,Davidson,Nashville,1/23/2018 10:35:00 AM,2,0,0,36.084280,-86.705930,LINBAR DR,,,,43.00,Feet,North,HARDING PL,,,,0.00,N,Not at Intersection,N,Non-Junction,None,,,         ,Jessie,Meadows,Clear,Front to Rear,no,no,no,no,no,False
101894422,METROPOLITAN NASHVILLE POLICE DEPT,20180073210,Davidson,Nashville,1/23/2018 10:34:00 AM,2,0,0,36.056440,-86.715770,NOLENSVILLE PKE,,,,174.00,Feet,North,APRIL LN,,,,0.00,N,Not at Intersection, ,Non-Junction,None,,,         ,Jessie,Meadows,Clear,Front to Rear,no,no,no,no,no,False
101894429,GOODLETTSVILLE POLICE DEPT,18-02921,Davidson,Goodlettsville,1/22/2018 5:26:00 PM,2,0,0,36.300470,-86.711130,I 65,,,,0.00,,,,,,,95.20,N,Not at Intersection, ,Non-Junction,None,,,         ,Brandon,Wright,Clear,Front to Rear,no,no,no,no,no,False
101894447,GOODLETTSVILLE POLICE DEPT,18-02989,Davidson,Goodlettsville,1/23/2018 10:10:00 AM,2,1,0,36.322260,-86.713310,S MAIN ST,,,,0.00,,,LONG HOLLOW PKE,,,,0.00,Y,T-Intersection,N,Intersection,None,,,         ,George,Forbes,Clear,Angle,no,no,no,no,no,False
101894467,METROPOLITAN NASHVILLE POLICE DEPT,20180073404,Davidson,Nashville,1/23/2018 11:09:00 AM,2,2,0,36.175360,-86.758830,MAIN ST,,,,0.00,,,N 8TH ST,,,,0.00,Y,T-Intersection,N,Intersection,None,,,         ,Doyle,Price,Cloudy,Angle,no,no,no,no,no,False
101894522,METROPOLITAN NASHVILLE POLICE DEPT,20180073117,Davidson,Nashville,1/23/2018 9:48:00 AM,4,4,0,36.037400,-86.786570,OLD HICKORY BLVD,,,,0.00,,,FRANKLIN PKE,,,,0.00,Y,Four-Way,N,Intersection,None,,,         ,Phillip,Murphy,Clear,Angle,no,no,no,no,no,False
101894568,METROPOLITAN NASHVILLE POLICE DEPT,20180073583,Davidson,Not in City Limit,1/23/2018 12:53:00 PM,2,1,0,35.999610,-86.693620,NOLENSVILLE PKE,,,,82.00,Feet,North,CONCORD HILLS DR,,,,0.00,N,Not at Intersection, ,Non-Junction,None,,,         ,Robert,Schohn,Cloudy,"Sideswipe, Same Direction",no,no,no,no,no,False
101894575,METROPOLITAN NASHVILLE POLICE DEPT,20180073638,Davidson,Nashville,1/23/2018 1:00:00 PM,2,0,0,36.095890,-86.737520,NOLENSVILLE PKE,,,,27.00,Feet,North,WHEELER AV,,,,0.00,N,Not at Intersection, ,Non-Junction,None,,,         ,Jon,Mcvey,Clear,"Sideswipe, Same Direction",no,no,no,no,no,False
101894583,METROPOLITAN NASHVILLE POLICE DEPT,2018-0073759,Davidson,Nashville,1/23/2018 1:44:00 PM,2,0,0,36.134500,-86.798460,19TH AVS,,,,547.00,Feet,North,PORTLAND AV,,,,0.00,N,Not at Intersection,N,Non-Junction,None,,,         ,William,Caillouette,Cloudy,Unknown,no,no,no,no,yes,False
101894675,METROPOLITAN NASHVILLE POLICE DEPT,20180073609,Davidson,Nashville,1/23/2018 1:00:00 PM,1,0,0,36.237360,-86.786390,I24 E EXT RAMP,,,,0.00,,,I 24,,,,0.00,Y,OTHER,Y,AccelDecelLane,None,,,         ,William,Coy,Cloudy,Not Collision with Motor Vehicle in Transport,no,no,no,no,no,False
101894677,Bicentennial Capitol Mall State Park,72011818DF01,Davidson,Nashville,1/18/2018 10:20:00 PM,1,0,0,36.169050,-86.787140,7TH AVN,,,,0.00,,,HARRISON ST,,,,0.00,Y,Traffic Circle,Y,Intersection,None,,,         ,Donald,Fend,Clear,Not Collision with Motor Vehicle in Transport,no,no,no,no,no,False
101894697,METROPOLITAN NASHVILLE POLICE DEPT,20180073777,Davidson,Nashville,1/23/2018 1:55:00 PM,3,0,0,36.157460,-86.802050,CHARLOTTE AV,,,,189.00,Feet,West,19TH AVN,,,,0.00,N,Not at Intersection,N,Non-Junction,None,,,         ,Isaac,Wood,Cloudy,Front to Rear,no,no,no,no,yes,False
101894699,METROPOLITAN NASHVILLE POLICE DEPT,20180073848,Davidson,Antioch,1/23/2018 2:45:00 PM,2,0,0,36.048270,-86.600210,HOBSON PKE,,,,384.00,Feet,South,PIN HOOK RD,,,,0.00,N,Not at Intersection, ,Non-Junction,None,,,         ,Jessie,Meadows,Clear,Front to Rear,no,no,no,no,no,False
101894704,METROPOLITAN NASHVILLE POLICE DEPT,20180027623,Davidson,Nashville,1/9/2018 3:52:00 PM,1,0,0,36.139030,-86.628410,BELL RD,,,,516.00,Feet,North,REELFOOT CIR,,,,0.00,N,Not at Intersection, ,Non-Junction,None,,,         ,Kimberly,Annson,Cloudy,Not Collision with Motor Vehicle in Transport,no,no,no,no,no,False
101894705,METROPOLITAN NASHVILLE POLICE DEPT,20180073948,Davidson,Nashville,1/23/2018 2:47:00 PM,2,0,0,36.155010,-86.627110,STEWARTS FERRY PKE,,,,0.00,,,I40 E EXT RAMP,,,,0.00,Y,T-Intersection, ,,None,,,         ,Kimberly,Annson,,,no,no,no,no,no,False
101894735,METROPOLITAN NASHVILLE POLICE DEPT,20180073417,Davidson,Nashville,1/23/2018 11:44:00 AM,2,0,0,36.134280,-86.774730,WEDGEWOOD AV,,,,0.00,,,I65 N ENT RAMP,,,,0.00,Y,Four-Way, ,Intersection,None,,,         ,Keith,Covert,Clear,"Sideswipe, Same Direction",no,no,no,no,no,False
101894752,METROPOLITAN NASHVILLE POLICE DEPT,20180028035,Davidson,Nashville,1/9/2018 5:49:00 PM,2,0,0,36.135400,-86.893810,I 40,,,,0.00,,,,,,,201.55,N,Not at Intersection, ,,None,,,         ,Dakota,Vermillion,,,no,no,no,no,no,False
101894753,METROPOLITAN NASHVILLE POLICE DEPT,20180073954,Davidson,Nashville,1/23/2018 3:07:00 PM,2,0,0,36.187830,-86.798470,ROSA L PARKS BLVD,,,,31.00,Feet,South,DOMINICAN DR,,,,0.00,N,Not at Intersection, ,Non-Junction,None,,,         ,Johan,Kinberg,Clear,"Sideswipe, Same Direction",no,no,no,no,no,False
101894755,METROPOLITAN NASHVILLE POLICE DEPT,20180074035,Davidson,Nashville,1/23/2018 3:28:00 PM,2,0,0,36.036660,-86.783500,I65 S EXT RAMP,,,,0.00,Feet,East,I 65,,,,0.00,N,Not at Intersection, ,Non-Junction,None,,,         ,Jacob,Paul,Clear,Front to Rear,no,no,no,no,no,False
101894765,METROPOLITAN NASHVILLE POLICE DEPT,20180074273,Davidson,Nashville,1/23/2018 4:30:00 PM,2,0,0,36.165020,-86.767750,SHELBY AV,,,,75.00,Feet,North,S 2ND ST,,,,0.00,N,Not at Intersection, ,Non-Junction,None,,,         ,Jim,Crissman,Cloudy,Front to Rear,no,no,no,no,no,False
101894778,METROPOLITAN NASHVILLE POLICE DEPT,20180074080,Davidson,Nashville,1/23/2018 3:43:00 PM,2,0,0,36.172590,-86.762800,S 6TH ST,,,,0.00,,,WOODLAND ST,,,,0.00,Y,Four-Way, ,Intersection,None,,,         ,James,Smith,Cloudy,Other,no,no,no,no,no,False
101894781,METROPOLITAN NASHVILLE POLICE DEPT,20180074286,Davidson,Goodlettsville,1/23/2018 4:25:00 PM,2,0,0,36.304710,-86.688980,NORTHSIDE FESTIVAL PVTDR,,,,0.00,,,LIBERTY LN,,,,0.00,Y,Four-Way, ,Intersection,None,,,         ,Christopher,Littles,Cloudy,Angle,no,no,no,no,no,False
101894790,METROPOLITAN NASHVILLE POLICE DEPT,2018-0074297,Davidson,Nashville,1/23/2018 4:42:00 PM,2,0,0,36.153300,-86.842260,46TH AVN,,,,0.00,,,I40 E ENT RAMP,,,,0.00,Y,Four-Way,N,Intersection,None,,,         ,Ryan,Allen,Clear,Front to Rear,no,no,no,no,no,False
101894792,METROPOLITAN NASHVILLE POLICE DEPT,20180073904,Davidson,Nashville,1/23/2018 2:50:00 PM,2,0,0,36.149130,-86.747020,I 40,,,,0.00,,,,,,,211.80,N,Not at Intersection, ,,None,,,         ,Johnathan,Pannell,,,no,no,no,no,no,False
101894797,METROPOLITAN NASHVILLE POLICE DEPT,20180074350,Davidson,Nashville,1/23/2018 4:21:00 PM,1,0,0,36.058470,-86.741600,EDMONDSON PKE,,,,584.00,Feet,South,SEVEN MILE CREEK GRNWY,,,,0.00,N,Not at Intersection,N,Non-Junction,None,,,         ,Jacob,Paul,Clear,Not Collision with Motor Vehicle in Transport,no,no,no,no,no,False
101894802,METROPOLITAN NASHVILLE POLICE DEPT,20180074138,Davidson,Nashville,1/23/2018 3:40:00 PM,2,0,0,36.086150,-86.696090,S PERIMETER PARK DR,,,,262.00,Feet,South,HARDING PL,,,,0.00,N,Not at Intersection, ,Non-Junction,None,,,         ,Patrick,Martin,Clear,Angle,no,no,no,no,no,False
101894803,METROPOLITAN NASHVILLE POLICE DEPT,20180074287,Davidson,Nashville,1/23/2018 4:38:00 PM,3,0,0,36.147460,-86.744290,I 40,,,,0.00,,,,,,,212.00,N,Not at Intersection,N,Non-Junction,None,,,         ,Jonathan,Cavezza,Cloudy,Front to Rear,no,no,no,no,no,False
101894808,METROPOLITAN NASHVILLE POLICE DEPT,20180074555,Davidson,Goodlettsville,1/23/2018 5:42:00 PM,2,0,0,36.292260,-86.720410,I 65,,,,0.00,,,,,,,94.40,N,Not at Intersection,N,Non-Junction,None,,,         ,Christopher,Littles,Cloudy,Front to Rear,no,no,no,no,yes,False
101894810,METROPOLITAN NASHVILLE POLICE DEPT,20180074423,Davidson,Not in City Limit,1/23/2018 4:50:00 PM,2,0,0,36.263330,-86.714600,OLD HICKORY BLVDW,,,,0.00,,,DOUGLAS ST,,,,0.00,Y,T-Intersection, ,Intersection-Related,None,,,         ,Samuel,Kersten,Clear,Front to Rear,no,no,no,no,yes,False
101894812,METROPOLITAN NASHVILLE POLICE DEPT,20180074528,Davidson,Not in City Limit,1/23/2018 5:37:00 PM,1,0,0,36.352590,-86.868840,GREENBRIER RD,,,,0.50,Miles,North,WHITES CREEK PKE,,,,0.00,N,Not at Intersection, ,Non-Junction,None,,,         ,Janelle,Keslar,Clear,Not Collision with Motor Vehicle in Transport,no,no,no,no,no,False
101894813,METROPOLITAN NASHVILLE POLICE DEPT,20180074289,Davidson,Nashville,1/23/2018 4:35:00 PM,1,1,0,36.145980,-86.753910,MURFREESBORO PKE,,,,0.00,Feet,,EXPRESSWAY PARK DR,,,,0.00,Y,Four-Way,N,Intersection,None,,,         ,Johnathan,Pannell,Clear,Not Collision with Motor Vehicle in Transport,no,no,no,no,no,False
101894838,METROPOLITAN NASHVILLE POLICE DEPT,20180074424,Davidson,Nashville,1/23/2018 5:05:00 PM,3,1,0,36.187990,-86.794020,I 65,,,,0.00,,,,,,,85.50,N,Not at Intersection,N,Non-Junction,None,,,         ,Jonathon,Sheppard,Clear,"Sideswipe, Same Direction",no,no,no,no,no,False
101894843,METROPOLITAN NASHVILLE POLICE DEPT,20180074731,Davidson,Nashville,1/23/2018 5:25:00 PM,2,0,0,36.115920,-86.785740,I 440,,,,0.00,,,,,,,4.20,N,Not at Intersection,N,Non-Junction,None,,,         ,Gregory,Scott,Clear,Front to Rear,no,no,no,no,no,False
101894844,METROPOLITAN NASHVILLE POLICE DEPT,20180074634,Davidson,Nashville,1/23/2018 5:25:00 PM,2,0,0,36.102040,-86.765010,I 65,,,,0.00,,,,,,,79.20,N,Not at Intersection,N,Non-Junction,None,,,         ,Edin,Plancic,Clear,"Sideswipe, Same Direction",no,no,no,no,no,False
101894853,METROPOLITAN NASHVILLE POLICE DEPT,2018-074697,Davidson,Not in City Limit,1/23/2018 6:25:00 PM,2,0,0,36.080320,-87.013050,SETTLERS WAY,,,,0.00,,,BEAUTIFUL VALLEY DR,,,,0.00,Y,T-Intersection,N,Intersection,None,,,         ,Ryan,Allen,Clear,Other,no,no,no,no,no,False
101894855,METROPOLITAN NASHVILLE POLICE DEPT,20180074688,Davidson,Nashville,1/23/2018 5:56:00 PM,2,0,0,36.110430,-86.770540,I440 ENT RAMP,,,,0.00,Feet,East,I 65,,,,0.00,N,Not at Intersection,N,Non-Junction,None,,,         ,Jacob,Paul,Clear,Front to Rear,no,no,no,no,yes,False
101894884,METROPOLITAN NASHVILLE POLICE DEPT,20180074644,Davidson,Nashville,1/23/2018 5:18:00 PM,2,0,0,36.148400,-86.780560,I 40,,,,0.00,,,,,,,209.80,N,Not at Intersection,N,Non-Junction,None,,,         ,Brandon,Hughes,Clear,"Sideswipe, Same Direction",no,no,no,no,yes,False
101894885,GOODLETTSVILLE POLICE DEPT,18-03035,Davidson,Goodlettsville,1/23/2018 5:35:00 PM,2,0,0,36.309800,-86.702940,I 65,,,,0.00,,,,,,,96.00,N,Not at Intersection,N,Non-Junction,None,,,         ,Donald,Brinton,Clear,"Sideswipe, Same Direction",no,no,no,no,no,False
101894894,METROPOLITAN NASHVILLE POLICE DEPT,20180074848,Davidson,Nashville,1/23/2018 6:50:00 PM,2,0,0,36.088320,-86.791000,BATTERY LN,,,,0.00,Feet,West,LEALAND LN,,,,0.00,N,Not at Intersection, ,,None,,,         ,Gregory,Scott,,,no,no,no,no,no,False
101894896,BERRY HILL POLICE DEPT,18-0248,Davidson,Berry Hill,1/23/2018 6:30:00 PM,2,0,0,36.120090,-86.775010,FRANKLIN PKE,,,,0.00,,,GALE LN,,,,0.00,Y,Y-Intersection,N,Intersection,None,,,         ,Roy,Morris,Clear,Angle,no,no,no,no,no,False
101894910,METROPOLITAN NASHVILLE POLICE DEPT,20180074517,Davidson,Nashville,1/23/2018 5:20:00 PM,2,0,0,36.157930,-86.791610,14TH AVN,,,,0.00,,,CHURCH ST,,,,0.00,Y,Four-Way, ,Entrance/Exit Ramp Related,None,,,         ,Joseph,Jakes,Clear,"Sideswipe, Same Direction",no,no,no,no,yes,False
101894911,METROPOLITAN NASHVILLE POLICE DEPT,20180074594,Davidson,Nashville,1/23/2018 5:55:00 PM,2,0,0,36.169050,-86.772240,S 1ST ST,,,,0.00,,,WOODLAND ST,,,,0.00,Y,Four-Way,N,Intersection,None,,,         ,Derek,Betty,Clear,Angle,no,no,no,no,no,False
101894912,METROPOLITAN NASHVILLE POLICE DEPT,20180074567,Davidson,Not in City Limit,1/23/2018 5:48:00 PM,2,1,0,36.202580,-86.983550,RIVER ROAD PKE,,,,420.00,Feet,East,RIVER RD,,,,0.00,N,Not at Intersection,N,Non-Junction,None,,,         ,Adam,Reese,Clear,"Sideswipe, Opposite Direction",no,no,no,no,no,False
101894915,METROPOLITAN NASHVILLE POLICE DEPT,20180074619,Davidson,Nashville,1/23/2018 5:58:00 PM,6,3,0,36.047580,-86.662610,I 24,,,,0.00,,,,,,,59.15,N,Not at Intersection,N,Non-Junction,None,,,         ,Eric,Keller,Clear,Angle,no,no,no,no,no,False
101894921,METROPOLITAN NASHVILLE POLICE DEPT,20180074302,Davidson,Nashville,1/23/2018 12:00:00 AM,3,2,0,36.213570,-86.764520,DELLWAY VILLA RD,,,,0.00,,,DICKERSON PKE,,,,0.00,Y,T-Intersection,N,Intersection,None,,,         ,Gordon,Stovall,Clear,Angle,no,no,no,no,no,False
101894923,METROPOLITAN NASHVILLE POLICE DEPT,20180074841,Davidson,Nashville,1/23/2018 7:13:00 PM,1,0,0,36.122920,-86.750750,I 440,,,,0.00,,,,,,,6.30,N,Not at Intersection, ,Non-Junction,None,,,         ,William,King,Clear,Not Collision with Motor Vehicle in Transport,no,no,no,no,no,False
101894924,METROPOLITAN NASHVILLE POLICE DEPT,20180074908,Davidson,Nashville,1/23/2018 7:39:00 PM,2,0,0,36.084350,-86.705290,HARDING PL,,,,189.00,Feet,East,LINBAR DR,,,,0.00,N,Not at Intersection,N,Non-Junction,None,,,         ,Patrick,Martin,Clear,Front to Rear,no,no,no,no,no,False
101894931,METROPOLITAN NASHVILLE POLICE DEPT,20180073927,Davidson,Nashville,1/23/2018 3:54:00 PM,2,0,0,36.118750,-86.801500,I 440,,,,0.00,,,,,,,3.10,N,Not at Intersection, ,Entrance/Exit Ramp Related,None,,,         ,Jacob,Paul,Clear,"Sideswipe, Same Direction",no,no,no,no,no,False
101894942,METROPOLITAN NASHVILLE POLICE DEPT,20180074868,Davidson,Nashville,1/23/2018 5:48:00 PM,2,0,0,36.155240,-86.790650,BROADWAY,,,,0.00,,,15TH AVN,,,,0.00,Y,T-Intersection, ,Intersection-Related,None,,,         ,Eric,Burford,Clear,Angle,no,no,no,no,no,False
101894956,METROPOLITAN NASHVILLE POLICE DEPT,20180074622,Davidson,Nashville,1/23/2018 5:47:00 PM,2,2,0,36.168950,-86.775560,JAMES ROBERTSON PKWY,,,,620.00,Feet,East,MAIN ST,,,,0.00,N,Not at Intersection,N,Non-Junction,None,,,         ,Kevin,Johnson,Clear,Front to Rear,no,no,no,no,no,False
101894957,METROPOLITAN NASHVILLE POLICE DEPT,20180074067,Davidson,Nashville,1/23/2018 3:30:00 PM,2,0,0,36.168560,-86.813390,I40 E EXT RAMP,,,,0.00,,,I 40,,,,0.00,Y,Y-Intersection, ,Entrance/Exit Ramp Related,None,,,         ,Christopher,Dickerson,Clear,Front to Rear,no,no,no,no,no,False
101894964,METROPOLITAN NASHVILLE POLICE DEPT,20180075126,Davidson,Nashville,1/23/2018 12:00:00 AM,2,1,0,36.206880,-86.792090,W TRINITY LN,,,,152.00,Feet,West,WHITES CREEK PKE,,,,0.00,N,Not at Intersection,N,Non-Junction,None,,,         ,Melvin,Taylor,Clear,Angle,no,no,no,no,no,False
101894983,METROPOLITAN NASHVILLE POLICE DEPT,20180074921,Davidson,Nashville,1/23/2018 7:45:00 PM,2,0,0,36.158640,-86.792190,14TH AVN,,,,132.00,Feet,South,I40 E EXT RAMP,,,,0.00,N,Not at Intersection, ,Entrance/Exit Ramp Related,None,,,         ,Jacob,Paul,Clear,"Sideswipe, Same Direction",no,no,no,no,no,False
101895030,METROPOLITAN NASHVILLE POLICE DEPT,20180075236,Davidson,Nashville,1/23/2018 9:27:00 PM,2,1,0,36.106110,-86.672870,MURFREESBORO PKE,,,,67.00,Feet,East,DONELSON PKE,,,,0.00,N,Not at Intersection,N,Non-Junction,None,,,         ,Cheri,Cox,Clear,Angle,no,no,no,no,no,False
101895035,METROPOLITAN NASHVILLE POLICE DEPT,20180075106,Davidson,Nashville,1/23/2018 6:33:00 PM,3,0,0,36.069970,-86.685630,HAYWOOD LN,,,,0.00,,,BAKERTOWN RD,,,,0.00,Y,OTHER, ,Intersection-Related,None,,,         ,Jedidayah,Merriweather,Clear,Front to Rear,no,no,no,no,yes,False
101895043,METROPOLITAN NASHVILLE POLICE DEPT,20180075200,Davidson,Nashville,1/23/2018 9:16:00 PM,2,0,0,36.134280,-86.774730,WEDGEWOOD AV,,,,0.00,,,I65 N ENT RAMP,,,,0.00,Y,Four-Way, ,Intersection-Related,None,,,         ,Brandon,Hughes,Clear,Front to Rear,no,no,no,no,no,False
101895044,METROPOLITAN NASHVILLE POLICE DEPT,20180075295,Davidson,Nashville,1/23/2018 9:49:00 PM,2,1,0,36.160970,-86.760120,DAVIDSON STREET BIKE CNCTR,,,,38.00,Feet,East,DAVIDSON ST,,,,0.00,N,Not at Intersection,N,Non-Junction,None,,,         ,Michael,Moss,Clear,Front to Rear,no,no,no,no,no,False
101895060,METROPOLITAN NASHVILLE POLICE DEPT,20180075217,Davidson,Nashville,1/23/2018 9:20:00 PM,2,3,0,36.090010,-86.750350,TROUSDALE DR,,,,142.00,Feet,North,GRASSMERE PK,,,,0.00,N,Not at Intersection,N,Non-Junction,None,,,         ,William,King,Clear,Front to Rear,no,no,no,no,no,False
101895114,METROPOLITAN NASHVILLE POLICE DEPT,20180075583,Davidson,Nashville,1/23/2018 11:40:00 PM,3,0,0,36.172190,-86.765910,ELLINGTON PKWY N ENT RAMP,,,,0.00,Feet,East,MAIN ST,,,,0.00,N,Not at Intersection,N,Entrance/Exit Ramp Related,None,,,         ,Eric,Cunningham,Clear,"Sideswipe, Opposite Direction",no,no,no,no,yes,False
101895119,METROPOLITAN NASHVILLE POLICE DEPT,20180075479,Davidson,Nashville,1/23/2018 11:12:00 PM,2,0,0,36.077140,-86.641460,DOVER GLEN DR,,,,0.00,,,MURFREESBORO PKE,,,,0.00,Y,Four-Way, ,Intersection,Construction Zone,,,         ,Autumn,Manning,Clear,Angle,no,no,no,no,no,False
101895123,METROPOLITAN NASHVILLE POLICE DEPT,20180075802,Davidson,Lakewood,1/24/2018 12:00:00 AM,1,1,0,36.243930,-86.636690,OLD HICKORY BLVD,,,,223.00,Feet,West,FERRELL DR,,,,0.00,N,Not at Intersection,N,Non-Junction,None,,,         ,Emily,Mulready,Clear,Not Collision with Motor Vehicle in Transport,no,no,no,no,no,False
101895125,METROPOLITAN NASHVILLE POLICE DEPT,20180075510,Davidson,Nashville,1/23/2018 11:15:00 PM,1,1,0,36.029430,-86.744030,EDMONDSON,PIKE,SR5927,5927,100.00,Feet,South,EDMONDSON,PIKE,SR5927,,5.00,N,Not at Intersection,N,Non-Junction,None,,,         ,William,Hamblen,Clear,Not Collision with Motor Vehicle in Transport,no,no,no,no,no,False
101895158,METROPOLITAN NASHVILLE POLICE DEPT,20180075567,Davidson,Nashville,1/23/2018 11:39:00 PM,2,0,0,36.170670,-86.771310,JAMES ROBERTSON PKWY,,,,96.00,Feet,North,MAIN ST,,,,0.00,N,Not at Intersection,N,Non-Junction,None,,,         ,Kelcey,Bell,Clear,HeadOn,no,no,no,no,no,False
101895184,METROPOLITAN NASHVILLE POLICE DEPT,20180076462,Davidson,Nashville,1/24/2018 6:00:00 AM,1,1,0,36.161320,-86.773770,1ST AVS,,,,64.00,Feet,North,DOWNTOWN GRNWY,,,,0.00,N,Not at Intersection,N,Non-Junction,None,,,         ,Sarah,Ortkiese,Clear,Not Collision with Motor Vehicle in Transport,no,no,no,yes,no,False
101895199,METROPOLITAN NASHVILLE POLICE DEPT,20180076475,Davidson,Nashville,1/24/2018 6:11:00 AM,2,0,0,36.093660,-86.762800,I 65,,,,0.00,,,,,,,78.60,N,Not at Intersection,N,Non-Junction,None,,,         ,Christopher,Dameron,Clear,"Sideswipe, Same Direction",no,no,no,no,no,False
101895200,METROPOLITAN NASHVILLE POLICE DEPT,20180076521,Davidson,Nashville,1/24/2018 6:55:00 AM,2,0,0,36.085190,-86.894270,HARDING PKE,,,,169.00,Feet,North,PERCY WARNER BLVD,,,,0.00,N,Not at Intersection, ,Non-Junction,None,,,         ,Curtis,Rich,Clear,Front to Rear,no,no,no,no,no,False
101895220,METROPOLITAN NASHVILLE POLICE DEPT,20180076650,Davidson,Not in City Limit,1/24/2018 7:45:00 AM,2,0,0,36.109060,-86.925640,I 40,,,,0.00,,,,,,,198.90,N,Not at Intersection,N,Non-Junction,None,,,         ,Curtis,Rich,Cloudy,Front to Rear,no,no,no,no,no,False
101895222,METROPOLITAN NASHVILLE POLICE DEPT,20180076573,Davidson,Nashville,1/24/2018 7:15:00 AM,2,0,0,36.118910,-86.726450,I 24,,,,0.00,,,,,,,53.00,N,Not at Intersection, ,Non-Junction,None,,,         ,Todd,Watson,Clear,Front to Rear,no,no,no,no,no,False
101895233,METROPOLITAN NASHVILLE POLICE DEPT,20180076578,Davidson,Antioch,1/24/2018 6:30:00 AM,2,0,0,36.028250,-86.614320,OLD HICKORY BLVD,,,,885.00,Feet,South,LOGISTICS WAY,,,,0.00,N,Not at Intersection,N,Non-Junction,None,,,         ,Brandon,Evans,Clear,Front to Rear,no,no,no,no,no,False
101895252,METROPOLITAN NASHVILLE POLICE DEPT,20180076743,Davidson,Nashville,1/24/2018 8:13:00 AM,2,0,0,36.168920,-86.683630,LEBANON PKE,,,,0.00,,,THE CROSSINGS PVTDR,,,,0.00,Y,T-Intersection, ,Intersection,None,,,         ,Michael,Dance,Clear,Angle,no,no,no,no,no,False
101895258,METROPOLITAN NASHVILLE POLICE DEPT,20180076739,Davidson,Nashville,1/24/2018 8:15:00 AM,2,0,0,36.046530,-86.713400,NOLENSVILLE PKE,,,,426.00,Feet,North,OLD HICKORY BLVD,,,,0.00,N,Not at Intersection, ,Non-Junction,None,,,         ,Jon,Mcvey,Cloudy,Front to Rear,no,no,no,no,no,False
101895272,METROPOLITAN NASHVILLE POLICE DEPT,20180076554,Davidson,Nashville,1/24/2018 7:10:00 AM,3,0,0,36.068050,-86.682880,ANTIOCH PKE,,,,482.00,Feet,South,RICHARDS RD,,,,0.00,N,Not at Intersection, ,Non-Junction,None,,,         ,Gerald,Gomes,Clear,Front to Rear,no,no,no,no,no,False
101895287,METROPOLITAN NASHVILLE POLICE DEPT,20180076827,Davidson,Nashville,1/24/2018 8:47:00 AM,2,0,0,36.120160,-86.802340,I 440,,,,0.00,,,,,,,3.00,N,Not at Intersection,N,Entrance/Exit Ramp Related,None,,,         ,Michael,McCord,Clear,Front to Rear,no,no,no,no,no,False
101895308,METROPOLITAN NASHVILLE POLICE DEPT,20180076535,Davidson,Nashville,1/24/2018 12:00:00 AM,1,0,0,36.111280,-86.865830,POST RD,,,,368.00,Feet,North,GAYLARK DR,,,,0.00,N,Not at Intersection, ,"Driveway, Alley Access, etc",None,,,         ,Jeremy,Arrington,Unknown,Not Collision with Motor Vehicle in Transport,no,no,no,no,yes,False
101895320,METROPOLITAN NASHVILLE POLICE DEPT,20180076763,Davidson,Nashville,1/24/2018 8:24:00 AM,2,0,0,36.149880,-86.783840,I 40,,,,0.00,,,,,,,209.60,N,Not at Intersection,Y,Non-Junction,None,,,         ,James,Thornton,Clear,Front to Rear,no,no,no,no,no,False
101895341,METROPOLITAN NASHVILLE POLICE DEPT,20180077021,Davidson,Nashville,1/24/2018 9:59:00 AM,2,0,0,36.141600,-86.672170,I 40,,,,0.00,,,,,,,215.00,N,Not at Intersection,N,Non-Junction,None,,,         ,Michael,Dance,Clear,"Sideswipe, Same Direction",no,no,no,no,yes,False
101895345,METROPOLITAN NASHVILLE POLICE DEPT,20180077031,Davidson,Nashville,1/24/2018 10:05:00 AM,3,0,0,36.116140,-86.795130,I 440,,,,0.00,,,,,,,3.70,N,Not at Intersection, ,Non-Junction,None,,,         ,Nathan,Kemp,Clear,Front to Rear,no,no,no,no,no,False
101895351,METROPOLITAN NASHVILLE POLICE DEPT,20180076989,Davidson,Nashville,1/24/2018 9:45:00 AM,2,0,0,36.135620,-86.801000,21ST AVS,,,,0.00,,,ACKLEN AV,,,,0.00,Y,Four-Way,N,Intersection-Related,None,,,         ,Riley,Brewer,Clear,Front to Rear,no,no,no,no,no,Campus