master_record_number,agency,agency_tracking_number,county,city,collision_date,vehicles_involved,number_injured,number_dead,latitude,longitude,roadway_name,roadway_suffix,roadway_number,roadway_local_id,distance_from_reference,miles-feet_indicator,direction_from_reference,intersection_road_name,intersection_road_name_suffix,intersection_road_number,intersection_local_id,mile_marker,intersection_indicator,intersect_type,interchange_related_indicator,relation_to_junction,work_zone_type,construction_maintenance_zone,construction_maintenance_zone_location,fatal_case_number,officer_first_name,officer_last_name,weather_condition(s),manner_of_crash,pedestrian,bicycle,scooter,parking,hitrun,mou
101897770,METROPOLITAN NASHVILLE POLICE DEPT,20180085629,Davidson,Nashville,1/26/2018 3:20:00 PM,2,0,0,36.129880,-86.839080,HARDING PKE,,,,136.00,Feet,West,MONTGOMERY BELL AV,,,,0.00,N,Not at Intersection, ,Non-Junction,None,,,         ,Andrew,McCarron,Clear,Front to Rear,no,no,no,no,no,False
101897781,METROPOLITAN NASHVILLE POLICE DEPT,20180085613,Davidson,Nashville,1/26/2018 3:23:00 PM,2,0,0,36.064560,-86.684640,I 24,,,,0.00,,,,,,,57.45,N,Not at Intersection,N,Non-Junction,None,,,         ,William,Durham,Clear,Front to Rear,no,no,no,no,yes,False
101897782,BERRY HILL POLICE DEPT,18-0270,Davidson,Berry Hill,1/25/2018 12:00:00 AM,1,1,0,36.124900,-86.776640,FRANKLIN PKE,,,,33.00,Feet,South,INVERNESS AV,,,,0.00,N,Not at Intersection,Y,Non-Junction,None,,,         ,John,Gleixner,Clear,Not Collision with Motor Vehicle in Transport,yes,no,no,no,no,False
101897808,METROPOLITAN NASHVILLE POLICE DEPT,20180085635,Davidson,Nashville,1/26/2018 3:25:00 PM,2,0,0,36.188270,-86.793620,I 65,,,,0.00,,,,,,,85.50,N,Not at Intersection, ,Non-Junction,None,,,         ,Amery,Milligan,Clear,Angle,no,no,no,no,no,False
101897835,METROPOLITAN NASHVILLE POLICE DEPT,20180085692,Davidson,Nashville,1/26/2018 3:50:00 PM,1,1,0,36.141720,-86.778670,CHESTNUT ST,,,,0.00,,,8TH AVS,,,,0.00,Y,Four-Way,N,Intersection-Related,None,,,         ,Eric,Burford,Clear,Not Collision with Motor Vehicle in Transport,yes,no,no,no,yes,False
101897850,METROPOLITAN NASHVILLE POLICE DEPT,20180085521,Davidson,Not in City Limit,1/26/2018 2:42:00 PM,2,0,0,36.076890,-87.018520,I 40,,,,0.00,,,,,,,192.65,N,Not at Intersection, ,Non-Junction,None,,,         ,Ryan,Allen,Clear,Front to Rear,no,no,no,no,no,False
101897851,METROPOLITAN NASHVILLE POLICE DEPT,20180085561,Davidson,Nashville,1/26/2018 3:07:00 PM,2,0,0,36.154130,-86.834230,I 40,,,,0.00,,,,,,,205.25,N,Not at Intersection,N,Non-Junction,None,,,         ,Ryan,Allen,Clear,Not Collision with Motor Vehicle in Transport,no,no,no,no,no,False
101897852,METROPOLITAN NASHVILLE POLICE DEPT,2018-0085741,Davidson,Nashville,1/26/2018 3:10:00 PM,2,0,0,36.154130,-86.834230,I 40,,,,0.00,,,,,,,205.25,N,Not at Intersection,N,Non-Junction,None,,,         ,Ryan,Allen,Clear,Not Collision with Motor Vehicle in Transport,no,no,no,no,no,False
101897853,METROPOLITAN NASHVILLE POLICE DEPT,20180085627,Davidson,Nashville,1/26/2018 3:29:00 PM,3,0,0,36.117560,-86.800440,I 440,,,,0.00,,,,,,,3.20,N,Not at Intersection,N,Non-Junction,None,,,         ,Ryan,Storm,Clear,Front to Rear,no,no,no,no,no,False
101897859,METROPOLITAN NASHVILLE POLICE DEPT,20180085535,Davidson,Nashville,1/26/2018 11:40:00 AM,2,0,0,36.138910,-86.700490,BRILEY PKWY,,,,0.00,,,,,,,0.00,,,N,Non-Junction,None,,,         ,Seth,Vaughn,Clear,Angle,no,no,no,yes,yes,False
101897860,METROPOLITAN NASHVILLE POLICE DEPT,20180085617,Davidson,Nashville,1/26/2018 3:20:00 PM,3,0,0,36.151140,-86.769640,I 40,,,,0.00,,,,,,,210.45,N,Not at Intersection, ,Non-Junction,None,,,         ,Seth,Vaughn,Clear,"Sideswipe, Same Direction",no,no,no,no,no,False
101897873,METROPOLITAN NASHVILLE POLICE DEPT,20180085684,Davidson,Nashville,1/26/2018 3:40:00 PM,2,0,0,36.133770,-86.696930,BRILEY PKWYN,,,,264.00,Feet,North,BRILEY PKWYS,,,,0.00,N,Not at Intersection, ,Non-Junction,None,,,         ,Andrew,Anoskey,Clear,Front to Rear,no,no,no,no,no,False
101897875,METROPOLITAN NASHVILLE POLICE DEPT,20180085647,Davidson,Nashville,1/26/2018 3:40:00 PM,2,1,0,36.049560,-86.713820,NOLENSVILLE PKE,,,,0.00,Feet,,ASH GROVE DR,,,,0.00,Y,T-Intersection,N,Intersection,None,,,         ,Matthew,Turppa,Clear,Angle,no,no,no,no,no,False
101897877,VANDERBILT UNIVERSITY POLICE,20180085693,Davidson,Nashville,1/26/2018 3:40:00 PM,2,0,0,36.140260,-86.801440,MEDICAL CENTER DR,,,,0.00,,,,,,,0.00,,, ,,None,,,         ,Anthony,Daniels,,,no,no,no,yes,no,Campus
101897878,METROPOLITAN NASHVILLE POLICE DEPT,20180085867,Davidson,Nashville,1/26/2018 4:47:00 PM,2,1,0,36.097710,-86.709550,I 24,,,,0.00,,,,,,,54.75,N,Not at Intersection,N,Non-Junction,None,,,         ,Luis,De Los Santos,Clear,Front to Rear,no,no,no,no,no,False
101897880,METROPOLITAN NASHVILLE POLICE DEPT,20180085806,Davidson,Nashville,1/26/2018 4:43:00 PM,3,0,0,36.151710,-86.768750,I40 W EXT RAMP,,,,0.00,Feet,East,I 40,,,,0.00,N,Not at Intersection,N,Non-Junction,None,,,         ,Phillip,Box,Clear,Front to Rear,no,no,no,no,no,False
101897881,METROPOLITAN NASHVILLE POLICE DEPT,20180085602,Davidson,Nashville,1/26/2018 3:16:00 PM,2,0,0,36.168310,-86.760330,SHELBY AV,,,,0.00,,,S 6TH ST,,,,0.00,Y,T-Intersection,Y,Intersection-Related,None,,,         ,Barrett,Teague,Clear,Front to Rear,no,no,no,no,yes,False
101897882,METROPOLITAN NASHVILLE POLICE DEPT,20180085599,Davidson,Nashville,1/26/2018 12:00:00 AM,3,2,0,36.204290,-86.840630,CLARKSVILLE PKE,,,,404.00,Feet,North,ABERNATHY RD,,,,0.00,N,Not at Intersection,N,Non-Junction,None,,,         ,Melvin,Taylor,Clear,Front to Rear,no,no,no,no,no,False
101897883,METROPOLITAN NASHVILLE POLICE DEPT,20180085816,Davidson,Nashville,1/26/2018 12:00:00 AM,2,0,0,36.179870,-86.800640,I 65,,,,0.00,,,,,,,85.00,N,Not at Intersection, ,Non-Junction,None,,,         ,Melvin,Taylor,Clear,Front to Rear,no,no,no,no,no,False
101897886,METROPOLITAN NASHVILLE POLICE DEPT,20180085785,Davidson,Nashville,1/26/2018 3:30:00 PM,2,0,0,36.109450,-86.728050,BRILEY PKWYN,,,,0.00,,,BRILEY PKWYS,,,,0.00,Y,T-Intersection, ,Intersection-Related,None,,,         ,Ciarra,Rench,Clear,Front to Rear,no,no,no,no,no,False
101897892,METROPOLITAN NASHVILLE POLICE DEPT,20180085769,Davidson,Nashville,1/26/2018 4:25:00 PM,2,1,0,36.081030,-86.757910,HARDING PL,,,,133.00,Feet,East,TROUSDALE DR,,,,0.00,N,Not at Intersection,N,Non-Junction,None,,,         ,Nicholas,Carroll,Clear,Front to Rear,no,no,no,no,no,False
101897917,METROPOLITAN NASHVILLE POLICE DEPT,20180085921,Davidson,Nashville,1/26/2018 4:45:00 PM,1,0,0,36.111620,-86.792580,WOODMONT BLVD,,,,0.00,Feet,East,GRANNY WHITE PKE,,,,0.00,N,Not at Intersection, ,,None,,,         ,Gregory,Scott,,,no,no,no,no,no,False
101897918,METROPOLITAN NASHVILLE POLICE DEPT,20180085962,Davidson,Nashville,1/26/2018 5:14:00 PM,2,0,0,36.134200,-86.726910,I24E,,,,54.00,Feet,East,I24 E ENT RAMP,,,,0.00,N,Not at Intersection,N,Non-Junction,None,,,         ,Jessie,Meadows,Clear,Front to Rear,no,no,no,no,yes,False
101897919,METROPOLITAN NASHVILLE POLICE DEPT,20180085875,Davidson,Nashville,1/26/2018 3:51:00 PM,2,0,0,36.132230,-86.727170,I 24,,,,0.00,,,,,,,52.00,N,Not at Intersection,N,Non-Junction,None,,,         ,Jessie,Meadows,Clear,"Sideswipe, Same Direction",no,no,no,no,yes,False
101897920,METROPOLITAN NASHVILLE POLICE DEPT,20180085940,Davidson,Nashville,1/26/2018 5:06:00 PM,2,0,0,36.037790,-86.795570,OLD HICKORY BLVD,,,,242.00,Feet,West,BRENTWOOD BLVD,,,,0.00,N,Not at Intersection, ,Non-Junction,None,,,         ,Ryan,Storm,Clear,Front to Rear,no,no,no,no,no,False
101897938,METROPOLITAN NASHVILLE POLICE DEPT,20180085782,Davidson,Nashville,1/26/2018 3:56:00 PM,2,0,0,36.175970,-86.801210,I40 E ENT RAMP,,,,0.00,Feet,East,I40 W ENT RAMP,,,,0.00,N,Not at Intersection, ,Non-Junction,None,,,         ,Russell,Jones,Clear,Front to Rear,no,no,no,no,no,False
101897942,METROPOLITAN NASHVILLE POLICE DEPT,20180085725,Davidson,Nashville,1/26/2018 3:31:00 PM,4,0,0,36.050000,-86.775650,I 65,,,,0.00,,,,,,,74.50,N,Not at Intersection, ,Non-Junction,None,,,         ,Jacob,Paul,Clear,Front to Rear,no,no,no,no,no,False
101897965,METROPOLITAN NASHVILLE POLICE DEPT,20180086002,Davidson,Nashville,1/26/2018 4:53:00 PM,2,0,0,36.088190,-86.649480,MURFREESBORO PKE,,,,355.00,Feet,South,RANSOM PL,,,,0.00,N,Not at Intersection, ,Non-Junction,None,,,         ,Luis,De Los Santos,Clear,Angle,no,no,no,no,no,False
101897966,METROPOLITAN NASHVILLE POLICE DEPT,20180086073,Davidson,Nashville,1/26/2018 6:05:00 PM,2,0,0,36.110120,-86.770370,I 65,,,,0.00,,,,,,,79.75,N,Not at Intersection,N,Non-Junction,None,,,         ,FELIKS,ABRAHAMYAN,Clear,Front to Rear,no,no,no,no,no,False
101897967,METROPOLITAN NASHVILLE POLICE DEPT,20180085963,Davidson,Nashville,1/26/2018 12:00:00 AM,2,0,0,36.158200,-86.815270,26TH AVN,,,,77.00,Feet,South,CLIFTON AV,,,,0.00,N,Not at Intersection, ,Non-Junction,None,,,         ,Melvin,Taylor,Clear,Front to Rear,no,no,no,no,no,False
101897968,METROPOLITAN NASHVILLE POLICE DEPT,20180085710,Davidson,Not in City Limit,1/26/2018 4:06:00 PM,3,0,0,36.263910,-86.690300,STATE RT 45,,,,0.00,,,MYATT DR,,,,0.00,Y,Four-Way,N,Intersection,None,,,         ,Christopher,Littles,Clear,Angle,no,no,no,no,no,False
101897969,METROPOLITAN NASHVILLE POLICE DEPT,20180085866,Davidson,Not in City Limit,1/26/2018 4:45:00 PM,2,0,0,36.268930,-86.755870,DICKERSON PKE,,,,150.00,Feet,South,OLD HICKORY BLVD,,,,0.00,N,Not at Intersection, ,Non-Junction,None,,,         ,Christopher,Littles,Clear,Angle,no,no,no,no,no,False
101897970,METROPOLITAN NASHVILLE POLICE DEPT,20180086037,Davidson,Not in City Limit,1/26/2018 5:59:00 PM,2,0,0,36.264000,-86.689440,STATE RT 45,,,,300.00,Feet,East,MYATT DR,,,,0.00,N,Not at Intersection,N,Non-Junction,None,,,         ,Christopher,Littles,Clear,Front to Rear,no,no,no,no,no,False
101897977,METROPOLITAN NASHVILLE POLICE DEPT,20180085689,Davidson,Nashville,1/26/2018 3:20:00 PM,2,0,0,36.193360,-86.752940,DOUGLAS AV,,,,0.00,,,ELLINGTON PKWYS,,,,0.00,Y,Four-Way, ,Intersection-Related,None,,,         ,Hunter,Fikes,Clear,Angle,no,no,no,no,no,False
101897979,METROPOLITAN NASHVILLE POLICE DEPT,20180085753,Davidson,Nashville,1/26/2018 4:00:00 PM,2,1,0,36.139450,-86.884080,ANNEX AV,,,,991.00,Feet,North,CHARLOTTE PKE,,,,0.00,N,Not at Intersection, ,Non-Junction,None,,,         ,John,Hoesli,Clear,Not Collision with Motor Vehicle in Transport,yes,no,no,yes,yes,False
101897981,METROPOLITAN NASHVILLE POLICE DEPT,20180085783,Davidson,Nashville,1/26/2018 4:30:00 PM,3,0,0,36.170440,-86.767190,I 24,,,,0.00,,,,,,,48.65,N,Not at Intersection, ,Entrance/Exit Ramp Related,None,,,         ,Daniel,Wadham,Clear,"Sideswipe, Same Direction",no,no,no,no,no,False
101897992,METROPOLITAN NASHVILLE POLICE DEPT,20180086192,Davidson,Nashville,1/26/2018 6:38:00 PM,2,0,0,36.089010,-86.650200,RANSOM PL,,,,69.00,Feet,West,MURFREESBORO PKE,,,,0.00,N,Not at Intersection, ,Non-Junction,None,,,         ,Luis,De Los Santos,Clear,"Sideswipe, Same Direction",no,no,no,no,no,False
101897993,METROPOLITAN NASHVILLE POLICE DEPT,20180086083,Davidson,Not in City Limit,1/26/2018 6:12:00 PM,2,2,0,36.279270,-86.733770,I 65,,,,0.00,,,,,,,93.30,N,Not at Intersection, ,Non-Junction,None,,,         ,Joel,Callies,Clear,Front to Rear,no,no,no,no,no,False
101898000,METROPOLITAN NASHVILLE POLICE DEPT,20180086000,Davidson,Nashville,1/26/2018 4:51:00 PM,2,0,0,36.068700,-86.639830,RICE RD,,,,0.00,,,RURAL HILL RD,,,,0.00,Y,Four-Way, ,Intersection,None,,,         ,William,Durham,Clear,Angle,no,no,no,no,no,False
101898004,METROPOLITAN NASHVILLE POLICE DEPT,20180086263,Davidson,Not in City Limit,1/26/2018 6:35:00 PM,2,0,0,36.263810,-86.711660,GALLATIN PKEN,,,,0.00,,,OLD TIME VILLAGE PVTDR,,,,0.00,Y,T-Intersection, ,Intersection,None,,,         ,Christopher,Littles,Clear,Angle,no,no,no,no,no,False
101898005,METROPOLITAN NASHVILLE POLICE DEPT,20180086179,Davidson,Not in City Limit,1/26/2018 6:49:00 PM,2,2,0,36.079000,-86.952260,HIGHWAY 70S,,,,425.00,Feet,East,COLEY DAVIS RD,,,,0.00,N,Not at Intersection, ,Non-Junction,None,,,         ,Ryan,Allen,Clear,Front to Rear,no,no,no,no,no,False
101898013,METROPOLITAN NASHVILLE POLICE DEPT,20180086014,Davidson,Nashville,1/26/2018 3:15:00 PM,2,0,0,36.072220,-86.644440,RICE RD,,,,523.00,Feet,East,EDGE O LAKE DR,,,,0.00,N,Not at Intersection,N,Non-Junction,None,,,         ,William,Durham,Clear,"Sideswipe, Same Direction",no,no,no,yes,yes,False
101898021,METROPOLITAN NASHVILLE POLICE DEPT,20180086099,Davidson,Nashville,1/26/2018 6:16:00 PM,2,0,0,36.037260,-86.788040,OLD HICKORY BLVD,,,,440.00,Feet,West,FRANKLIN PKE,,,,0.00,N,Not at Intersection, ,Non-Junction,None,,,         ,Nicholas,Carroll,Clear,Front to Rear,no,no,no,no,no,False
101898022,METROPOLITAN NASHVILLE POLICE DEPT,20180086160,Davidson,Nashville,1/26/2018 5:52:00 PM,2,1,0,36.073360,-86.769080,I 65,,,,0.00,,,,,,,77.20,N,Not at Intersection, ,Non-Junction,None,,,         ,Jacob,Paul,Clear,Front to Rear,no,no,no,no,no,False
101898026,METROPOLITAN NASHVILLE POLICE DEPT,20180086350,Davidson,Not in City Limit,1/26/2018 12:00:00 AM,1,0,0,36.359450,-86.884820,WHITES CREEK PKE,,,,814.00,Feet,North,JACKMAN RD,,,,0.00,N,Not at Intersection, ,Non-Junction,None,,,         ,Melvin,Taylor,Clear,Not Collision with Motor Vehicle in Transport,no,no,no,no,no,False
101898029,METROPOLITAN NASHVILLE POLICE DEPT,20180085840,Davidson,Nashville,1/26/2018 4:49:00 PM,2,0,0,36.097980,-86.655880,OLD MURFREESBORO PKE,,,,588.00,Feet,North,SMITH SPRINGS RD,,,,0.00,N,Not at Intersection, ,Non-Junction,None,,,         ,Kimberly,Annson,Clear,Angle,no,no,no,no,no,False
101898046,METROPOLITAN NASHVILLE POLICE DEPT,20180086042,Davidson,Nashville,1/26/2018 5:49:00 PM,2,0,0,36.100900,-86.726660,ANTIOCH PKE,,,,0.00,,,MIMOSA DR,,,,0.00,Y,T-Intersection,N,Intersection,None,,,         ,Benjamin,Froehlich,Clear,Angle,no,no,no,no,no,False
101898047,METROPOLITAN NASHVILLE POLICE DEPT,20180086065,Davidson,Nashville,1/26/2018 6:09:00 PM,1,1,0,36.148310,-86.760900,LAFAYETTE ST,,,,89.00,Feet,East,CLAIBORNE ST,,,,0.00,N,Not at Intersection,N,Non-Junction,None,,,         ,Patrick,Martin,Clear,Not Collision with Motor Vehicle in Transport,yes,no,no,yes,no,False
101898048,METROPOLITAN NASHVILLE POLICE DEPT,20180086088,Davidson,Nashville,1/26/2018 5:48:00 PM,2,1,0,36.187920,-86.798480,DOMINICAN DR,,,,0.00,,,ROSA L PARKS BLVD,,,,0.00,Y,OTHER,N,Non-Junction,None,,,         ,Ronald,Bright,Clear,Angle,no,no,no,no,no,False
101898049,METROPOLITAN NASHVILLE POLICE DEPT,20180086268,Davidson,Not in City Limit,1/26/2018 6:47:00 PM,2,0,0,36.276590,-86.735010,I 65,,,,0.00,,,,,,,93.10,N,Not at Intersection,N,Non-Junction,None,,,         ,Ronald,Bright,Clear,Front to Rear,no,no,no,no,no,False
101898054,METROPOLITAN NASHVILLE POLICE DEPT,20180086370,Davidson,Nashville,1/26/2018 6:30:00 PM,2,0,0,36.089730,-86.703070,I 24,,,,0.00,,,,,,,55.40,N,Not at Intersection, ,Non-Junction,None,,,         ,Ciarra,Rench,Clear,"Sideswipe, Same Direction",no,no,no,no,no,False
101898056,METROPOLITAN NASHVILLE POLICE DEPT,20180086211,Davidson,Nashville,1/26/2018 6:21:00 PM,2,0,0,36.167320,-86.662190,LEBANON PKE,,,,0.00,,,EDDINGS LN,,,,0.00,Y,OTHER, ,OtherLocation,None,,,         ,Tyler,Maupin,Clear,Angle,no,no,no,no,no,False
101898068,METROPOLITAN NASHVILLE POLICE DEPT,20180086430,Davidson,Nashville,1/26/2018 4:30:00 PM,2,0,0,36.015550,-86.620180,OLD HICKORY BLVD,,,,0.00,,,I24 W EXT RAMP,,,,0.00,Y,Four-Way, ,Intersection,None,,,         ,Matthew,Turppa,Clear,Front to Rear,no,no,no,no,no,False
101898070,METROPOLITAN NASHVILLE POLICE DEPT,20180086043,Davidson,Nashville,1/26/2018 5:50:00 PM,2,0,0,36.140960,-86.732870,I 40,,,,0.00,,,,,,,213.00,N,Not at Intersection, ,,None,,,         ,Jessica,Johann,,,no,no,no,no,no,False
101898081,METROPOLITAN NASHVILLE POLICE DEPT,20180086434,Davidson,Nashville,1/26/2018 8:16:00 PM,2,0,0,36.159670,-86.774380,DEMONBREUN ST,,,,88.00,Feet,East,3RD AVS,,,,0.00,N,Not at Intersection, ,Non-Junction,None,,,         ,Abigail,Malone,Clear,"Sideswipe, Same Direction",yes,no,no,no,no,False
101898087,METROPOLITAN NASHVILLE POLICE DEPT,20180086445,Davidson,Nashville,1/26/2018 8:00:00 PM,2,0,0,36.229380,-86.759280,BROADMOOR DR,,,,0.00,,,DICKERSON PKE,,,,0.00,Y,Four-Way,N,Intersection-Related,None,,,         ,Hunter,Fikes,Clear,Angle,no,no,no,no,no,False
101898131,METROPOLITAN NASHVILLE POLICE DEPT,20180086124,Davidson,Nashville,1/26/2018 6:18:00 PM,2,0,0,36.152330,-86.805650,STATE ST,,,,0.00,,,LOUISE AV,,,,0.00,Y,T-Intersection, ,Non-Junction,None,,,         ,Eric,Burford,Clear,Front to Rear,no,no,no,no,no,False
101898132,METROPOLITAN NASHVILLE POLICE DEPT,20180086321,Davidson,Nashville,1/26/2018 7:20:00 PM,2,1,0,36.157930,-86.791610,14TH AVN,,,,0.00,,,CHURCH ST,,,,0.00,Y,Four-Way,N,Intersection,None,,,         ,Eric,Burford,Clear,Angle,no,no,no,no,no,False
101898133,METROPOLITAN NASHVILLE POLICE DEPT,20180086445,Davidson,Nashville,1/26/2018 8:00:00 PM,2,0,0,36.224300,-86.746050,ELLINGTON PKWYN,,,,882.00,Feet,North,BEN ALLEN RD,,,,0.00,N,Not at Intersection, ,Non-Junction,None,,,         ,Hunter,Fikes,Clear,Front to Rear,no,no,no,no,yes,False
101898142,METROPOLITAN NASHVILLE POLICE DEPT,2018-0086507,Davidson,Nashville,1/26/2018 4:35:00 PM,2,0,0,36.124160,-86.742040,I 440,,,,0.00,,,,,,,6.70,N,Not at Intersection, ,Non-Junction,None,,,         ,John,Roberson,Clear,Front to Rear,no,no,no,no,no,False
101898152,METROPOLITAN NASHVILLE POLICE DEPT,20180086521,Davidson,Nashville,1/26/2018 8:48:00 PM,1,1,0,36.149770,-86.765600,1ST AVS,,,,53.00,Feet,North,CRENSHAW ST,,,,0.00,N,Not at Intersection,N,Non-Junction,None,,,         ,Devonte,Coleman,Clear,Not Collision with Motor Vehicle in Transport,yes,no,no,no,no,False
101898160,METROPOLITAN NASHVILLE POLICE DEPT,20180085828,Davidson,Nashville,1/26/2018 3:30:00 PM,2,0,0,36.086580,-86.771970,FRANKLIN PKE,,,,0.00,,,HARDING PL,,,,0.00,Y,Four-Way, ,Intersection-Related,None,,,         ,Jacob,Paul,Clear,Front to Rear,no,no,no,no,no,False
101898196,METROPOLITAN NASHVILLE POLICE DEPT,20180086468,Davidson,Nashville,1/26/2018 8:30:00 PM,3,3,0,36.113050,-86.800030,WOODMONT BLVD,,,,0.00,Feet,,BELMONT BLVD,,,,0.00,Y,Four-Way,N,Intersection-Related,None,,,         ,Jacob,Paul,Clear,Front to Rear,no,no,no,no,no,False
101898206,METROPOLITAN NASHVILLE POLICE DEPT,20180086726,Davidson,Nashville,1/26/2018 9:53:00 PM,2,0,0,36.238700,-86.744340,I65 S EXT RAMP,,,,0.00,Feet,East,BRILEY PKWY E EXT RAMP,,,,0.00,N,Not at Intersection,Y,Entrance/Exit Ramp Related,None,,,         ,Kevin,Clausius,Clear,Angle,no,no,no,no,no,False
101898213,METROPOLITAN NASHVILLE POLICE DEPT,20180086860,Davidson,Nashville,1/26/2018 8:20:00 PM,2,0,0,36.123200,-86.789940,12TH AVS,,,,172.00,Feet,South,MONTROSE AV,,,,0.00,N,Not at Intersection, ,Non-Junction,None,,,         ,John,Tyree,Clear,Angle,no,no,no,no,no,False
101898252,METROPOLITAN NASHVILLE POLICE DEPT,20180086884,Davidson,Nashville,1/26/2018 11:00:00 PM,2,1,0,36.082670,-86.710490,TAMPA DR,,,,0.00,,,HARDING PL,,,,0.00,Y,Four-Way,N,Intersection-Related,None,,,         ,Derrick,Toney,Clear,Front to Rear,no,no,no,no,no,False
101898262,METROPOLITAN NASHVILLE POLICE DEPT,20180085999,Davidson,Nashville,1/26/2018 5:45:00 PM,3,1,0,36.187190,-86.773390,DICKERSON PKE,,,,91.00,Feet,South,CLEVELAND ST,,,,0.00,N,Not at Intersection,N,Non-Junction,None,,,         ,Daniel,Wadham,Clear,Angle,no,no,no,no,no,False
101898289,METROPOLITAN NASHVILLE POLICE DEPT,20180087139,Davidson,Nashville,1/27/2018 12:10:00 AM,2,0,0,36.136710,-86.787440,WADE AV,,,,252.00,Feet,West,11TH AVS,,,,0.00,N,Not at Intersection, ,Non-Junction,None,,,         ,Christian,Martin,Clear,Unknown,no,no,no,no,yes,False
101898302,METROPOLITAN NASHVILLE POLICE DEPT,20180086873,Davidson,Nashville,1/26/2018 10:57:00 PM,2,3,0,36.078640,-86.721940,WALLACE RD,,,,1207.00,Feet,East,EDMONDSON PKE,,,,0.00,N,Not at Intersection,N,Non-Junction,None,,,         ,Zachary,Lang,Clear,"Sideswipe, Opposite Direction",no,no,no,no,yes,False
101898309,METROPOLITAN NASHVILLE POLICE DEPT,20180087383,Davidson,Nashville,1/27/2018 1:37:00 AM,2,0,0,36.160850,-86.775520,3RD AVS,,,,281.00,Feet,South,BROADWAY,,,,0.00,N,Not at Intersection,N,Non-Junction,None,,,         ,Blake,Lutz,Clear,Angle,no,no,no,no,no,False
101898313,METROPOLITAN NASHVILLE POLICE DEPT,20180087642,Davidson,Nashville,1/27/2018 12:00:00 AM,1,0,0,36.211350,-86.691140,BRILEY PKWYN,,,,463.00,Feet,South,BRILEY PKWY N EXT RAMP,,,,0.00,N,Not at Intersection,N,Non-Junction,None,,,         ,Curtis,Fisher,Clear,Not Collision with Motor Vehicle in Transport,no,no,no,no,yes,False
101898323,GOODLETTSVILLE POLICE DEPT,18-03519,Davidson,Goodlettsville,1/26/2018 8:50:00 PM,1,0,0,36.324189,-86.709108,EAST CEDAR,ST,,,500.00,Feet,East,CHURCH,ST,,,0.00,N,Not at Intersection, ,Non-Junction,None,,,         ,Shane,Farrell,Clear,Not Collision with Motor Vehicle in Transport,no,no,no,no,no,False
101898352,METROPOLITAN NASHVILLE POLICE DEPT,20180087199,Davidson,Nashville,1/27/2018 12:32:00 AM,2,2,0,36.166230,-86.765790,SHELBY AV,,,,0.00,,,INTERSTATE DR,,,,0.00,Y,Four-Way,N,Intersection-Related,None,,,         ,Stephen,Waterman,Clear,Angle,no,no,no,no,no,False
101898363,METROPOLITAN NASHVILLE POLICE DEPT,20180087736,Davidson,Nashville,1/27/2018 4:22:00 AM,1,0,0,36.043870,-86.650480,HICKORY HOLLOW PKWY,,,,0.00,,,CROSSINGS PL,,,,0.00,Y,T-Intersection,N,Intersection-Related,None,,,         ,David,Moser,Clear,Not Collision with Motor Vehicle in Transport,no,no,no,no,no,False
101898364,METROPOLITAN NASHVILLE POLICE DEPT,20180087816,Davidson,Nashville,1/27/2018 5:35:00 AM,1,0,0,36.150350,-86.769000,3RD AVS,,,,102.00,Feet,North,MCCANN ST,,,,0.00,N,Not at Intersection, ,Non-Junction,None,,,         ,Joseph,Patricio,Clear,Not Collision with Motor Vehicle in Transport,no,no,no,yes,no,False
101898372,METROPOLITAN NASHVILLE POLICE DEPT,20180087655,Davidson,Nashville,1/27/2018 3:16:00 AM,3,0,0,36.045530,-86.658370,BELL RD,,,,0.00,,,I24 W EXT RAMP,,,,0.00,Y,T-Intersection,N,Intersection,None,,,         ,David,Simmonds,Clear,Angle,no,no,no,no,yes,False
101898373,METROPOLITAN NASHVILLE POLICE DEPT,20180087721,Davidson,Nashville,1/27/2018 4:22:00 AM,2,0,0,36.035610,-86.644470,I 24,,,,0.00,,,,,,,60.45,N,Not at Intersection,N,Non-Junction,None,,,         ,Erik,Dabbs,Clear,Front to Rear,no,no,no,no,no,False
101898380,METROPOLITAN NASHVILLE POLICE DEPT,20180087243,Davidson,Not in City Limit,1/27/2018 12:20:00 AM,2,1,0,36.020780,-86.627420,I 24,,,,0.00,,,,,,,62.00,N,Not at Intersection,N,Non-Junction,None,,,         ,Kyle,Burks,Clear,"Sideswipe, Same Direction",no,no,no,no,no,False
101898382,METROPOLITAN NASHVILLE POLICE DEPT,20180087440,Davidson,Nashville,1/27/2018 2:00:00 AM,2,1,0,36.116710,-86.923250,CHARLOTTE PKE,,,,0.00,,,OLD HICKORY BLVD,,,,0.00,Y,Four-Way,N,Intersection,None,,,         ,Micah,Wright,Clear,Angle,no,no,no,no,no,False
101898419,METROPOLITAN NASHVILLE POLICE DEPT,20180087854,Davidson,Nashville,1/27/2018 12:00:00 AM,2,1,0,36.045260,-86.717040,OLD HICKORY BLVD,,,,0.00,Feet,,HICKORY PLZ,,,,0.00,Y,OTHER,Y,Intersection-Related,None,,,         ,Courtney,Hester,Clear,Angle,no,no,no,no,no,False