master_record_number,agency,agency_tracking_number,county,city,collision_date,vehicles_involved,number_injured,number_dead,latitude,longitude,roadway_name,roadway_suffix,roadway_number,roadway_local_id,distance_from_reference,miles-feet_indicator,direction_from_reference,intersection_road_name,intersection_road_name_suffix,intersection_road_number,intersection_local_id,mile_marker,intersection_indicator,intersect_type,interchange_related_indicator,relation_to_junction,work_zone_type,construction_maintenance_zone,construction_maintenance_zone_location,fatal_case_number,officer_first_name,officer_last_name,weather_condition(s),manner_of_crash,pedestrian,bicycle,scooter,parking,hitrun,mou
101900848,METROPOLITAN NASHVILLE POLICE DEPT,20180094610,Davidson,Nashville,1/29/2018 6:18:00 PM,2,1,0,36.166120,-86.764440,I 24,,,,0.00,,,,,,,49.00,N,Not at Intersection,N,Non-Junction,None,,,         ,Hunter,Fikes,Clear,Front to Rear,no,no,no,no,no,False
101900916,METROPOLITAN NASHVILLE POLICE DEPT,20180095020,Davidson,Nashville,1/29/2018 8:20:00 PM,1,0,0,36.186010,-86.613210,OLD HICKORY BLVD,,,,919.00,Feet,South,ANDREW JACKSON PKWY,,,,0.00,N,Not at Intersection,N,Non-Junction,None,,,         ,Marvis,Malone,Clear,Not Collision with Motor Vehicle in Transport,no,no,no,no,no,False
101900921,METROPOLITAN NASHVILLE POLICE DEPT,20180095087,Davidson,Nashville,1/29/2018 8:40:00 PM,2,1,0,36.053660,-86.715020,BREWER DR,,,,0.00,,,NOLENSVILLE PKE,,,,0.00,Y,Four-Way,N,Intersection,None,,,         ,Candice,Soper,Clear,Angle,no,no,no,no,yes,False
101900925,METROPOLITAN NASHVILLE POLICE DEPT,20180095252,Davidson,Nashville,1/29/2018 9:42:00 PM,2,0,0,36.159400,-86.822010,I 40,,,,0.00,,,,,,,206.05,N,Not at Intersection,Y,Non-Junction,None,,,         ,Paxton,Montgomery,Clear,"Sideswipe, Same Direction",no,no,no,no,yes,False
101900982,METROPOLITAN NASHVILLE POLICE DEPT,20180095368,Davidson,Nashville,1/29/2018 10:40:00 PM,2,2,0,36.157220,-86.634570,STEWARTS FERRY PKE,,,,401.00,Feet,East,MCCRORY CREEK RD,,,,0.00,N,Not at Intersection,N,"Driveway, Alley Access, etc",None,,,         ,Curtis,Fisher,Clear,Angle,no,no,no,yes,no,False
101900983,METROPOLITAN NASHVILLE POLICE DEPT,20180095436,Davidson,Nashville,1/29/2018 10:30:00 PM,2,0,0,36.185910,-86.798340,ROSA L PARKS BLVD,,,,26.00,Feet,North,I65 S ENT RAMP,,,,0.00,N,Not at Intersection, ,Entrance/Exit Ramp Related,None,,,         ,Erik,Schall,Clear,Front to Rear,no,no,no,no,no,False
101900984,METROPOLITAN NASHVILLE POLICE DEPT,20180095458,Davidson,Nashville,1/29/2018 11:20:00 PM,2,0,0,36.189100,-86.818130,26TH AVN,,,,231.00,Feet,North,DOWLAN ST,,,,0.00,N,Not at Intersection,N,Non-Junction,None,,,         ,Anthony,Cavis,Clear,Rear to Rear,no,no,no,no,yes,False
101901004,METROPOLITAN NASHVILLE POLICE DEPT,20180095497,Davidson,Nashville,1/29/2018 11:37:00 PM,2,0,0,36.205890,-86.768610,E TRINITY LN,,,,0.00,Feet,,DICKERSON PKE,,,,0.00,Y,Four-Way,N,Intersection,None,,,         ,Shaquille,Graham,Clear,Other,no,no,no,no,no,False
101901026,GOODLETTSVILLE POLICE DEPT,18-03924,Davidson,Goodlettsville,1/30/2018 12:47:00 AM,2,0,0,36.323250,-86.707600,CARTWRIGHT ST,,,,57.00,Feet,North,S CARTWRIGHT ST,,,,0.00,N,Not at Intersection,N,Non-Junction,None,,,         ,Zachary,Goodwin,Clear,"Sideswipe, Opposite Direction",no,no,no,no,no,False
101901029,METROPOLITAN NASHVILLE POLICE DEPT,20180095979,Davidson,Nashville,1/30/2018 2:30:00 AM,1,0,0,36.111540,-86.791920,WOODMONT BLVD,,,,198.00,Feet,East,GRANNY WHITE PKE,,,,0.00,N,Not at Intersection,N,Non-Junction,None,,,         ,John,Tyree,Clear,Not Collision with Motor Vehicle in Transport,no,no,no,no,no,False
101901031,METROPOLITAN NASHVILLE POLICE DEPT,20180096030,Davidson,Nashville,1/30/2018 3:13:00 AM,2,0,0,36.142800,-86.744360,MURFREESBORO PKE,,,,0.00,,,FESSLERS LN,,,,0.00,Y,Four-Way,N,Intersection,None,,,         ,Tyler,Manivong,Clear,Front to Rear,no,no,no,no,yes,False
101901065,METROPOLITAN NASHVILLE POLICE DEPT,20180096287,Davidson,Nashville,1/30/2018 12:00:00 AM,2,0,0,36.044620,-86.659450,I24 E ENT RAMP,,,,0.00,,,I 24,,,,0.00,Y,T-Intersection, ,Intersection,None,,,         ,David,Moser,Clear,Angle,no,no,no,no,no,False
101901068,METROPOLITAN NASHVILLE POLICE DEPT,20180096313,Davidson,Nashville,1/30/2018 4:45:00 AM,1,0,0,36.168200,-86.609500,I40 W ENT RAMP,,,,0.00,,,I 40,,,,0.00,Y,OTHER, ,Entrance/Exit Ramp Related,None,,,         ,Stephen,Waterman,Clear,Not Collision with Motor Vehicle in Transport,no,no,no,no,no,False
101901071,METROPOLITAN NASHVILLE POLICE DEPT,20180096370,Davidson,Nashville,1/30/2018 5:24:00 AM,2,0,0,36.231600,-86.781520,EWING DR,,,,0.00,,,BRICK CHURCH PKE,,,,0.00,Y,Four-Way, ,Non-Junction,None,,,         ,Goran,Manojlovic,Clear,Angle,no,no,no,no,no,False
101901074,METROPOLITAN NASHVILLE POLICE DEPT,20180096347,Davidson,Not in City Limit,1/30/2018 12:00:00 AM,1,0,0,36.262200,-86.676890,STATE RT 45,,,,356.00,Feet,East,VANDIVER DR,,,,0.00,N,Not at Intersection,N,Non-Junction,None,,,         ,David,Williford,Clear,Not Collision with Motor Vehicle in Transport,no,no,no,no,yes,False
101901078,METROPOLITAN NASHVILLE POLICE DEPT,20180096462,Davidson,Nashville,1/30/2018 5:55:00 AM,1,0,0,36.192880,-86.623830,JUAREZ DR,,,,0.00,,,LEBANON PKE,,,,0.00,Y,Four-Way, ,Intersection,None,,,         ,Leonard,Spadavecchia,Clear,Not Collision with Motor Vehicle in Transport,no,no,no,no,no,False
101901081,METROPOLITAN NASHVILLE POLICE DEPT,20180096437,Davidson,Nashville,1/30/2018 5:55:00 AM,1,1,0,36.212560,-86.691650,BRILEY PKWYS,,,,71.00,Feet,West,BRILEY PKWY N EXT RAMP,,,,0.00,N,Not at Intersection,N,Non-Junction,None,,,         ,Joseph,Patricio,Clear,Not Collision with Motor Vehicle in Transport,no,no,no,no,no,False
101901086,METROPOLITAN NASHVILLE POLICE DEPT,20180096433,Davidson,Nashville,1/30/2018 5:54:00 AM,1,0,0,36.180170,-86.897410,COCKRILL BEND BLVD,,,,1694.00,Feet,North,COCKRILL BEND CIR,,,,0.00,N,Not at Intersection,N,Non-Junction,None,,,         ,Sekou,Samassi,Clear,Not Collision with Motor Vehicle in Transport,no,no,no,no,no,False
101901114,METROPOLITAN NASHVILLE POLICE DEPT,2018-0096584,Davidson,Not in City Limit,1/30/2018 7:22:00 AM,2,0,0,36.008960,-86.614680,I 24,,,,0.00,,,,,,,63.00,N,Not at Intersection,N,Non-Junction,None,,,         ,William,Whitworth,Cloudy,Not Collision with Motor Vehicle in Transport,no,no,no,no,yes,False
101901116,METROPOLITAN NASHVILLE POLICE DEPT,20180096520,Davidson,Nashville,1/30/2018 6:45:00 AM,2,0,0,36.037790,-86.784750,I65 S EXT RAMP,,,,0.00,,,OLD HICKORY BLVD,,,,0.00,Y,Y-Intersection, ,Entrance/Exit Ramp Related,None,,,         ,Bryan,Moore,Clear,Front to Rear,no,no,no,no,no,False
101901121,METROPOLITAN NASHVILLE POLICE DEPT,20180096646,Davidson,Not in City Limit,1/30/2018 7:45:00 AM,1,0,0,36.101080,-86.931510,SAWYER BROWN RD,,,,144.00,Feet,South,CEDAR PLACE ROW,,,,0.00,N,Not at Intersection, ,Non-Junction,None,,,         ,Douglas,Atwood,Clear,Not Collision with Motor Vehicle in Transport,no,no,no,no,no,False
101901122,METROPOLITAN NASHVILLE POLICE DEPT,20180096585,Davidson,Nashville,1/30/2018 7:23:00 AM,2,0,0,36.201860,-86.776850,I 65,,,,0.00,,,,,,,87.00,N,Not at Intersection, ,Non-Junction,None,,,         ,Ronald,Bright,Cloudy,Front to Rear,no,no,no,no,no,False
101901123,METROPOLITAN NASHVILLE POLICE DEPT,20180096602,Davidson,Nashville,1/30/2018 7:29:00 AM,2,0,0,36.201860,-86.776850,I 65,,,,0.00,,,,,,,87.00,N,Not at Intersection, ,Non-Junction,None,,,         ,Ronald,Bright,Cloudy,Front to Rear,no,no,no,no,no,False
101901128,METROPOLITAN NASHVILLE POLICE DEPT,20180096467,Davidson,Nashville,1/30/2018 6:20:00 AM,2,0,0,36.074320,-86.921500,HIGHWAY 70S,,,,152.00,Feet,East,OLD HARDING PKE,,,,0.00,N,Not at Intersection, ,Non-Junction,None,,,         ,Jeremy,Arrington,Clear,"Sideswipe, Same Direction",no,no,no,no,no,False
101901149,METROPOLITAN NASHVILLE POLICE DEPT,20180096745,Davidson,Nashville,1/30/2018 8:22:00 AM,2,0,0,36.141690,-86.714380,I 40,,,,0.00,,,,,,,214.00,N,Not at Intersection, ,,None,,,         ,James,Curtis,,,no,no,no,no,no,False
101901153,METROPOLITAN NASHVILLE POLICE DEPT,20180096603,Davidson,Antioch,1/30/2018 7:30:00 AM,2,0,0,36.012990,-86.619160,I 24,,,,0.00,,,,,,,62.65,N,Not at Intersection, ,Non-Junction,None,,,         ,Thomas,White,Clear,Front to Rear,no,no,no,no,no,False
101901169,METROPOLITAN NASHVILLE POLICE DEPT,20180096557,Davidson,Nashville,1/30/2018 7:12:00 AM,2,0,0,36.059100,-86.714290,RAYWOOD LN,,,,0.00,Feet,,TUSCULUM RD,,,,0.00,Y,OTHER,Y,Intersection,None,,,         ,Gerald,Gomes,Clear,Front to Rear,no,no,no,no,no,False
101901174,METROPOLITAN NASHVILLE POLICE DEPT,2018-0096516,Davidson,Not in City Limit,1/30/2018 6:00:00 AM,2,0,0,36.263820,-86.704460,STATE RT 45,,,,0.00,,,DELAWARE AV,,,,0.00,Y,Four-Way, ,Intersection,None,,,         ,John,Pryor,Clear,Front to Rear,no,no,no,no,no,False
101901176,METROPOLITAN NASHVILLE POLICE DEPT,20180096818,Davidson,Nashville,1/30/2018 8:43:00 AM,1,0,0,36.045210,-86.779640,I 65,,,,0.00,,,,,,,75.05,N,Not at Intersection, ,,None,,,         ,Jon,Mcvey,,,no,no,no,no,no,False
101901177,METROPOLITAN NASHVILLE POLICE DEPT,20180096551,Davidson,Nashville,1/30/2018 6:45:00 AM,2,0,0,36.130180,-86.755030,NOLENSVILLE PKE,,,,0.00,Feet,,POLK AV,,,,0.00,Y,T-Intersection,N,Intersection,None,,,         ,Todd,Watson,Clear,Angle,no,no,no,no,no,False
101901179,METROPOLITAN NASHVILLE POLICE DEPT,20180096747,Davidson,Nashville,1/30/2018 8:20:00 AM,2,0,0,36.040840,-86.773470,OLD HICKORY BLVD,,,,0.00,Feet,East,HEALTH PARK DR,,,,0.00,N,Not at Intersection, ,Non-Junction,None,,,         ,Bryan,Moore,Clear,"Sideswipe, Same Direction",no,no,no,no,no,False
101901180,METROPOLITAN NASHVILLE POLICE DEPT,20180096864,Davidson,Nashville,1/30/2018 9:02:00 AM,2,0,0,36.234600,-86.746210,I65 S EXT RAMP,,,,0.00,,,ELLINGTON PKWYS,,,,0.00,Y,Y-Intersection, ,Entrance/Exit Ramp Related,None,,,         ,Russell,Freeman,Clear,"Sideswipe, Same Direction",no,no,no,no,no,False
101901191,METROPOLITAN NASHVILLE POLICE DEPT,20180096737,Davidson,Nashville,1/30/2018 8:15:00 AM,2,0,0,36.156880,-86.769230,HERMITAGE AV,,,,186.00,Feet,West,LEA AV,,,,0.00,N,Not at Intersection, ,Non-Junction,None,,,         ,Donald,Davidson,,Front to Rear,no,no,no,no,no,False
101901192,METROPOLITAN NASHVILLE POLICE DEPT,20180096782,Davidson,Nashville,1/30/2018 8:30:00 AM,2,1,0,36.129490,-86.778200,8TH AVS,,,,340.00,Feet,North,FRANKLIN PKE,,,,0.00,N,Not at Intersection,N,Non-Junction,None,,,         ,Trevor,Walace,Clear,Angle,no,no,no,no,no,False
101901201,GOODLETTSVILLE POLICE DEPT,18-03936,Davidson,Goodlettsville,1/30/2018 6:20:00 AM,2,0,0,36.306710,-86.699050,VIETNAM VETERANS BLVD SB ENT R,,,,0.00,,,VIETNAM VETERANS BLVD NB EXT R,,,,0.00,Y,OTHER, ,Non-Junction,None,,,         ,John,Spencer,Clear,Front to Rear,no,no,no,no,no,False
101901205,METROPOLITAN NASHVILLE POLICE DEPT,20180096752,Davidson,Nashville,1/30/2018 8:30:00 AM,2,0,0,36.180700,-86.800150,I 65,,,,0.00,,,,,,,85.05,N,Not at Intersection, ,Non-Junction,None,,,         ,Jean,McCormack,Clear,Front to Rear,no,no,no,no,no,False
101901216,METROPOLITAN NASHVILLE POLICE DEPT,20180096733,Davidson,Not in City Limit,1/30/2018 8:18:00 AM,2,0,0,36.368310,-86.859510,GREENBRIER RD,,,,0.00,,,RIDGEWOOD RD,,,,0.00,Y,T-Intersection, ,,None,,,         ,James,Wray,,,no,no,no,no,no,False
101901223,METROPOLITAN NASHVILLE POLICE DEPT,20180096623,Davidson,Not in City Limit,1/30/2018 7:35:00 AM,3,1,0,36.320190,-86.850310,I 24,,,,0.00,,,,,,,36.00,N,Not at Intersection,N,Non-Junction,None,,,         ,Jeanine,Sarno,Clear,Front to Rear,no,no,no,no,no,False
101901224,METROPOLITAN NASHVILLE POLICE DEPT,20180096953,Davidson,Not in City Limit,1/30/2018 9:20:00 AM,2,0,0,36.329030,-86.895670,I 24,,,,0.00,,,,,,,33.35,N,Not at Intersection,N,Non-Junction,None,,,         ,Jeanine,Sarno,Clear,Front to Rear,no,no,no,no,yes,False
101901226,METROPOLITAN NASHVILLE POLICE DEPT,20180096886,Davidson,Nashville,1/30/2018 9:06:00 AM,2,0,0,36.079600,-86.726320,NOLENSVILLE PKE,,,,0.00,,,HARDING PL,,,,0.00,Y,Four-Way, ,Intersection,None,,,         ,Stanley,Collins,Clear,Angle,no,no,no,no,no,False
101901237,METROPOLITAN NASHVILLE POLICE DEPT,2018-0096770,Davidson,Nashville,1/30/2018 8:29:00 AM,2,0,0,36.079560,-86.764420,I65 N EXT RAMP,,,,0.00,Feet,East,I 65,,,,0.00,N,Not at Intersection, ,Non-Junction,None,,,         ,Sean,Williams,Clear,Front to Rear,no,no,no,no,no,False
101901238,GOODLETTSVILLE POLICE DEPT,18-03943,Davidson,Goodlettsville,1/30/2018 7:46:00 AM,2,0,0,36.324240,-86.704070,I65 N EXT RAMP,,,,0.00,,,LONG HOLLOW PKE,,,,0.00,Y,Four-Way, ,Intersection-Related,None,,,         ,John,Spencer,Clear,Front to Rear,no,no,no,no,no,False
101901247,METROPOLITAN NASHVILLE POLICE DEPT,20180096588,Davidson,Nashville,1/30/2018 7:15:00 AM,2,0,0,36.155720,-86.827560,I 40,,,,0.00,,,,,,,205.65,N,Not at Intersection, ,Non-Junction,None,,,         ,Brian,Myatt,Clear,Front to Rear,no,no,no,no,no,False
101901248,METROPOLITAN NASHVILLE POLICE DEPT,2018-0097001,Davidson,Nashville,1/30/2018 9:45:00 AM,2,1,0,36.243890,-86.756580,DICKERSON PKE,,,,0.00,,,DOVERSIDE DR,,,,0.00,Y,Four-Way,N,Intersection,None,,,         ,Travis,Baxter,Clear,Front to Rear,no,no,no,no,no,False
101901249,METROPOLITAN NASHVILLE POLICE DEPT,20180097062,Davidson,Nashville,1/30/2018 10:15:00 AM,2,1,0,36.173590,-86.602150,CENTRAL PKE,,,,0.00,,,OLD HICKORY BLVD,,,,0.00,Y,Four-Way,N,Intersection,None,,,         ,Michael,Dance,Clear,Angle,no,no,no,no,no,False
101901295,METROPOLITAN NASHVILLE POLICE DEPT,20180096992,Davidson,Nashville,1/30/2018 9:45:00 AM,2,0,0,36.105260,-86.763530,POWELL AV,,,,0.00,,,ARMORY OAKS DR,,,,0.00,Y,Four-Way, ,,None,,,         ,Jon,Mcvey,,,no,no,no,no,no,False
101901296,METROPOLITAN NASHVILLE POLICE DEPT,20180097339,Davidson,Nashville,1/30/2018 11:40:00 AM,2,0,0,36.144000,-86.816500,31ST AVN,,,,169.00,Feet,North,HEDRICK ST,,,,0.00,N,Not at Intersection,N,Non-Junction,None,,,         ,Jon,Mcvey,Clear,"Sideswipe, Same Direction",no,no,no,no,yes,Campus
101901315,METROPOLITAN NASHVILLE POLICE DEPT,20180097385,Davidson,Nashville,1/30/2018 12:10:00 PM,2,0,0,36.079900,-86.726420,NOLENSVILLE PKE,,,,111.00,Feet,North,HARDING PL,,,,0.00,N,Not at Intersection,N,Non-Junction,None,,,         ,Jessie,Meadows,Clear,Front to Rear,no,no,no,no,yes,False
101901316,VANDERBILT UNIVERSITY POLICE,20180097302,Davidson,Nashville,1/30/2018 11:11:00 AM,1,0,0,36.141820,-86.801200,MEDICAL CENTER DR,,,,0.00,,,,,,,0.00,,,N,Non-Junction,None,,,         ,Shaneithia,Lewis,Clear,Not Collision with Motor Vehicle in Transport,no,no,no,yes,no,Campus
101901318,METROPOLITAN NASHVILLE POLICE DEPT,20180097363,Davidson,Nashville,1/30/2018 11:44:00 AM,2,0,0,36.176240,-86.756490,MAIN ST,,,,244.00,Feet,East,S 9TH ST,,,,0.00,N,Not at Intersection,N,Non-Junction,None,,,         ,Russell,Freeman,Clear,Front to Rear,no,no,no,no,no,False
101901350,METROPOLITAN NASHVILLE POLICE DEPT,20180097369,Davidson,Nashville,1/29/2018 11:30:00 AM,1,0,0,36.163920,-86.780670,5TH AVN,,,,41.00,Feet,South,THE ARCADE,,,,0.00,N,Not at Intersection, ,Non-Junction,None,,,         ,William,Clemons,Clear,Not Collision with Motor Vehicle in Transport,no,no,no,no,no,False
101901351,METROPOLITAN NASHVILLE POLICE DEPT,20180097506,Davidson,Nashville,1/30/2018 12:38:00 PM,2,0,0,36.162170,-86.775360,2ND AVN,,,,117.00,Feet,North,BROADWAY,,,,0.00,N,Not at Intersection, ,Non-Junction,None,,,         ,Donald,Davidson,Clear,Other,no,no,no,no,no,False
101901421,VANDERBILT UNIVERSITY POLICE,18-0097359,Davidson,Nashville,1/30/2018 11:15:00 AM,2,1,0,36.144980,-86.809800,KENSINGTON PL,,,,0.00,,,NATCHEZ TRC,,,,0.00,Y,T-Intersection, ,"Driveway, Alley Access, etc",None,,,         ,Yasemine,Lomax,Clear,Front to Rear,no,no,no,no,no,Campus
101901462,METROPOLITAN NASHVILLE POLICE DEPT,20180097664,Davidson,Nashville,1/30/2018 2:00:00 PM,2,0,0,36.061960,-86.682670,APACHE TRL,,,,56.00,Feet,North,BARELLA DR,,,,0.00,N,Not at Intersection, ,Non-Junction,None,,,         ,Jessie,Meadows,Clear,Angle,no,no,no,no,no,False
101901466,METROPOLITAN NASHVILLE POLICE DEPT,20180097734,Davidson,Nashville,1/30/2018 1:45:00 PM,2,0,0,36.156230,-86.800370,19TH AVN,,,,0.00,,,PATTERSON ST,,,,0.00,Y,Four-Way,N,Intersection,None,,,         ,Jon,Mcvey,Clear,Angle,no,no,no,no,no,False
101901467,THP District 3 - Nashville,318006539,Davidson,Nashville,1/30/2018 12:20:00 PM,2,0,0,36.170400,-86.768450,INTERSTATE DR,,,,0.00,Feet,,WOODLAND ST,,,,0.00,Y,Four-Way,Y,Intersection,None,,,         ,Joseph,Agee,Cloudy,Angle,no,no,no,no,no,False
101901484,METROPOLITAN NASHVILLE POLICE DEPT,2018-0097616,Davidson,Nashville,1/30/2018 1:25:00 PM,2,2,0,36.167570,-86.824250,JOHN A MERRITT BLVD,,,,64.00,Feet,East,31ST AVN,,,,0.00,N,Not at Intersection,N,Non-Junction,None,,,         ,Jean,McCormack,Clear,Front to Rear,no,no,no,no,no,False
101901525,METROPOLITAN NASHVILLE POLICE DEPT,20180097755,Davidson,Nashville,1/30/2018 1:54:00 PM,2,0,0,36.137370,-86.775670,I 65,,,,0.00,,,,,,,81.60,N,Not at Intersection,N,Non-Junction,None,,,         ,Raymond,Flaherty,Clear,"Sideswipe, Same Direction",no,no,no,no,no,False
101901527,METROPOLITAN NASHVILLE POLICE DEPT,20180097569,Davidson,Nashville,1/30/2018 12:39:00 PM,2,0,0,36.152130,-86.774860,6TH AVS,,,,453.00,Feet,South,LAFAYETTE ST,,,,0.00,N,Not at Intersection, ,,None,,,         ,Frank,Campbell,,,no,no,no,no,no,False
101901533,METROPOLITAN NASHVILLE POLICE DEPT,20180097827,Davidson,Nashville,1/30/2018 2:23:00 PM,2,2,0,36.152240,-86.840910,CHARLOTTE AV,,,,0.00,,,45TH AVN,,,,0.00,Y,T-Intersection,N,Non-Junction,None,,,         ,Charles,Boles,Clear,Angle,no,no,no,no,no,False
101901561,METROPOLITAN NASHVILLE POLICE DEPT,20180097890,Davidson,Nashville,1/30/2018 11:30:00 AM,2,0,0,36.218800,-86.834260,HAYNES PARK DR,,,,0.00,,,KINGS LN,,,,0.00,Y,T-Intersection,N,Intersection,None,,,         ,Brian,Woodard,Clear,"Sideswipe, Same Direction",no,no,no,no,yes,False
101901564,METROPOLITAN NASHVILLE POLICE DEPT,20180097905,Davidson,Nashville,1/30/2018 2:20:00 PM,2,0,0,36.173280,-86.765750,MAIN ST ENT RAMP,,,,0.00,Feet,East,SPRING ST,,,,0.00,N,Not at Intersection,N,Entrance/Exit Ramp Related,None,,,         ,Michael,Moss,Clear,"Sideswipe, Same Direction",no,no,no,no,yes,False
101901568,METROPOLITAN NASHVILLE POLICE DEPT,2018-0097765,Davidson,Nashville,1/30/2018 1:40:00 PM,2,1,0,36.125340,-86.733690,I 440,,,,0.00,,,,,,,7.20,N,Not at Intersection,N,Non-Junction,None,,,         ,William,Whitworth,Cloudy,Front to Rear,no,no,no,no,no,False
101901583,METROPOLITAN NASHVILLE POLICE DEPT,20180097703,Davidson,Nashville,1/30/2018 1:30:00 PM,2,0,0,36.202640,-86.722590,RIVERSIDE DR,,,,29.00,Feet,South,HANOVER RD,,,,0.00,N,Not at Intersection, ,Non-Junction,None,,,         ,Faye,Denson,Clear,"Sideswipe, Same Direction",no,no,no,no,no,False
101901598,METROPOLITAN NASHVILLE POLICE DEPT,20180097847,Davidson,Antioch,1/30/2018 2:40:00 PM,2,0,0,36.049060,-86.600050,HOBSON PKE,,,,91.00,Feet,South,PIN HOOK RD,,,,0.00,N,Not at Intersection,N,Non-Junction,None,,,         ,Jessie,Meadows,Clear,Front to Rear,no,no,no,no,no,False
101901599,METROPOLITAN NASHVILLE POLICE DEPT,20180098063,Davidson,Nashville,1/30/2018 3:42:00 PM,2,0,0,36.124320,-86.696680,VULTEE BLVD,,,,98.00,Feet,West,BRILEY PKWY,,,,0.00,N,Not at Intersection, ,,None,,,         ,Seth,Vaughn,,,no,no,no,no,no,False
101901613,METROPOLITAN NASHVILLE POLICE DEPT,20180097911,Davidson,Nashville,1/30/2018 2:35:00 PM,2,0,0,36.131630,-86.795510,BELMONT BLVD,,,,91.00,Feet,South,BERNARD AV,,,,0.00,N,Not at Intersection, ,Non-Junction,None,,,         ,Jacob,Paul,Clear,"Sideswipe, Same Direction",no,no,no,no,no,False
101901630,METROPOLITAN NASHVILLE POLICE DEPT,20180097860,Davidson,Nashville,1/30/2018 2:43:00 PM,3,3,0,36.213670,-86.606000,LEBANON PKE,,,,523.00,Feet,West,SHUTE LN,,,,0.00,N,Not at Intersection,N,Non-Junction,None,,,         ,Thomas,Odom,Clear,Front to Rear,no,no,no,no,no,False
101901633,METROPOLITAN NASHVILLE POLICE DEPT,20180098051,Davidson,Nashville,1/30/2018 3:35:00 PM,2,2,0,36.154750,-86.676290,LAKELAND DR,,,,0.00,,,EMERY DR,,,,0.00,Y,Four-Way,N,Intersection,None,,,         ,Darci,Stechman,Cloudy,Other,no,no,no,no,no,False
101901643,METROPOLITAN NASHVILLE POLICE DEPT,20180098252,Davidson,Nashville,1/30/2018 4:43:00 PM,2,0,0,36.153290,-86.764800,I 40,,,,0.00,,,,,,,210.70,N,Not at Intersection, ,Non-Junction,None,,,         ,Abigail,Malone,Clear,Front to Rear,no,no,no,no,no,False
101901648,METROPOLITAN NASHVILLE POLICE DEPT,20180097873,Davidson,Nashville,1/30/2018 2:47:00 PM,2,0,0,36.120550,-86.749580,PEACHTREE ST,,,,25.00,Feet,West,AUSTIN AV,,,,0.00,N,Not at Intersection,N,Non-Junction,None,,,         ,Je-Marc,Sears,Clear,Not Collision with Motor Vehicle in Transport,no,no,no,no,no,False
101901714,METROPOLITAN NASHVILLE POLICE DEPT,20180098290,Davidson,Nashville,1/30/2018 5:05:00 PM,2,1,0,36.091120,-86.703930,I 24,,,,0.00,,,,,,,55.30,N,Not at Intersection,N,Non-Junction,None,,,         ,Jessie,Meadows,Clear,"Sideswipe, Same Direction",no,no,no,no,no,False
101901717,METROPOLITAN NASHVILLE POLICE DEPT,20180098401,Davidson,Nashville,1/30/2018 5:30:00 PM,2,0,0,36.241960,-86.757110,BRILEY PKWY W ENT RAMP,,,,0.00,,,DICKERSON PKE ENT RAMP,,,,0.00,Y,T-Intersection, ,Intersection,None,,,         ,Christopher,Littles,Clear,Front to Rear,no,no,no,no,no,False
101901718,METROPOLITAN NASHVILLE POLICE DEPT,20180098421,Davidson,Nashville,1/30/2018 5:31:00 PM,2,0,0,36.140730,-86.732280,I 40,,,,0.00,,,,,,,213.00,N,Not at Intersection, ,,None,,,         ,Jonathan,Cavezza,,,no,no,no,no,no,False
101901719,METROPOLITAN NASHVILLE POLICE DEPT,20180098422,Davidson,Nashville,1/30/2018 5:36:00 PM,2,1,0,36.183300,-86.639690,LEBANON PKE,,,,778.00,Feet,East,DOWNEYMEADE DR,,,,0.00,N,Not at Intersection,N,Non-Junction,None,,,         ,Samuel,Sundra,Clear,Front to Rear,no,no,no,no,no,False
101901723,METROPOLITAN NASHVILLE POLICE DEPT,20180098426,Davidson,Nashville,1/30/2018 5:37:00 PM,1,0,0,36.168310,-86.760330,S 6TH ST,,,,0.00,,,SHELBY AV,,,,0.00,Y,T-Intersection, ,Intersection,None,,,         ,James,Smith,Clear,Not Collision with Motor Vehicle in Transport,no,no,no,no,no,False
101901747,METROPOLITAN NASHVILLE POLICE DEPT,20180098559,Davidson,Nashville,1/30/2018 5:10:00 PM,2,0,0,36.086860,-86.695950,S PERIMETER PARK DR,,,,0.00,,,HARDING PL,,,,0.00,Y,Four-Way, ,,None,,,         ,Eric,Keller,,,no,no,no,no,no,False
101901764,METROPOLITAN NASHVILLE POLICE DEPT,20180098620,Davidson,Nashville,1/30/2018 4:45:00 PM,2,0,0,36.110930,-86.745100,THOMPSON LN,,,,34.00,Feet,East,NOLENSVILLE PKE,,,,0.00,N,Not at Intersection, ,Non-Junction,None,,,         ,Eric,Keller,Clear,"Sideswipe, Same Direction",no,no,no,no,yes,False
101901768,GOODLETTSVILLE POLICE DEPT,18-04013,Davidson,Goodlettsville,1/30/2018 4:31:00 PM,3,0,0,36.309420,-86.695520,VIETNAM VETERANS BLVD SB EXT R,,,,0.00,,,CONFERENCE DR,,,,0.00,Y,T-Intersection, ,Entrance/Exit Ramp Related,None,,,         ,Daniel,Knalls,Clear,Front to Rear,no,no,no,no,yes,False
101901769,GOODLETTSVILLE POLICE DEPT,18-04017,Davidson,Goodlettsville,1/30/2018 4:53:00 PM,2,0,0,36.306560,-86.694200,CONFERENCE DR,,,,110.00,Feet,South,VIETNAM VETERANS BLVD NB ENT R,,,,0.00,N,Not at Intersection, ,Non-Junction,None,,,         ,Daniel,Knalls,Clear,Front to Rear,no,no,no,no,no,False