master_record_number,agency,agency_tracking_number,county,city,collision_date,vehicles_involved,number_injured,number_dead,latitude,longitude,roadway_name,roadway_suffix,roadway_number,roadway_local_id,distance_from_reference,miles-feet_indicator,direction_from_reference,intersection_road_name,intersection_road_name_suffix,intersection_road_number,intersection_local_id,mile_marker,intersection_indicator,intersect_type,interchange_related_indicator,relation_to_junction,work_zone_type,construction_maintenance_zone,construction_maintenance_zone_location,fatal_case_number,officer_first_name,officer_last_name,weather_condition(s),manner_of_crash,pedestrian,bicycle,scooter,parking,hitrun,mou
101901770,METROPOLITAN NASHVILLE POLICE DEPT,2018-0098411,Davidson,Nashville,1/30/2018 5:34:00 PM,1,0,0,36.120190,-86.765970,I 440,,,,0.00,,,,,,,5.40,N,Not at Intersection, ,Non-Junction,None,,,         ,Brandon,Hughes,Clear,Not Collision with Motor Vehicle in Transport,no,no,no,no,no,False
101901771,METROPOLITAN NASHVILLE POLICE DEPT,2018-0098231,Davidson,Not in City Limit,1/30/2018 4:35:00 PM,2,0,0,36.128900,-86.928320,RIVER ROAD PKE,,,,895.00,Feet,South,GOWER RD,,,,0.00,N,Not at Intersection,N,Non-Junction,None,,,         ,Ryan,Allen,Clear,"Sideswipe, Opposite Direction",no,no,no,no,no,False
101901772,METROPOLITAN NASHVILLE POLICE DEPT,2018-0098572,Davidson,Nashville,1/30/2018 5:49:00 PM,2,0,0,36.130300,-86.837780,HARDING PKE,,,,0.00,,,WEST END AV,,,,0.00,Y,Four-Way,N,Intersection,None,,,         ,Ryan,Allen,Clear,Front to Rear,no,no,no,no,no,False
101901773,METROPOLITAN NASHVILLE POLICE DEPT,20180098523,Davidson,Not in City Limit,1/30/2018 6:00:00 PM,2,0,0,36.055130,-86.948110,OLD HARDING PKE,,,,591.00,Feet,East,BROOK GLEN CV,,,,0.00,N,Not at Intersection, ,,None,,,         ,John,Hoesli,,,no,no,no,no,no,False
101901774,VANDERBILT UNIVERSITY POLICE,2018-098605,Davidson,Nashville,1/30/2018 12:00:00 AM,2,0,0,36.107290,-86.763170,POWELL AVE,,,,0.00,,,,,,,0.00,,, ,,None,,,         ,Cheryl,Bradley,,,no,no,no,yes,no,OHO
101901776,METROPOLITAN NASHVILLE POLICE DEPT,20180098521,Davidson,Nashville,1/30/2018 5:47:00 PM,2,0,0,36.109580,-86.769990,I 65,,,,0.00,,,,,,,79.70,N,Not at Intersection, ,Non-Junction,None,,,         ,Christopher,Butner,Clear,Front to Rear,no,no,no,no,no,False
101901777,METROPOLITAN NASHVILLE POLICE DEPT,2018-0098535,Davidson,Nashville,1/30/2018 12:00:00 AM,1,0,0,36.120150,-86.766030,I 440,,,,0.00,,,,,,,5.40,N,Not at Intersection,N,Non-Junction,None,,,         ,Brandon,Hughes,Clear,Not Collision with Motor Vehicle in Transport,no,no,no,no,no,False
101901784,METROPOLITAN NASHVILLE POLICE DEPT,20180098466,Davidson,Nashville,1/30/2018 5:48:00 PM,2,0,0,36.137250,-86.775840,I 65,,,,0.00,,,,,,,81.60,N,Not at Intersection,N,Non-Junction,None,,,         ,William,King,Clear,Front to Rear,no,no,no,no,yes,False
101901794,METROPOLITAN NASHVILLE POLICE DEPT,20180098123,Davidson,Nashville,1/30/2018 4:00:00 PM,2,0,0,36.140870,-86.817430,WEST END AV,,,,0.00,,,ACKLEN PARK DR,,,,0.00,Y,T-Intersection, ,Intersection-Related,None,,,         ,Jacob,Paul,Clear,"Sideswipe, Same Direction",no,no,no,no,no,False
101901802,METROPOLITAN NASHVILLE POLICE DEPT,20180098737,Davidson,Nashville,1/30/2018 6:49:00 PM,2,0,0,36.153430,-86.772270,4TH AVS,,,,55.00,Feet,North,ELM ST,,,,0.00,N,Not at Intersection, ,Non-Junction,None,,,         ,Jim,Crissman,Clear,"Sideswipe, Same Direction",no,no,no,no,no,False
101901819,METROPOLITAN NASHVILLE POLICE DEPT,2018-0098631,Davidson,Nashville,1/30/2018 6:07:00 PM,2,0,0,36.135900,-86.778950,8TH AVS,,,,107.00,Feet,South,EAST ARGYLE AV,,,,0.00,N,Not at Intersection, ,Non-Junction,None,,,         ,Brandon,Hughes,Clear,"Sideswipe, Same Direction",no,no,no,no,no,False
101901832,METROPOLITAN NASHVILLE POLICE DEPT,20180098944,Davidson,Nashville,1/30/2018 7:50:00 PM,2,0,0,36.044930,-86.667110,BELL RD,,,,0.00,,,CEDAR POINTE PKWY,,,,0.00,Y,Four-Way, ,Non-Junction,None,,,         ,Eric,Keller,Clear,Front to Rear,no,no,no,no,yes,False
101901834,METROPOLITAN NASHVILLE POLICE DEPT,20180098763,Davidson,Nashville,1/30/2018 7:08:00 PM,2,3,0,36.231570,-86.758910,DICKERSON PKE,,,,105.00,Feet,North,OAK VALLEY DR,,,,0.00,N,Not at Intersection,N,Non-Junction,None,,,         ,Christopher,Valdez,Clear,Angle,no,no,no,no,no,False
101901838,METROPOLITAN NASHVILLE POLICE DEPT,20180098815,Davidson,Nashville,1/30/2018 6:31:00 PM,2,0,0,36.122700,-86.751060,I440 E ENT RAMP,,,,0.00,Feet,East,I 440,,,,0.00,N,Not at Intersection,N,Non-Junction,None,,,         ,Edin,Plancic,Clear,Front to Rear,no,no,no,no,no,False
101901848,METROPOLITAN NASHVILLE POLICE DEPT,20180098817,Davidson,Nashville,1/30/2018 7:21:00 PM,2,1,0,36.182640,-86.771460,N 2ND ST,,,,121.00,Feet,South,GRACE ST,,,,0.00,N,Not at Intersection,N,Non-Junction,None,,,         ,Edward,Conrads,Clear,HeadOn,no,no,no,no,yes,False
101901863,METROPOLITAN NASHVILLE POLICE DEPT,20180098736,Davidson,Nashville,1/30/2018 6:55:00 PM,2,0,0,36.151030,-86.785630,I40 W EXT RAMP,,,,0.00,Feet,East,I 40,,,,0.00,N,Not at Intersection,N,Non-Junction,None,,,         ,Derek,Betty,Clear,"Sideswipe, Same Direction",no,no,no,no,no,False
101901873,METROPOLITAN NASHVILLE POLICE DEPT,20180099101,Davidson,Nashville,1/30/2018 8:35:00 PM,2,0,0,36.106210,-86.673060,MURFREESBORO PKE,,,,0.00,,,DONELSON PKE,,,,0.00,Y,Four-Way, ,Non-Junction,None,,,         ,Eric,Keller,Clear,Front to Rear,no,no,no,no,yes,False
101901887,METROPOLITAN NASHVILLE POLICE DEPT,20180098639,Davidson,Nashville,1/30/2018 6:00:00 PM,3,0,0,36.109140,-86.769700,I 65,,,,0.00,,,,,,,79.70,N,Not at Intersection,N,Non-Junction,None,,,         ,Jacob,Paul,Clear,Front to Rear,no,no,no,no,no,False
101901924,METROPOLITAN NASHVILLE POLICE DEPT,20180098967,Davidson,Nashville,1/30/2018 12:00:00 AM,2,0,0,36.210930,-86.775760,I 65,,,,0.00,,,,,,,87.65,N,Not at Intersection,N,Non-Junction,None,,,         ,Gordon,Stovall,Clear,"Sideswipe, Same Direction",no,no,no,no,yes,False
101902011,METROPOLITAN NASHVILLE POLICE DEPT,20180099467,Davidson,Nashville,1/30/2018 10:37:00 PM,2,0,0,36.044840,-86.660190,BELL RD,,,,85.00,Feet,East,I24 E ENT RAMP,,,,0.00,N,Not at Intersection,N,Non-Junction,None,,,         ,Daryn,Yentes,Clear,"Sideswipe, Same Direction",no,no,no,no,no,False
101902104,METROPOLITAN NASHVILLE POLICE DEPT,2018-0099689,Davidson,Nashville,1/31/2018 12:05:00 AM,1,1,0,36.042550,-86.782740,FRANKLIN PKE,,,,449.00,Feet,West,I 65,,,,0.00,N,Not at Intersection,N,Entrance/Exit Ramp Related,None,,,         ,Thomas,Miller,Clear,Not Collision with Motor Vehicle in Transport,no,no,no,no,no,False
101902113,METROPOLITAN NASHVILLE POLICE DEPT,20180100586,Davidson,Nashville,1/31/2018 6:12:00 AM,3,0,0,36.098140,-86.709630,I 24,,,,0.00,,,,,,,54.70,N,Not at Intersection,N,Non-Junction,None,,,         ,Erik,Dabbs,Clear,Front to Rear,no,no,no,no,no,False
101902124,METROPOLITAN NASHVILLE POLICE DEPT,20180100648,Davidson,Nashville,1/31/2018 6:58:00 AM,2,0,0,36.161640,-86.819240,28TH AVN,,,,0.00,,,HERMAN ST,,,,0.00,Y,T-Intersection,N,Intersection-Related,None,,,         ,Chase,Burnett,Clear,"Sideswipe, Opposite Direction",no,no,no,no,yes,False
101902128,METROPOLITAN NASHVILLE POLICE DEPT,2018-0100636,Davidson,Nashville,1/31/2018 6:51:00 AM,2,1,0,36.100550,-86.739920,CHILTON ST,,,,0.00,,,NOLENSVILLE PKE,,,,0.00,Y,T-Intersection,N,Intersection,None,,,         ,William,Whitworth,Clear,Angle,no,no,no,no,no,False
101902131,METROPOLITAN NASHVILLE POLICE DEPT,20180100651,Davidson,Nashville,1/31/2018 6:56:00 AM,2,1,0,36.163050,-86.776510,COMMERCE ST,,,,117.00,Feet,East,3RD AVN,,,,0.00,N,Not at Intersection,N,Non-Junction,None,,,         ,Tony,Folad,Clear,Front to Rear,no,no,no,no,no,False
101902132,METROPOLITAN NASHVILLE POLICE DEPT,20180100657,Davidson,Antioch,1/31/2018 6:55:00 AM,2,0,0,36.073640,-86.597780,COUNTRY WAY RD,,,,183.00,Feet,West,SEBETHA CT,,,,0.00,N,Not at Intersection, ,Non-Junction,None,,,         ,Steven,Williams,Clear,Front to Rear,no,no,no,no,no,False
101902136,METROPOLITAN NASHVILLE POLICE DEPT,20180100695,Davidson,Not in City Limit,1/31/2018 7:33:00 AM,2,0,0,36.043770,-86.958860,HIGHWAY 100,,,,0.00,,,COLLINS RD,,,,0.00,Y,Four-Way, ,Intersection,None,,,         ,Curtis,Rich,Clear,Angle,no,no,no,no,no,False
101902137,METROPOLITAN NASHVILLE POLICE DEPT,20180100539,Davidson,Nashville,1/31/2018 5:47:00 AM,2,1,0,36.142270,-86.666650,I40 W ENT RAMP,,,,0.00,Feet,,I 40,,,,0.00,Y,OTHER,Y,Intersection,None,,,         ,Tyler,Manivong,Clear,Angle,no,no,no,no,no,False
101902138,METROPOLITAN NASHVILLE POLICE DEPT,20180100738,Davidson,Nashville,1/31/2018 7:34:00 AM,2,0,0,36.206620,-86.777900,W TRINITY LN,,,,0.00,,,BRICK CHURCH PKE,,,,0.00,Y,Four-Way,N,Intersection-Related,None,,,         ,William,Coy,Clear,Front to Rear,no,no,no,no,yes,False
101902154,METROPOLITAN NASHVILLE POLICE DEPT,20180100718,Davidson,Nashville,1/31/2018 7:30:00 AM,2,0,0,36.170860,-86.601360,I40 W EXT RAMP,,,,0.00,,,I 40,,,,0.00,Y,T-Intersection, ,Intersection,None,,,         ,Michael,Dance,Clear,Front to Rear,no,no,no,no,no,False
101902155,METROPOLITAN NASHVILLE POLICE DEPT,20180100663,Davidson,Nashville,1/31/2018 7:00:00 AM,2,0,0,36.177560,-86.764590,ELLINGTON PKWYS,,,,289.00,Feet,South,SPRING ST ENT RAMP,,,,0.00,N,Not at Intersection, ,Non-Junction,None,,,         ,Russell,Freeman,Clear,Front to Rear,no,no,no,no,no,False
101902158,METROPOLITAN NASHVILLE POLICE DEPT,20180100850,Davidson,Nashville,1/31/2018 8:12:00 AM,2,0,0,36.150150,-86.857950,CHARLOTTE PKE,,,,0.00,,,WHITE BRIDGE PKE,,,,0.00,Y,Four-Way, ,Intersection,None,,,         ,Curtis,Rich,Clear,Front to Rear,no,no,no,no,yes,False
101902161,METROPOLITAN NASHVILLE POLICE DEPT,20180100851,Davidson,Nashville,1/31/2018 7:40:00 AM,2,0,0,36.077800,-86.725780,NOLENSVILLE PKE,,,,250.00,Feet,North,EDMONDSON PKE,,,,0.00,N,Not at Intersection, ,Non-Junction,None,,,         ,Earl,Davis,Clear,"Sideswipe, Same Direction",no,no,no,no,no,False
101902165,METROPOLITAN NASHVILLE POLICE DEPT,20180100758,Davidson,Nashville,1/31/2018 7:44:00 AM,2,1,0,36.071930,-86.733020,EDMONDSON PKE,,,,82.00,Feet,South,BLACKMAN RD,,,,0.00,N,Not at Intersection,N,Non-Junction,None,,,         ,Robert,Schohn,Clear,"Sideswipe, Opposite Direction",no,no,no,no,no,False
101902168,METROPOLITAN NASHVILLE POLICE DEPT,20180100778,Davidson,Nashville,1/31/2018 7:53:00 AM,2,0,0,36.170870,-86.601130,I40 W EXT RAMP,,,,0.00,,,I 40,,,,0.00,Y,T-Intersection, ,Intersection,None,,,         ,Michael,Dance,Clear,Front to Rear,no,no,no,no,no,False
101902169,METROPOLITAN NASHVILLE POLICE DEPT,20180100784,Davidson,Nashville,1/31/2018 7:45:00 AM,2,0,0,36.156300,-86.846190,49TH AVN,,,,108.00,Feet,South,INDIANA AV,,,,0.00,N,Not at Intersection,N,Non-Junction,None,,,         ,Darren,Key,Clear,"Sideswipe, Opposite Direction",no,no,no,no,yes,False
101902174,METROPOLITAN NASHVILLE POLICE DEPT,2018-0100903,Davidson,Nashville,1/31/2018 7:25:00 AM,2,1,0,36.072780,-86.692040,I 24,,,,0.00,,,,,,,56.70,N,Not at Intersection,N,Non-Junction,None,,,         ,Carey,Steel,Clear,Front to Rear,no,no,no,no,yes,False
101902175,METROPOLITAN NASHVILLE POLICE DEPT,20180100840,Davidson,Nashville,1/31/2018 8:18:00 AM,3,0,0,36.224020,-86.774540,I 65,,,,0.00,,,,,,,88.55,N,Not at Intersection,N,Non-Junction,None,,,         ,Joseph,Progar,Clear,Front to Rear,no,no,no,no,no,False
101902176,METROPOLITAN NASHVILLE POLICE DEPT,20180100768,Davidson,Nashville,1/31/2018 7:50:00 AM,2,0,0,36.166970,-86.687830,BRILEY PKWY N EXT RAMP,,,,538.00,Feet,South,BRILEY PKWYN,,,,0.00,N,Not at Intersection, ,Non-Junction,None,,,         ,Michael,Dance,Clear,"Sideswipe, Same Direction",no,no,no,no,no,False
101902194,METROPOLITAN NASHVILLE POLICE DEPT,2018-0100789,Davidson,Nashville,1/31/2018 7:55:00 AM,2,1,0,36.167150,-86.779610,3RD AVN,,,,0.00,,,JAMES ROBERTSON PKWY,,,,0.00,Y,Four-Way,N,Intersection,None,,,         ,Michael,Schlegel,Clear,Front to Rear,yes,no,no,no,no,False
101902195,METROPOLITAN NASHVILLE POLICE DEPT,2018-0100913,Davidson,Nashville,1/31/2018 8:44:00 AM,2,1,0,36.139160,-86.778400,8TH AVS,,,,21.00,Feet,South,HAMILTON AV,,,,0.00,N,Not at Intersection,N,Non-Junction,None,,,         ,William,Caillouette,Clear,Angle,no,no,no,no,no,False
101902196,THP District 9 - Administrative,318006703,Davidson,Nashville,1/31/2018 6:47:00 AM,2,0,0,36.031770,-86.639700,I 24,,,,0.00,,,,,,,60.85,N,Not at Intersection, ,Non-Junction,None,,,         ,Brian,Carmouche,Clear,Front to Rear,no,no,no,no,no,False
101902197,METROPOLITAN NASHVILLE POLICE DEPT,20180100701,Davidson,Nashville,1/31/2018 7:25:00 AM,2,0,0,36.203360,-86.733760,KELLER AV,,,,411.00,Feet,West,SCOTT AV,,,,0.00,N,Not at Intersection, ,Non-Junction,None,,,         ,Michael,Agee,Clear,Angle,no,no,no,no,yes,False
101902203,METROPOLITAN NASHVILLE POLICE DEPT,20180100633,Davidson,Nashville,1/31/2018 6:10:00 AM,2,1,0,36.158390,-86.799180,CHARLOTTE AV,,,,41.00,Feet,West,FISK ST,,,,0.00,N,Not at Intersection,N,Non-Junction,None,,,         ,Jon,Mcvey,Clear,Angle,no,no,no,no,no,False
101902204,METROPOLITAN NASHVILLE POLICE DEPT,20180100968,Davidson,Nashville,1/31/2018 9:00:00 AM,2,0,0,36.154370,-86.804130,21ST AVN,,,,0.00,,,PATTERSON ST,,,,0.00,Y,Four-Way,N,Intersection,None,,,         ,Jon,Mcvey,Clear,Angle,no,no,no,no,no,False
101902205,METROPOLITAN NASHVILLE POLICE DEPT,20180101005,Davidson,Goodlettsville,1/31/2018 9:00:00 AM,2,0,0,36.302750,-86.691850,RIVERGATE MARKETPLACE PVTDR,,,,0.00,Feet,,GALLATIN PKEN,,,,0.00,Y,Four-Way,N,Intersection-Related,None,,,         ,Cyretha,Frazier,Cloudy,Front to Rear,no,no,no,no,no,False
101902212,METROPOLITAN NASHVILLE POLICE DEPT,20180101220,Davidson,Madison,1/31/2018 10:40:00 AM,2,0,0,36.263030,-86.711730,STATE RT 45,,,,59.00,Feet,East,GALLATIN PKEN,,,,0.00,N,Not at Intersection, ,Non-Junction,None,,,         ,Jeremy,Stricklin,Clear,"Sideswipe, Same Direction",no,no,no,no,no,False
101902215,METROPOLITAN NASHVILLE POLICE DEPT,20180101077,Davidson,Nashville,1/31/2018 9:52:00 AM,2,0,0,36.153240,-86.687680,ELM HILL PKE,,,,0.00,,,ATRIUM WAY,,,,0.00,Y,OTHER, ,Entrance/Exit Ramp Related,None,,,         ,Michael,Dance,Clear,Front to Rear,no,no,no,no,no,False
101902216,METROPOLITAN NASHVILLE POLICE DEPT,20180101379,Davidson,Nashville,1/31/2018 11:17:00 AM,2,0,0,36.137560,-86.726770,I 24,,,,0.00,,,,,,,52.35,N,Not at Intersection, ,Non-Junction,None,,,         ,Michael,Dance,Clear,Front to Rear,no,no,no,no,no,False
101902217,METROPOLITAN NASHVILLE POLICE DEPT,20180100884,Davidson,Nashville,1/31/2018 8:03:00 AM,2,0,0,36.132230,-86.752180,HUTTON DR,,,,0.00,,,WOODYCREST AV,,,,0.00,Y,OTHER, ,Non-Junction,Construction Zone,,,         ,Ronald,Bright,Cloudy,"Sideswipe, Opposite Direction",no,no,no,no,no,False
101902219,METROPOLITAN NASHVILLE POLICE DEPT,20180100790,Davidson,Nashville,1/31/2018 7:30:00 AM,2,0,0,36.154130,-86.836400,I 40,,,,0.00,,,,,,,205.15,N,Not at Intersection,N,Non-Junction,None,,,         ,Michael,Pyle,Clear,Not Collision with Motor Vehicle in Transport,no,no,no,no,no,False
101902220,METROPOLITAN NASHVILLE POLICE DEPT,20180101302,Davidson,Nashville,1/31/2018 10:50:00 AM,2,0,0,36.176090,-86.756890,MAIN ST,,,,114.00,Feet,East,S 9TH ST,,,,0.00,N,Not at Intersection,N,Non-Junction,None,,,         ,Russell,Freeman,Clear,Front to Rear,no,no,no,no,no,False
101902225,METROPOLITAN NASHVILLE POLICE DEPT,20180101381,Davidson,Nashville,1/31/2018 11:42:00 AM,2,0,0,36.193670,-86.807030,ROSA L PARKS BLVD,,,,0.00,,,GREAT CIRCLE RD,,,,0.00,Y,Four-Way, ,Intersection,None,,,         ,Wesley,Young,Clear,Angle,no,no,no,no,no,False
101902233,METROPOLITAN NASHVILLE POLICE DEPT,20180101010,Davidson,Belle Meade,1/31/2018 9:22:00 AM,2,0,0,36.104540,-86.868990,HARDING PKE,,,,340.00,Feet,North,POST RD,,,,0.00,N,Not at Intersection, ,Non-Junction,None,,,         ,Curtis,Rich,Clear,Angle,no,no,no,no,no,False
101902240,METROPOLITAN NASHVILLE POLICE DEPT,20180101386,Davidson,Not in City Limit,1/31/2018 11:27:00 AM,2,0,0,36.283690,-86.692320,MYATT DR,,,,0.00,,,NORTHGATE BUSINESS PKWY,,,,0.00,Y,T-Intersection,N,Intersection,None,,,         ,Michelle,Steidl,Clear,Angle,no,no,no,no,no,False
101902257,METROPOLITAN NASHVILLE POLICE DEPT,20180100694,Davidson,Nashville,1/31/2018 7:23:00 AM,2,0,0,36.062520,-86.682520,I 24,,,,0.00,,,,,,,57.60,N,Not at Intersection,N,Non-Junction,None,,,         ,Brandon,Evans,Clear,Front to Rear,no,no,no,no,no,False
101902260,METROPOLITAN NASHVILLE POLICE DEPT,20180101451,Davidson,Nashville,1/31/2018 11:58:00 AM,2,0,0,36.199380,-86.741920,DELMAS AV,,,,306.00,Feet,West,GALLATIN PKE,,,,0.00,N,Not at Intersection, ,"Driveway, Alley Access, etc",None,,,         ,Russell,Freeman,Clear,Angle,no,no,no,no,no,False
101902261,METROPOLITAN NASHVILLE POLICE DEPT,20180100993,Davidson,Nashville,1/31/2018 9:00:00 AM,2,0,0,36.035270,-86.783030,I 65,,,,0.00,,,,,,,74.30,N,Not at Intersection, ,OtherLocation,None,,,         ,Earl,Davis,Clear,Front to Rear,no,no,no,no,no,False
101902262,METROPOLITAN NASHVILLE POLICE DEPT,20180101447,Davidson,Not in City Limit,1/31/2018 11:50:00 AM,2,0,0,36.261590,-86.712410,GALLATIN PKES,,,,131.00,Feet,North,MAPLE ST,,,,0.00,N,Not at Intersection, ,Non-Junction,None,,,         ,Brian,Otto,Clear,Angle,no,no,no,no,no,False
101902263,METROPOLITAN NASHVILLE POLICE DEPT,20180100860,Davidson,Nashville,1/31/2018 12:00:00 AM,2,0,0,36.157370,-86.846250,49TH AVN,,,,124.00,Feet,South,ILLINOIS AV,,,,0.00,N,Not at Intersection,N,Non-Junction,None,,,         ,Darren,Key,Clear,"Sideswipe, Same Direction",no,no,no,no,yes,False
101902279,METROPOLITAN NASHVILLE POLICE DEPT,20180100740,Davidson,Nashville,1/31/2018 7:39:00 AM,2,0,0,36.151760,-86.768630,2ND AVS,,,,0.00,,,I40 W EXT RAMP,,,,0.00,Y,Four-Way, ,Intersection-Related,None,,,         ,James,Curtis,Clear,"Sideswipe, Same Direction",no,no,no,no,no,False
101902281,METROPOLITAN NASHVILLE POLICE DEPT,2018-0101101,Davidson,Nashville,1/31/2018 9:59:00 AM,2,2,0,36.132190,-86.726750,I 24,,,,0.00,,,,,,,52.00,N,Not at Intersection,N,Non-Junction,None,,,         ,William,Whitworth,Clear,"Sideswipe, Same Direction",no,no,no,no,no,False
101902282,METROPOLITAN NASHVILLE POLICE DEPT,20180101460,Davidson,Nashville,1/31/2018 11:59:00 AM,2,0,0,36.124200,-86.740720,I 440,,,,0.00,,,,,,,6.80,N,Not at Intersection, ,Non-Junction,None,,,         ,William,Whitworth,Clear,Front to Rear,no,no,no,no,no,False
101902294,THP District 9 - Administrative,318006609,Davidson,Not in City Limit,1/30/2018 4:52:00 PM,2,0,0,36.081600,-86.955960,I 40,,,,0.00,,,,,,,196.40,N,Not at Intersection,N,Non-Junction,None,,,         ,William,Goodman,Clear,Front to Rear,no,no,no,no,no,False
101902301,METROPOLITAN NASHVILLE POLICE DEPT,20180100950,Davidson,Nashville,1/31/2018 9:02:00 AM,2,0,0,36.043930,-86.693300,BELL RD,,,,0.00,Feet,,BROOK VIEW ESTATES DR,,,,0.00,Y,T-Intersection, ,Intersection,None,,,         ,Nicholas,Carter,Clear,Angle,no,no,no,no,no,False
101902306,METROPOLITAN NASHVILLE POLICE DEPT,20180101298,Davidson,Nashville,1/31/2018 11:01:00 AM,2,0,0,36.207250,-86.776420,I65 S ENT RAMP,,,,0.00,,,I 65,,,,0.00,Y,Y-Intersection,N,Entrance/Exit Ramp Related,None,,,         ,Victor,Alexander,Clear,"Sideswipe, Same Direction",no,no,no,no,yes,False
101902314,METROPOLITAN NASHVILLE POLICE DEPT,20180100815,Davidson,Nashville,1/31/2018 8:07:00 AM,2,0,0,36.150040,-86.772230,I 40,,,,0.00,,,,,,,210.30,N,Not at Intersection, ,Non-Junction,None,,,         ,Johnathan,Carlisle,Clear,"Sideswipe, Same Direction",no,no,no,no,no,False
101902332,METROPOLITAN NASHVILLE POLICE DEPT,20180101174,Davidson,Nashville,1/31/2018 10:30:00 AM,2,0,0,36.079970,-86.726440,NOLENSVILLE PKE,,,,137.00,Feet,North,HARDING PL,,,,0.00,N,Not at Intersection, ,Non-Junction,None,,,         ,Jessie,Meadows,Clear,Front to Rear,no,no,no,no,no,False
101902333,METROPOLITAN NASHVILLE POLICE DEPT,20180101285,Davidson,Nashville,1/31/2018 10:52:00 AM,3,5,0,36.106360,-86.718700,I 24,,,,0.00,,,,,,,54.00,N,Not at Intersection,N,Non-Junction,None,,,         ,Jessie,Meadows,Clear,Front to Rear,no,no,no,no,no,False
101902334,METROPOLITAN NASHVILLE POLICE DEPT,20180101427,Davidson,Nashville,1/31/2018 12:20:00 PM,2,0,0,36.064630,-86.628650,HAMILTON CHURCH RD,,,,78.00,Feet,South,MURFREESBORO PKE,,,,0.00,N,Not at Intersection, ,Non-Junction,None,,,         ,Jessie,Meadows,Clear,"Sideswipe, Same Direction",no,no,no,no,no,False
101902335,METROPOLITAN NASHVILLE POLICE DEPT,20180101626,Davidson,Nashville,1/31/2018 1:30:00 PM,2,1,0,36.070240,-86.690030,I 24,,,,0.00,,,,,,,56.95,N,Not at Intersection,N,Non-Junction,None,,,         ,Jessie,Meadows,Clear,"Sideswipe, Same Direction",no,no,no,no,no,False
101902345,METROPOLITAN NASHVILLE POLICE DEPT,20180101682,Davidson,Nashville,1/31/2018 1:33:00 PM,2,2,0,36.128580,-86.906680,RIVER RD,,,,0.00,Feet,,CHARLOTTE PKE PVTDR,,,,0.00,Y,Four-Way,N,Intersection,None,,,         ,Curtis,Rich,Clear,HeadOn,no,no,no,no,no,False
101902355,METROPOLITAN NASHVILLE POLICE DEPT,20180101435,Davidson,Nashville,1/31/2018 11:50:00 AM,2,2,0,36.241960,-86.757080,DICKERSON PKE,,,,0.00,,,DICKERSON PKE ENT RAMP,,,,0.00,Y,Four-Way,Y,Intersection,None,,,         ,Peter,Lynch,Clear,Angle,no,no,no,no,no,False
101902356,METROPOLITAN NASHVILLE POLICE DEPT,20180101713,Davidson,Nashville,1/31/2018 1:40:00 PM,2,0,0,36.159870,-86.795300,CHARLOTTE AV,,,,44.00,Feet,South,15TH AVN,,,,0.00,N,Not at Intersection, ,Non-Junction,None,,,         ,Jon,Mcvey,Clear,Angle,no,no,no,no,no,False
101902357,METROPOLITAN NASHVILLE POLICE DEPT,20180101053,Davidson,Nashville,1/31/2018 9:11:00 AM,2,0,0,36.135960,-86.788760,12TH AVS,,,,75.00,Feet,South,WEDGEWOOD AV,,,,0.00,N,Not at Intersection,N,Non-Junction,None,,,         ,Michael,McCord,Clear,Angle,no,no,no,no,yes,False
101902358,METROPOLITAN NASHVILLE POLICE DEPT,20180101723,Davidson,Not in City Limit,1/31/2018 1:45:00 PM,2,0,0,36.042100,-86.960550,HIGHWAY 100,,,,345.00,Feet,North,CHAFFIN DR,,,,0.00,N,Not at Intersection, ,Non-Junction,None,,,         ,Wesley,Tilley,Clear,Front to Rear,no,no,no,no,no,False
101902433,METROPOLITAN NASHVILLE POLICE DEPT,20180101697,Davidson,Nashville,1/31/2018 1:35:00 PM,2,1,0,36.166930,-86.609690,I40 E EXT RAMP,,,,770.00,Feet,East,I 40,,,,0.00,N,Not at Intersection,N,Non-Junction,None,,,         ,Thomas,Odom,Clear,"Sideswipe, Same Direction",no,no,no,no,yes,False
101902453,VANDERBILT UNIVERSITY POLICE,18-0101421,Davidson,Nashville,1/31/2018 11:10:00 AM,1,1,0,36.112920,-86.730250,LIVE OAK RD,,,,0.00,,,MASHBURN RD,,,,0.00,Y,T-Intersection,N,Intersection,None,,,         ,Sean,Hughes,Clear,Not Collision with Motor Vehicle in Transport,no,no,no,yes,no,False
101902462,METROPOLITAN NASHVILLE POLICE DEPT,20180101857,Davidson,Nashville,1/31/2018 2:30:00 PM,2,1,0,36.247640,-86.720580,GALLATIN PKES,,,,100.00,Feet,South,DUE WEST AVE,,,,0.00,N,Not at Intersection,N,Non-Junction,None,,,         ,Christopher,Littles,Clear,Front to Rear,no,no,no,no,yes,False
101902479,VANDERBILT UNIVERSITY POLICE,2018-100983,Davidson,Nashville,1/31/2018 8:45:00 AM,1,0,0,36.138280,-86.800670,21ST AVS,,,,258.00,Feet,North,WEDGEWOOD AV,,,,0.00,N,Not at Intersection, ,Non-Junction,None,,,         ,Linda,Jennings,Clear,Not Collision with Motor Vehicle in Transport,no,no,no,no,no,Campus