master_record_number,agency,agency_tracking_number,county,city,collision_date,vehicles_involved,number_injured,number_dead,latitude,longitude,roadway_name,roadway_suffix,roadway_number,roadway_local_id,distance_from_reference,miles-feet_indicator,direction_from_reference,intersection_road_name,intersection_road_name_suffix,intersection_road_number,intersection_local_id,mile_marker,intersection_indicator,intersect_type,interchange_related_indicator,relation_to_junction,work_zone_type,construction_maintenance_zone,construction_maintenance_zone_location,fatal_case_number,officer_first_name,officer_last_name,weather_condition(s),manner_of_crash,pedestrian,bicycle,scooter,parking,hitrun,mou
101902525,METROPOLITAN NASHVILLE POLICE DEPT,20180101911,Davidson,Nashville,1/31/2018 2:01:00 PM,1,0,0,36.158130,-86.772270,KOREAN VETERANS BLVD,,,,125.00,Feet,West,HERMITAGE AV,,,,0.00,N,Not at Intersection,N,Non-Junction,None,,,         ,Abigail,Malone,Clear,Not Collision with Motor Vehicle in Transport,no,no,no,no,yes,False
101902534,METROPOLITAN NASHVILLE POLICE DEPT,20180101891,Davidson,Goodlettsville,1/31/2018 2:11:00 PM,2,0,0,36.296910,-86.699160,GALLATIN PKEN,,,,0.00,,,RIVERGATE PKWY,,,,0.00,Y,Four-Way, ,,None,,,         ,Joel,Callies,,,no,no,no,no,no,False
101902551,METROPOLITAN NASHVILLE POLICE DEPT,20180102028,Davidson,Nashville,1/31/2018 3:03:00 PM,2,0,0,36.143070,-86.666650,DONELSON PKE,,,,283.00,Feet,North,I40 W ENT RAMP,,,,0.00,N,Not at Intersection, ,Non-Junction,None,,,         ,Tyler,Maupin,Clear,Other,no,no,no,no,no,False
101902555,METROPOLITAN NASHVILLE POLICE DEPT,2018-0101743,Davidson,Nashville,1/31/2018 1:54:00 PM,2,1,0,36.045810,-86.674680,BELL RD,,,,99.00,Feet,West,BLUE HOLE RD,,,,0.00,N,Not at Intersection,N,Non-Junction,None,,,         ,William,Whitworth,Clear,Front to Rear,no,no,no,no,no,False
101902557,METROPOLITAN NASHVILLE POLICE DEPT,20180102048,Davidson,Nashville,1/31/2018 3:34:00 PM,2,1,0,36.044620,-86.659370,I24 E ENT RAMP,,,,0.00,,,I 24,,,,0.00,Y,Y-Intersection,N,Entrance/Exit Ramp Related,None,,,         ,William,Durham,Clear,Front to Rear,no,no,no,no,no,False
101902598,METROPOLITAN NASHVILLE POLICE DEPT,20180102001,Davidson,Nashville,1/31/2018 3:24:00 PM,2,1,0,36.159240,-86.792730,14TH AVN,,,,0.00,,,HYNES ST,,,,0.00,Y,T-Intersection,N,Intersection,None,,,         ,Eric,Burford,Clear,Angle,no,no,no,no,no,False
101902606,METROPOLITAN NASHVILLE POLICE DEPT,20180102211,Davidson,Nashville,1/31/2018 4:15:00 PM,2,0,0,36.142890,-86.736710,I 40,,,,0.00,,,,,,,212.70,N,Not at Intersection,N,Non-Junction,None,,,         ,Arend,Groeneweg,Clear,Front to Rear,no,no,no,no,yes,False
101902614,METROPOLITAN NASHVILLE POLICE DEPT,20180102244,Davidson,Nashville,1/31/2018 4:26:00 PM,2,0,0,36.176960,-86.751430,S 10TH ST,,,,0.00,,,WOODLAND ST,,,,0.00,Y,Four-Way, ,Intersection,None,,,         ,James,Smith,Clear,Front to Rear,no,no,no,no,no,False
101902615,METROPOLITAN NASHVILLE POLICE DEPT,20180102302,Davidson,Nashville,1/31/2018 12:00:00 AM,2,0,0,36.193020,-86.831760,S HAMILTON RD,,,,183.00,Feet,North,RIVER DR,,,,0.00,N,Not at Intersection, ,Non-Junction,None,,,         ,Melvin,Taylor,Clear,"Sideswipe, Same Direction",no,no,no,no,yes,False
101902617,METROPOLITAN NASHVILLE POLICE DEPT,20180102137,Davidson,Not in City Limit,1/31/2018 3:51:00 PM,2,0,0,36.269260,-86.755740,OLD HICKORY BLVDW,,,,0.00,,,DICKERSON PKE,,,,0.00,Y,Four-Way,N,Intersection,None,,,         ,Christopher,Littles,Clear,Front to Rear,no,no,no,no,no,False
101902620,METROPOLITAN NASHVILLE POLICE DEPT,20180102230,Davidson,Nashville,1/31/2018 4:27:00 PM,2,0,0,36.168360,-86.788730,HARRISON ST,,,,137.00,Feet,West,ROSA L PARKS BLVD,,,,0.00,N,Not at Intersection, ,Non-Junction,None,,,         ,Kyle,Burks,Clear,"Sideswipe, Same Direction",no,no,no,no,no,False
101902627,METROPOLITAN NASHVILLE POLICE DEPT,20180102181,Davidson,Nashville,1/31/2018 4:12:00 PM,2,0,0,36.177220,-86.772730,I24 W EXT RAMP,,,,0.00,Feet,East,I 24,,,,0.00,N,Not at Intersection, ,Non-Junction,None,,,         ,Michael,Moss,Clear,"Sideswipe, Same Direction",no,no,no,no,no,False
101902632,METROPOLITAN NASHVILLE POLICE DEPT,2018-0102168,Davidson,Nashville,1/31/2018 3:58:00 PM,2,0,0,36.170820,-86.601550,OLD HICKORY BLVD,,,,0.00,,,I40 W EXT RAMP,,,,0.00,Y,Four-Way,N,Entrance/Exit Ramp Related,None,,,         ,Sandra,Talavera,Clear,Angle,no,no,no,no,no,False
101902633,METROPOLITAN NASHVILLE POLICE DEPT,20180102275,Davidson,Nashville,1/31/2018 4:36:00 PM,2,0,0,36.147460,-86.744290,I 40,,,,0.00,,,,,,,212.00,N,Not at Intersection,N,Non-Junction,None,,,         ,Jonathan,Cavezza,Clear,Angle,no,no,no,no,no,False
101902634,METROPOLITAN NASHVILLE POLICE DEPT,20180102203,Davidson,Nashville,1/31/2018 3:58:00 PM,4,3,0,36.039690,-86.760070,OLD HICKORY BLVD,,,,75.00,Feet,West,TOWNHOMES OF FREDERICKSBURG PV,,,,0.00,N,Not at Intersection,N,Non-Junction,None,,,         ,FELIKS,ABRAHAMYAN,Clear,Front to Rear,no,no,no,no,no,False
101902635,METROPOLITAN NASHVILLE POLICE DEPT,20180102325,Davidson,Nashville,1/31/2018 4:44:00 PM,2,0,0,36.161180,-86.793070,I40 W ENT RAMP,,,,51.00,Feet,North,I 40,,,,0.00,N,Not at Intersection, ,Non-Junction,None,,,         ,Jim,Crissman,Clear,Front to Rear,no,no,no,no,no,False
101902647,METROPOLITAN NASHVILLE POLICE DEPT,20180102057,Davidson,Nashville,1/31/2018 4:00:00 PM,2,0,0,36.154340,-86.798960,19TH AVN,,,,0.00,,,CHURCH ST,,,,0.00,Y,Four-Way, ,Intersection,None,,,         ,Jacob,Paul,Clear,"Sideswipe, Same Direction",no,no,no,no,no,False
101902649,METROPOLITAN NASHVILLE POLICE DEPT,20180102388,Davidson,Nashville,1/31/2018 5:12:00 PM,2,0,0,36.153160,-86.764560,I 40,,,,0.00,,,,,,,210.70,N,Not at Intersection, ,Non-Junction,None,,,         ,Michael,Moss,Clear,"Sideswipe, Same Direction",no,no,no,no,no,False
101902653,METROPOLITAN NASHVILLE POLICE DEPT,20180102171,Davidson,Nashville,1/31/2018 4:02:00 PM,2,0,0,36.137830,-86.820640,I440 W EXT RAMP,,,,0.00,,,I 440,,,,0.00,Y,T-Intersection, ,Intersection-Related,None,,,         ,Eric,Burford,Clear,Front to Rear,no,no,no,no,no,False
101902662,METROPOLITAN NASHVILLE POLICE DEPT,20180102394,Davidson,Nashville,1/31/2018 5:05:00 PM,2,0,0,36.107000,-86.728720,NEESE DR,,,,0.00,,,SOUTHLAKE DR,,,,0.00,Y,Four-Way, ,Non-Junction,None,,,         ,Eric,Keller,Clear,Front to Rear,no,no,no,no,no,False
101902688,METROPOLITAN NASHVILLE POLICE DEPT,20180102517,Davidson,Nashville,1/31/2018 5:48:00 PM,2,0,0,36.149320,-86.773460,I 40,,,,0.00,,,,,,,210.20,N,Not at Intersection, ,Non-Junction,None,,,         ,Douglas,Sykes,Clear,"Sideswipe, Same Direction",no,no,no,no,no,False
101902689,METROPOLITAN NASHVILLE POLICE DEPT,20180102336,Davidson,Nashville,1/31/2018 5:10:00 PM,2,0,0,36.109410,-86.727900,BRILEY PKWYN,,,,43.00,Feet,East,BRILEY PKWYS,,,,0.00,N,Not at Intersection, ,Non-Junction,None,,,         ,Jessie,Meadows,Clear,Front to Rear,no,no,no,no,no,False
101902690,METROPOLITAN NASHVILLE POLICE DEPT,20180102451,Davidson,Nashville,1/31/2018 12:00:00 AM,2,0,0,36.199790,-86.825490,BUENA VISTA PKE,,,,309.00,Feet,East,MATTIE ST,,,,0.00,N,Not at Intersection, ,Non-Junction,None,,,         ,Melvin,Taylor,Clear,Angle,no,no,no,no,no,False
101902692,METROPOLITAN NASHVILLE POLICE DEPT,20180102588,Davidson,Nashville,1/31/2018 4:27:00 PM,2,0,0,36.156240,-86.802940,MURPHY AV,,,,0.00,,,20TH AVN,,,,0.00,Y,Four-Way, ,Intersection,None,,,         ,Ryan,Cagle,Clear,Angle,no,no,no,no,no,False
101902702,METROPOLITAN NASHVILLE POLICE DEPT,20180101989,Davidson,Nashville,1/31/2018 3:21:00 PM,2,1,0,36.193540,-86.752650,ELLINGTON PKWYN,,,,72.00,Feet,North,DOUGLAS AV,,,,0.00,N,Not at Intersection,N,Non-Junction,None,,,         ,Joshua,Lackey,Clear,"Sideswipe, Same Direction",no,no,no,no,no,False
101902704,METROPOLITAN NASHVILLE POLICE DEPT,20180102594,Davidson,Nashville,1/31/2018 5:25:00 PM,2,0,0,36.089250,-86.688230,EZELL PKE,,,,150.00,Feet,South,HARDING PL,,,,0.00,N,Not at Intersection, ,,None,,,         ,Eric,Keller,,,no,no,no,no,no,False
101902705,METROPOLITAN NASHVILLE POLICE DEPT,20180102453,Davidson,Nashville,1/31/2018 5:23:00 PM,2,0,0,36.184310,-86.754520,W EASTLAND AV,,,,0.00,,,MCFERRIN AV,,,,0.00,Y,Four-Way, ,Intersection-Related,None,,,         ,Randall,Smith,Clear,"Sideswipe, Same Direction",no,no,no,no,no,False
101902706,METROPOLITAN NASHVILLE POLICE DEPT,20180101933,Davidson,Nashville,1/31/2018 3:05:00 PM,2,1,0,36.138630,-86.800630,21ST AVS,,,,0.00,,,CHILDRENS WAY,,,,0.00,Y,T-Intersection,Y,Intersection-Related,None,,,         ,Jacob,Paul,Clear,Angle,no,no,no,no,no,Campus
101902708,METROPOLITAN NASHVILLE POLICE DEPT,20180102519,Davidson,Nashville,1/31/2018 5:52:00 PM,3,1,0,36.145330,-86.778970,8TH AVS,,,,101.00,Feet,North,ARCHER ST,,,,0.00,N,Not at Intersection, ,Non-Junction,None,,,         ,Abigail,Malone,Clear,Front to Rear,no,no,no,no,no,False
101902709,METROPOLITAN NASHVILLE POLICE DEPT,20180102078,Davidson,Nashville,1/31/2018 3:35:00 PM,2,1,0,36.149870,-86.805740,ELLISTON PL,,,,102.00,Feet,South,23RD AVN,,,,0.00,N,Not at Intersection,N,Non-Junction,None,,,         ,Darryl,Williams,Clear,"Sideswipe, Same Direction",no,no,no,no,no,Campus
101902710,METROPOLITAN NASHVILLE POLICE DEPT,20180102696,Davidson,Nashville,1/31/2018 6:15:00 PM,2,0,0,36.086870,-86.730230,ELYSIAN FIELDS RD,,,,0.00,,,ELYSIAN FIELDS CT,,,,0.00,Y,Four-Way, ,Non-Junction,None,,,         ,Eric,Keller,Clear,Front to Rear,no,no,no,no,no,False
101902714,METROPOLITAN NASHVILLE POLICE DEPT,20180102735,Davidson,Nashville,1/31/2018 6:14:00 PM,2,0,0,36.159410,-86.704040,LEBANON PKE,,,,30.00,Feet,East,QUINN CIR,,,,0.00,N,Not at Intersection, ,Non-Junction,None,,,         ,Jonathan,Cavezza,Clear,Front to Rear,no,no,no,no,no,False
101902722,METROPOLITAN NASHVILLE POLICE DEPT,20180102653,Davidson,Nashville,1/31/2018 12:00:00 AM,2,0,0,36.212690,-86.775540,I 65,,,,0.00,,,,,,,87.80,N,Not at Intersection,N,Non-Junction,None,,,         ,Gordon,Stovall,Clear,"Sideswipe, Same Direction",no,no,no,no,no,False
101902728,METROPOLITAN NASHVILLE POLICE DEPT,20180102571,Davidson,Not in City Limit,1/31/2018 6:01:00 PM,2,0,0,36.266530,-86.690110,N DUPONT AV,,,,0.00,,,MYATT DR,,,,0.00,Y,Four-Way,N,Intersection,None,,,         ,Christopher,Littles,Clear,Angle,no,no,no,no,yes,False
101902731,METROPOLITAN NASHVILLE POLICE DEPT,2018-0102498,Davidson,Nashville,1/31/2018 5:08:00 PM,2,1,0,36.185850,-86.628470,CENTRAL PKE,,,,384.00,Feet,West,STONERS BEND DR,,,,0.00,N,Not at Intersection, ,Non-Junction,None,,,         ,Sandra,Talavera,Clear,Angle,no,no,no,no,no,False
101902735,METROPOLITAN NASHVILLE POLICE DEPT,20180102795,Davidson,Nashville,1/31/2018 7:10:00 PM,2,0,0,36.032560,-86.768760,CHURCH STE,,,,20.00,Feet,East,CLOVERLAND DR,,,,0.00,N,Not at Intersection, ,Non-Junction,None,,,         ,FELIKS,ABRAHAMYAN,Clear,Front to Rear,no,no,no,no,no,False
101902749,METROPOLITAN NASHVILLE POLICE DEPT,20180102295,Davidson,Nashville,1/31/2018 4:25:00 PM,2,0,0,36.154810,-86.799310,19TH AVN,,,,0.00,,,HUBBS ALY,,,,0.00,Y,OTHER, ,OtherLocation,None,,,         ,Jacob,Paul,Clear,Angle,no,no,no,no,no,False
101902755,METROPOLITAN NASHVILLE POLICE DEPT,20180102670,Davidson,Nashville,1/31/2018 6:35:00 PM,1,1,0,36.182880,-86.738480,EASTLAND AV,,,,0.00,,,N 17TH ST,,,,0.00,Y,T-Intersection,N,Intersection,None,,,         ,James,Smith,Clear,Not Collision with Motor Vehicle in Transport,no,yes,no,no,no,False
101902763,METROPOLITAN NASHVILLE POLICE DEPT,20180102452,Davidson,Nashville,1/31/2018 6:11:00 PM,2,1,0,36.115250,-86.862780,DAVIDSON RD,,,,0.00,,,POST RD,,,,0.00,Y,Four-Way,N,Intersection,None,,,         ,Timothy,Morgan,Clear,Angle,no,no,no,no,no,False
101902764,METROPOLITAN NASHVILLE POLICE DEPT,20180102792,Davidson,Nashville,1/31/2018 6:20:00 PM,2,0,0,36.124530,-86.772910,I 65,,,,0.00,,,,,,,80.70,N,Not at Intersection, ,Non-Junction,None,,,         ,Jacob,Paul,Clear,Front to Rear,no,no,no,no,no,False
101902769,METROPOLITAN NASHVILLE POLICE DEPT,20180102995,Davidson,Nashville,1/31/2018 8:18:00 PM,2,0,0,36.228840,-86.725180,GALLATIN PKE,,,,0.00,Feet,East,BROADMOOR DR,,,,0.00,N,Not at Intersection,N,Non-Junction,None,,,         ,Richard,Conger,Clear,"Sideswipe, Same Direction",no,no,no,no,yes,False
101902773,METROPOLITAN NASHVILLE POLICE DEPT,20180102719,Davidson,Nashville,1/31/2018 6:54:00 PM,2,2,0,36.190840,-86.615350,OLD HICKORY BLVD,,,,0.00,Feet,East,OLD LEBANON DIRT RD,,,,0.00,N,Not at Intersection,N,Non-Junction,None,,,         ,Codey,Mullins,Clear,"Sideswipe, Same Direction",no,no,no,no,yes,False
101902779,METROPOLITAN NASHVILLE POLICE DEPT,20180102197,Davidson,Nashville,1/31/2018 4:15:00 PM,2,0,0,36.182560,-86.747500,STRATTON AV,,,,400.00,Feet,East,GALLATIN AV,,,,0.00,N,Not at Intersection,N,Non-Junction,None,,,         ,Russell,Ward,Clear,Angle,no,no,no,yes,no,False
101902783,METROPOLITAN NASHVILLE POLICE DEPT,20180102404,Davidson,Nashville,1/31/2018 5:18:00 PM,2,0,0,36.175420,-86.792780,ROSA L PARKS BLVD,,,,64.00,Feet,North,MONROE ST,,,,0.00,N,Not at Intersection, ,Non-Junction,None,,,         ,Paul,Goebel,Clear,Angle,no,no,no,no,no,False
101902804,METROPOLITAN NASHVILLE POLICE DEPT,20180103084,Davidson,Nashville,1/31/2018 8:46:00 PM,2,0,0,36.158680,-86.873340,RIES AV,,,,393.00,Feet,East,ROBERTSON AV,,,,0.00,N,Not at Intersection, ,,None,,,         ,Laura,Mullin,,,no,no,no,no,no,False
101902805,METROPOLITAN NASHVILLE POLICE DEPT,2018-0102844,Davidson,Nashville,1/31/2018 7:37:00 PM,3,2,0,36.033530,-86.743630,EDMONDSON PKE,,,,317.00,Feet,South,FRONTIER LN,,,,0.00,N,Not at Intersection,N,Non-Junction,None,,,         ,William,King,Clear,Front to Rear,no,no,no,no,no,False
101902806,METROPOLITAN NASHVILLE POLICE DEPT,20180103051,Davidson,Not in City Limit,1/31/2018 12:00:00 AM,1,0,0,36.288310,-86.844200,WHITES CREEK PKE,,,,392.00,Feet,West,LAWS RD,,,,0.00,N,Not at Intersection, ,Non-Junction,None,,,         ,Melvin,Taylor,Clear,Not Collision with Motor Vehicle in Transport,no,no,no,no,no,False
101902930,METROPOLITAN NASHVILLE POLICE DEPT,20180103777,Davidson,Nashville,1/31/2018 11:21:00 PM,2,0,0,36.169550,-86.600980,OLD HICKORY BLVD,,,,0.00,,,I40 E ENT RAMP,,,,0.00,Y,OTHER, ,Intersection,None,,,         ,Leonard,Spadavecchia,Clear,Angle,no,no,no,no,no,False
101902936,METROPOLITAN NASHVILLE POLICE DEPT,20180103649,Davidson,Nashville,1/31/2018 11:40:00 PM,2,2,0,36.155990,-86.773840,PEABODY ST,,,,25.00,Feet,East,4TH AVS,,,,0.00,N,Not at Intersection,N,Non-Junction,None,,,         ,Steven,Fisher,Clear,HeadOn,no,no,no,no,yes,False
101903016,METROPOLITAN NASHVILLE POLICE DEPT,20180104583,Davidson,Nashville,2/1/2018 6:00:00 AM,2,0,0,36.214900,-86.597680,ANDREW JACKSON PKWY,,,,80.00,Feet,South,LEBANON PKE,,,,0.00,N,Not at Intersection, ,Non-Junction,None,,,         ,Patrick,Lancaster,Clear,"Sideswipe, Same Direction",no,no,no,no,no,False
101903036,METROPOLITAN NASHVILLE POLICE DEPT,20180104627,Davidson,Nashville,2/1/2018 6:31:00 AM,2,0,0,36.183110,-86.609530,OLD HICKORY BLVD,,,,388.00,Feet,East,CHANDLER PL,,,,0.00,N,Not at Intersection,N,Non-Junction,None,,,         ,Tien,Nguyen,Clear,Front to Rear,no,no,no,no,no,False
101903047,METROPOLITAN NASHVILLE POLICE DEPT,20180104443,Davidson,Nashville,2/1/2018 4:57:00 AM,3,1,0,36.045610,-86.658490,I24 W ENT RAMP,,,,0.00,,,I 24,,,,0.00,Y,T-Intersection,N,Intersection,None,,,         ,David,Moser,Clear,Angle,no,no,no,no,no,False
101903048,METROPOLITAN NASHVILLE POLICE DEPT,2018-0101669,Davidson,Nashville,1/31/2018 1:21:00 PM,2,0,0,36.151800,-86.771250,4TH AVS,,,,0.00,,,LAFAYETTE ST,,,,0.00,Y,Four-Way, ,Intersection,None,,,         ,Michael,Schlegel,Clear,Angle,no,no,no,no,no,False
101903050,METROPOLITAN NASHVILLE POLICE DEPT,2018-0100941,Davidson,Nashville,1/31/2018 8:30:00 AM,2,0,0,36.141720,-86.733290,I 40,,,,0.00,,,,,,,212.90,N,Not at Intersection, ,Non-Junction,None,,,         ,Cory,West,Clear,"Sideswipe, Same Direction",no,no,no,no,yes,False
101903053,METROPOLITAN NASHVILLE POLICE DEPT,20180104608,Davidson,Nashville,2/1/2018 6:19:00 AM,2,0,1,36.180130,-86.807650,BUCHANAN ST,,,,0.00,Feet,East,14TH AVN,,,,0.00,N,Not at Intersection,N,Non-Junction,None,,,18-0400  ,William,Waters,Cloudy,Front to Rear,no,no,no,no,no,False
101903075,METROPOLITAN NASHVILLE POLICE DEPT,20180104596,Davidson,Nashville,2/1/2018 6:10:00 AM,2,0,0,36.253410,-86.716670,GALLATIN PKES,,,,79.00,Feet,North,EMMITT AV,,,,0.00,N,Not at Intersection,N,Non-Junction,None,,,         ,Wallis,Massey,Clear,Front to Rear,no,no,no,no,no,False
101903086,METROPOLITAN NASHVILLE POLICE DEPT,2018-0104688,Davidson,Nashville,2/1/2018 7:12:00 AM,2,0,0,36.084750,-86.706100,EISENHOWER DR,,,,0.00,,,LINBAR DR,,,,0.00,Y,Four-Way,N,Intersection,None,,,         ,William,Whitworth,Cloudy,Angle,no,no,no,no,no,False
101903099,METROPOLITAN NASHVILLE POLICE DEPT,2018104725,Davidson,Nashville,2/1/2018 7:28:00 AM,3,0,0,36.218790,-86.836980,CLARKSVILLE PKE,,,,110.00,Feet,North,KINGS LN,,,,0.00,N,Not at Intersection, ,Non-Junction,None,,,         ,Wesley,Young,Cloudy,Front to Rear,no,no,no,no,no,False
101903100,METROPOLITAN NASHVILLE POLICE DEPT,20180104931,Davidson,Nashville,2/1/2018 8:28:00 AM,2,0,0,36.084360,-86.647500,MURFREESBORO PKE,,,,269.00,Feet,North,BROOKSBORO PL,,,,0.00,N,Not at Intersection, ,Non-Junction,None,,,         ,Tien,Nguyen,Cloudy,Front to Rear,no,no,no,no,no,False
101903112,METROPOLITAN NASHVILLE POLICE DEPT,20180104818,Davidson,Nashville,2/1/2018 8:02:00 AM,3,2,0,36.171470,-86.601710,OLD HICKORY BLVD,,,,241.00,Feet,North,I40 W EXT RAMP,,,,0.00,N,Not at Intersection,N,Non-Junction,None,,,         ,Michael,Dance,Clear,Front to Rear,no,no,no,no,no,False
101903120,METROPOLITAN NASHVILLE POLICE DEPT,20180104892,Davidson,Nashville,2/1/2018 8:20:00 AM,2,0,0,36.168570,-86.813380,I40 E EXT RAMP,,,,0.00,,,I 40,,,,0.00,Y,Y-Intersection, ,Entrance/Exit Ramp Related,None,,,         ,Jean,McCormack,Clear,Front to Rear,no,no,no,no,no,False
101903123,METROPOLITAN NASHVILLE POLICE DEPT,20180104989,Davidson,Nashville,2/1/2018 9:03:00 AM,2,1,0,36.134440,-86.726910,I24E,,,,732.00,Feet,South,I24 E ENT RAMP,,,,0.00,N,Not at Intersection, ,Entrance/Exit Ramp Related,None,,,         ,Ronald,Bright,Cloudy,Front to Rear,no,no,no,no,no,False
101903131,METROPOLITAN NASHVILLE POLICE DEPT,2018104776,Davidson,Nashville,2/1/2018 7:51:00 AM,3,0,0,36.184670,-86.798590,I65 S ENT RAMP,,,,0.00,,,I 65,,,,0.00,Y,Y-Intersection, ,Intersection,None,,,         ,Wesley,Young,Cloudy,Front to Rear,no,no,no,no,no,False
101903136,METROPOLITAN NASHVILLE POLICE DEPT,20180104956,Davidson,Nashville,2/1/2018 8:39:00 AM,2,0,0,36.183650,-86.610660,OLD HICKORY BLVD,,,,0.00,,,ANDREW JACKSON PKWY,,,,0.00,Y,Four-Way, ,Intersection,None,,,         ,Michael,Dance,Clear,Front to Rear,no,no,no,no,no,False
101903143,METROPOLITAN NASHVILLE POLICE DEPT,2018-0105035,Davidson,Nashville,2/1/2018 9:18:00 AM,2,0,0,36.052290,-86.671180,I 24,,,,0.00,,,,,,,58.60,N,Not at Intersection, ,Non-Junction,None,,,         ,William,Whitworth,Clear,"Sideswipe, Same Direction",no,no,no,no,no,False
101903144,METROPOLITAN NASHVILLE POLICE DEPT,20180104700,Davidson,Not in City Limit,2/1/2018 7:18:00 AM,1,0,0,36.339520,-86.787560,GREER RD,,,,610.00,Feet,North,UNION HILL RD,,,,0.00,N,Not at Intersection, ,Non-Junction,None,,,         ,Cyretha,Frazier,Cloudy,Not Collision with Motor Vehicle in Transport,no,no,no,no,no,False
101903151,METROPOLITAN NASHVILLE POLICE DEPT,20180104954,Davidson,Nashville,2/1/2018 8:45:00 AM,2,0,0,36.154050,-86.757570,I 40,,,,0.00,,,,,,,211.10,N,Not at Intersection, ,,None,,,         ,Michael,Dance,,,no,no,no,no,no,False
101903153,METROPOLITAN NASHVILLE POLICE DEPT,20180105067,Davidson,Nashville,2/1/2018 9:20:00 AM,2,0,0,36.132650,-86.727160,I 24,,,,0.00,,,,,,,52.00,N,Not at Intersection,N,Non-Junction,None,,,         ,Todd,Watson,Clear,Front to Rear,no,no,no,no,no,False
101903154,METROPOLITAN NASHVILLE POLICE DEPT,2018104935,Davidson,Nashville,2/1/2018 8:30:00 AM,2,0,0,36.182720,-86.798740,I65 N EXT RAMP,,,,0.00,,,I 65,,,,0.00,Y,Y-Intersection, ,Non-Junction,None,,,         ,Wesley,Young,Cloudy,"Sideswipe, Same Direction",no,no,no,no,no,False
101903163,METROPOLITAN NASHVILLE POLICE DEPT,20180104992,Davidson,Nashville,2/1/2018 8:59:00 AM,1,1,0,36.174330,-86.690250,BRILEY PKWYS,,,,261.00,Feet,East,BRILEY PKWYN,,,,0.00,N,Not at Intersection,N,Non-Junction,None,,,         ,Lee,Davis,Cloudy,Not Collision with Motor Vehicle in Transport,no,no,no,no,no,False
101903214,METROPOLITAN NASHVILLE POLICE DEPT,20180105201,Davidson,Nashville,2/1/2018 10:11:00 AM,2,0,0,36.172840,-86.765340,MAIN ST,,,,0.00,,,SPRING ST,,,,0.00,Y,Four-Way, ,Intersection,None,,,         ,Russell,Freeman,Cloudy,Angle,no,no,no,no,no,False
101903225,METROPOLITAN NASHVILLE POLICE DEPT,20180105290,Davidson,Nashville,2/1/2018 10:45:00 AM,2,1,0,36.125730,-86.794050,BEECHWOOD AV,,,,0.00,,,BELMONT BLVD,,,,0.00,Y,Four-Way,Y,Intersection,None,,,         ,Riley,Brewer,Cloudy,Front to Rear,no,no,no,no,no,False
101903234,METROPOLITAN NASHVILLE POLICE DEPT,2018-0105394,Davidson,Nashville,2/1/2018 12:00:00 AM,2,0,0,36.136840,-86.797000,18TH AVS,,,,99.00,Feet,North,BELCOURT AV,,,,0.00,N,Not at Intersection,N,Non-Junction,None,,,         ,William,Caillouette,Unknown,"Sideswipe, Opposite Direction",no,no,no,no,yes,False
101903240,METROPOLITAN NASHVILLE POLICE DEPT,20180104835,Davidson,Nashville,2/1/2018 8:00:00 AM,2,0,0,36.082440,-86.646710,MURFREESBORO PKE,,,,100.00,Feet,South,SCOTT VALLEY DR,,,,0.00,N,Not at Intersection, ,Non-Junction,None,,,         ,Joseph,Gawlowski,Clear,Front to Rear,no,no,no,no,no,False
101903253,METROPOLITAN NASHVILLE POLICE DEPT,20180105532,Davidson,Nashville,2/1/2018 12:12:00 PM,2,1,0,36.143580,-86.655030,ELM HILL PKE,,,,0.00,,,MCCRORY CREEK RD,,,,0.00,Y,T-Intersection, ,Intersection,None,,,         ,Michael,Dance,Rain,Front to Rear,no,no,no,no,no,False
101903285,METROPOLITAN NASHVILLE POLICE DEPT,2018-0105362,Davidson,Nashville,2/1/2018 10:50:00 AM,2,0,0,36.126780,-86.711720,MURFREESBORO PKE,,,,186.00,Feet,West,EAST THOMPSON LN,,,,0.00,N,Not at Intersection,N,OtherLocation,None,,,         ,William,Whitworth,Cloudy,Angle,no,no,no,yes,yes,False
101903297,METROPOLITAN NASHVILLE POLICE DEPT,20180105623,Davidson,Nashville,2/1/2018 12:44:00 PM,2,0,0,36.152720,-86.769230,2ND AVS,,,,148.00,Feet,North,LINDSLEY AV,,,,0.00,N,Not at Intersection, ,Non-Junction,None,,,         ,Johnathan,Carlisle,Rain,"Sideswipe, Same Direction",no,no,no,no,no,False
101903314,METROPOLITAN NASHVILLE POLICE DEPT,20180105630,Davidson,Nashville,2/1/2018 12:39:00 PM,2,0,0,36.139600,-86.701090,KAREN DR,,,,0.00,,,DABBS AV,,,,0.00,Y,T-Intersection,N,Intersection,None,,,         ,Michael,Dance,Rain,Angle,no,no,no,no,no,False
101903328,METROPOLITAN NASHVILLE POLICE DEPT,20180105288,Davidson,Not in City Limit,2/1/2018 10:45:00 AM,3,1,0,36.321160,-86.854460,I 24,,,,0.00,,,,,,,35.75,N,Not at Intersection,N,Non-Junction,None,,,         ,Royce,McLester,Cloudy,Front to Rear,no,no,no,no,yes,False
101903349,METROPOLITAN NASHVILLE POLICE DEPT,20180105548,Davidson,Nashville,2/1/2018 12:15:00 PM,2,1,0,36.159400,-86.822010,I 40,,,,0.00,,,,,,,206.05,N,Not at Intersection,Y,Entrance/Exit Ramp Related,None,,,         ,Isaac,Wood,Rain,"Sideswipe, Same Direction",no,no,no,no,no,False