master_record_number,agency,agency_tracking_number,county,city,collision_date,vehicles_involved,number_injured,number_dead,latitude,longitude,roadway_name,roadway_suffix,roadway_number,roadway_local_id,distance_from_reference,miles-feet_indicator,direction_from_reference,intersection_road_name,intersection_road_name_suffix,intersection_road_number,intersection_local_id,mile_marker,intersection_indicator,intersect_type,interchange_related_indicator,relation_to_junction,work_zone_type,construction_maintenance_zone,construction_maintenance_zone_location,fatal_case_number,officer_first_name,officer_last_name,weather_condition(s),manner_of_crash,pedestrian,bicycle,scooter,parking,hitrun,mou
101903734,METROPOLITAN NASHVILLE POLICE DEPT,20180107035,Davidson,Not in City Limit,2/1/2018 8:29:00 PM,1,0,0,36.264350,-86.729090,OLD HICKORY BLVDW,,,,337.00,Feet,East,N MARTHONA RD,,,,0.00,N,Not at Intersection, ,Non-Junction,None,,,         ,Christopher,Littles,Cloudy,Not Collision with Motor Vehicle in Transport,no,no,no,no,no,False
101903738,METROPOLITAN NASHVILLE POLICE DEPT,20180106842,Davidson,Nashville,2/1/2018 7:22:00 PM,2,0,0,36.161020,-86.777200,BROADWAY,,,,0.00,,,4TH AVN,,,,0.00,Y,Four-Way, ,Non-Junction,None,,,         ,Phillip,Box,Cloudy,"Sideswipe, Same Direction",no,no,no,no,no,False
101903749,METROPOLITAN NASHVILLE POLICE DEPT,20180107152,Davidson,Nashville,2/1/2018 8:58:00 PM,2,2,0,36.172590,-86.762800,S 6TH ST,,,,0.00,,,WOODLAND ST,,,,0.00,Y,T-Intersection,N,Intersection,None,,,         ,Richard,Conger,Clear,Angle,no,no,no,no,no,False
101903763,METROPOLITAN NASHVILLE POLICE DEPT,20180106877,Davidson,Nashville,2/1/2018 12:00:00 AM,1,1,0,36.231900,-86.770540,CREEKWOOD DR,,,,320.00,Feet,South,SKYLINE VILLAGE PVTDR,,,,0.00,N,Not at Intersection,N,Non-Junction,None,,,         ,Jason,Dudley,Clear,Not Collision with Motor Vehicle in Transport,no,no,no,no,yes,False
101903767,METROPOLITAN NASHVILLE POLICE DEPT,20180106961,Davidson,OTHER,2/1/2018 7:50:00 PM,1,0,0,36.014960,-86.621350,I 24,,,,0.00,,,,,,,62.50,N,Not at Intersection, ,,None,,,         ,Andrew,Brazee,,,no,no,no,no,no,False
101903768,METROPOLITAN NASHVILLE POLICE DEPT,20180107021,Davidson,OTHER,2/1/2018 7:45:00 PM,1,0,0,36.014960,-86.621350,I 24,,,,0.00,,,,,,,62.50,N,Not at Intersection,N,Non-Junction,None,,,         ,Andrew,Brazee,Snow,Not Collision with Motor Vehicle in Transport,no,no,no,no,no,False
101903769,METROPOLITAN NASHVILLE POLICE DEPT,20180107022,Davidson,OTHER,2/1/2018 7:45:00 PM,1,0,0,36.014960,-86.621350,I 24,,,,0.00,,,,,,,62.50,N,Not at Intersection,N,Non-Junction,None,,,         ,Andrew,Brazee,Snow,Not Collision with Motor Vehicle in Transport,no,no,no,no,no,False
101903782,METROPOLITAN NASHVILLE POLICE DEPT,20180107097,Davidson,Nashville,2/1/2018 8:42:00 PM,2,3,0,36.114930,-86.720040,GLENROSE AV,,,,144.00,Feet,West,EAST THOMPSON LN,,,,0.00,N,Not at Intersection,N,Non-Junction,None,,,         ,Ciarra,Rench,Clear,Angle,no,no,no,no,yes,False
101903794,METROPOLITAN NASHVILLE POLICE DEPT,2018-0107403,Davidson,Nashville,2/1/2018 9:09:00 PM,2,0,0,36.074120,-86.735320,BLACKMAN RD,,,,119.00,Feet,West,OVERCREST DR,,,,0.00,N,Not at Intersection,N,"Driveway, Alley Access, etc",None,,,         ,William,King,Clear,Angle,no,no,no,no,yes,False
101903803,METROPOLITAN NASHVILLE POLICE DEPT,20180107178,Davidson,Nashville,2/1/2018 9:05:00 PM,1,2,0,36.177020,-86.694540,BRILEY PKWYS,,,,1115.00,Feet,North,CRESTLINE DR,,,,0.00,N,Not at Intersection,N,Non-Junction,None,,,         ,Allyson,Reis,Cloudy,Not Collision with Motor Vehicle in Transport,no,no,no,no,no,False
101903807,METROPOLITAN NASHVILLE POLICE DEPT,20180106723,Davidson,Nashville,2/1/2018 6:36:00 PM,3,0,0,36.194220,-86.770490,DOUGLAS AV,,,,155.00,Feet,West,N 2ND ST,,,,0.00,N,Not at Intersection, ,Non-Junction,None,,,         ,Randall,Smith,Rain,Front to Rear,no,no,no,no,no,False
101903817,METROPOLITAN NASHVILLE POLICE DEPT,2018-0107452,Davidson,Nashville,2/1/2018 10:19:00 PM,1,0,0,36.093700,-86.762520,I 65,,,,0.00,,,,,,,78.60,N,Not at Intersection, ,,None,,,         ,Thomas,Miller,,,no,no,no,no,no,False
101903822,METROPOLITAN NASHVILLE POLICE DEPT,20180107619,Davidson,Nashville,2/1/2018 11:18:00 PM,1,0,0,36.148100,-86.867580,CHARLOTTE PKE,,,,54.00,Feet,West,EASTBORO DR,,,,0.00,N,Not at Intersection,N,Non-Junction,None,,,         ,Justin,McCormick,Rain,Not Collision with Motor Vehicle in Transport,no,no,no,no,no,False
101903823,METROPOLITAN NASHVILLE POLICE DEPT,20180107470,Davidson,Nashville,2/1/2018 10:50:00 PM,2,0,0,36.160800,-86.781800,COMMERCE ST,,,,0.00,,,7TH AVN,,,,0.00,Y,Four-Way,N,Intersection-Related,Construction Zone,Work On Shoulder Or Median,Activity Area,         ,John,Anderson,Clear,Front to Rear,no,no,no,no,no,False
101903825,METROPOLITAN NASHVILLE POLICE DEPT,20180107578,Davidson,Nashville,2/1/2018 9:00:00 PM,2,0,0,36.130200,-86.792370,15TH AVS,,,,152.00,Feet,South,COMPTON AV,,,,0.00,N,Not at Intersection,N,Non-Junction,None,,,         ,John,Tyree,Clear,Front to Rear,no,no,no,no,yes,False
101903828,METROPOLITAN NASHVILLE POLICE DEPT,20180107540,Davidson,Nashville,2/1/2018 10:06:00 PM,2,0,0,36.217410,-86.701090,MCGAVOCK PKE,,,,0.00,,,OPRY MILLS DR,,,,0.00,Y,T-Intersection,N,Intersection,None,,,         ,Curtis,Fisher,Clear,Front to Rear,no,no,no,no,no,False
101903837,METROPOLITAN NASHVILLE POLICE DEPT,20180107667,Davidson,Nashville,2/1/2018 11:00:00 PM,2,0,0,36.179070,-86.790780,TAYLOR PL,,,,82.00,Feet,South,5TH AVN,,,,0.00,N,Not at Intersection,N,Non-Junction,None,,,         ,Christopher,Royer,Clear,Front to Rear,no,no,no,yes,yes,False
101903841,METROPOLITAN NASHVILLE POLICE DEPT,20180107598,Davidson,Nashville,2/1/2018 10:55:00 PM,2,0,0,36.044610,-86.659230,I24 E ENT RAMP,,,,0.00,Feet,East,I 24,,,,0.00,N,Not at Intersection,Y,Entrance/Exit Ramp Related,None,,,         ,David,Simmonds,Clear,Rear to Rear,no,no,no,no,yes,False
101903850,METROPOLITAN NASHVILLE POLICE DEPT,20180107510,Davidson,Nashville,2/1/2018 10:43:00 PM,2,1,0,36.149880,-86.762320,CHARLES E DAVIS BLVD,,,,265.00,Feet,North,J C NAPIER CT,,,,0.00,N,Not at Intersection,N,Non-Junction,None,,,         ,Joseph,Patricio,Clear,Angle,no,no,no,no,no,False
101903863,METROPOLITAN NASHVILLE POLICE DEPT,20180107994,Davidson,Nashville,2/2/2018 1:09:00 AM,2,0,0,36.050630,-86.647260,BELL RD,,,,110.00,Feet,West,HICKORY HOLLOW TER,,,,0.00,N,Not at Intersection,N,Non-Junction,None,,,         ,Jefferson,Hughes,Cloudy,"Sideswipe, Same Direction",no,no,no,no,yes,False
101903867,METROPOLITAN NASHVILLE POLICE DEPT,20180107661,Davidson,Nashville,2/1/2018 11:15:00 PM,1,0,0,36.150690,-86.767950,LAFAYETTE ST,,,,0.00,,,2ND AVS,,,,0.00,Y,Four-Way,N,"Driveway, Alley Access, etc",None,,,         ,Joao,Pinho,Clear,Not Collision with Motor Vehicle in Transport,no,no,no,yes,no,False
101903878,METROPOLITAN NASHVILLE POLICE DEPT,20180108249,Davidson,Nashville,2/2/2018 2:35:00 AM,2,0,0,36.209010,-86.776250,I65 S EXT RAMP,,,,0.00,,,I 65,,,,0.00,Y,OTHER,N,Entrance/Exit Ramp Related,None,,,         ,Geoffrey,Daugherty,Clear,Front to Rear,no,no,no,no,no,False
101903900,METROPOLITAN NASHVILLE POLICE DEPT,20180108634,Davidson,Nashville,2/2/2018 5:15:00 AM,1,1,0,36.239960,-86.745290,BRILEY PKWYW,,,,85.00,Feet,North,BRILEY PKWYE,,,,0.00,N,Not at Intersection,N,Non-Junction,None,,,         ,Bryant,Presley,Clear,Not Collision with Motor Vehicle in Transport,no,no,no,no,no,False
101903916,METROPOLITAN NASHVILLE POLICE DEPT,20180108755,Davidson,Nashville,2/2/2018 6:10:00 AM,2,0,0,36.186110,-86.798370,ROSA L PARKS BLVD,,,,0.00,,,I65 S EXT RAMP,,,,0.00,Y,Y-Intersection, ,,None,,,         ,Michael,Baggech,,,no,no,no,no,no,False
101903942,BERRY HILL POLICE DEPT,18-0324,Davidson,Berry Hill,1/30/2018 12:30:00 PM,2,1,0,36.118860,-86.774590,FRANKLIN PKE,,,,0.00,,,BERRY RD,,,,0.00,Y,T-Intersection,Y,Intersection,None,,,         ,Rick,Willliams,Clear,Angle,no,no,no,no,no,False
101903947,METROPOLITAN NASHVILLE POLICE DEPT,20180108676,Davidson,Nashville,2/2/2018 5:40:00 AM,2,2,0,36.210330,-86.905430,STATE HWY 12,,,,2242.00,Feet,West,OLD HYDES FERRY PIKE,,,,0.00,N,Not at Intersection,N,Non-Junction,None,,,         ,Charles,Duke,Clear,Front to Rear,no,no,no,no,no,False
101903966,METROPOLITAN NASHVILLE POLICE DEPT,20180105518,Davidson,Not in City Limit,2/1/2018 12:04:00 PM,2,0,0,36.322510,-86.860310,I 24,,,,0.00,,,,,,,35.40,N,Not at Intersection, ,Non-Junction,None,,,         ,Joshua,McGarvey,Rain,Front to Rear,no,no,no,no,no,False
101904000,METROPOLITAN NASHVILLE POLICE DEPT,20180109000,Davidson,Nashville,2/2/2018 8:20:00 AM,2,0,0,36.191020,-86.798950,ROSA L PARKS BLVD,,,,0.00,,,VANTAGE WAY,,,,0.00,Y,Four-Way,N,Intersection,None,,,         ,Chase,Burnett,Clear,Angle,no,no,no,no,no,False
101904005,METROPOLITAN NASHVILLE POLICE DEPT,20180108982,Davidson,Nashville,2/2/2018 8:15:00 AM,2,0,0,36.181030,-86.800020,I 65,,,,0.00,,,,,,,85.10,N,Not at Intersection,N,Non-Junction,None,,,         ,Patrick,Taylor,Clear,Front to Rear,no,no,no,no,no,False
101904006,METROPOLITAN NASHVILLE POLICE DEPT,20180108939,Davidson,Nashville,2/2/2018 8:00:00 AM,3,0,0,36.162180,-86.819390,28TH AVN,,,,199.00,Feet,North,HERMAN ST,,,,0.00,N,Not at Intersection, ,Non-Junction,None,,,         ,Wesley,Young,Clear,Angle,no,no,no,no,no,False
101904011,METROPOLITAN NASHVILLE POLICE DEPT,20180109094,Davidson,Nashville,2/2/2018 8:58:00 AM,2,0,0,36.142530,-86.735430,I 40,,,,0.00,,,,,,,212.80,N,Not at Intersection, ,Non-Junction,None,,,         ,Ronald,Bright,Clear,Front to Rear,no,no,no,no,no,False
101904027,METROPOLITAN NASHVILLE POLICE DEPT,20180108961,Davidson,Nashville,2/2/2018 8:04:00 AM,3,2,0,36.097320,-86.707500,ANTIOCH PKE,,,,209.00,Feet,West,SPACE PARK SOUTH DR,,,,0.00,N,Not at Intersection,N,"Driveway, Alley Access, etc",None,,,         ,Michael,Dudley,Clear,Front to Rear,no,no,no,no,no,False
101904030,METROPOLITAN NASHVILLE POLICE DEPT,20180108999,Davidson,Nashville,2/2/2018 8:22:00 AM,2,0,0,36.077290,-86.738900,HARDING PL,,,,346.00,Feet,East,BINKLEY DR,,,,0.00,N,Not at Intersection,N,Non-Junction,None,,,         ,Samuel,Miller,Clear,Angle,no,no,no,no,no,False
101904033,METROPOLITAN NASHVILLE POLICE DEPT,20180109175,Davidson,Nashville,2/2/2018 9:00:00 AM,2,0,0,36.214610,-86.604660,LEBANON PKE,,,,0.00,,,SHUTE LN,,,,0.00,Y,T-Intersection, ,Intersection,None,,,         ,William,Mckay,Clear,Front to Rear,no,no,no,no,no,False
101904034,METROPOLITAN NASHVILLE POLICE DEPT,20180109085,Davidson,Nashville,2/2/2018 8:20:00 AM,2,0,0,36.128320,-86.713210,MURFREESBORO PKE,,,,79.00,Feet,North,PHILFRE CT,,,,0.00,N,Not at Intersection, ,Non-Junction,None,,,         ,James,Thomas,Clear,"Sideswipe, Same Direction",no,no,no,no,no,False
101904037,METROPOLITAN NASHVILLE POLICE DEPT,20180109189,Davidson,Nashville,2/2/2018 9:15:00 AM,2,0,0,36.132480,-86.795470,BELMONT BLVD,,,,188.00,Feet,South,PORTLAND AV,,,,0.00,N,Not at Intersection, ,"Driveway, Alley Access, etc",None,,,         ,Michael,McCord,Clear,Angle,no,no,no,no,no,False
101904038,METROPOLITAN NASHVILLE POLICE DEPT,20180109156,Davidson,Nashville,2/2/2018 9:05:00 AM,2,0,0,36.078560,-86.837220,HILLSBORO PKE,,,,50.00,Feet,South,TYNE BLVD,,,,0.00,N,Not at Intersection, ,Non-Junction,None,,,         ,Earl,Davis,Clear,Front to Rear,no,no,no,no,no,False
101904053,METROPOLITAN NASHVILLE POLICE DEPT,20180109023,Davidson,Nashville,2/2/2018 8:31:00 AM,2,0,0,36.168810,-86.755560,S 8TH ST,,,,0.00,,,SYLVAN ST,,,,0.00,Y,Y-Intersection,N,Intersection-Related,None,,,         ,Russell,Freeman,Clear,"Sideswipe, Opposite Direction",no,no,no,no,no,False
101904055,METROPOLITAN NASHVILLE POLICE DEPT,2018-0108922,Davidson,Antioch,2/2/2018 7:53:00 AM,2,3,0,36.041850,-86.591380,POST OAK DR,,,,0.00,,,OLD HICKORY BLVD,,,,0.00,Y,T-Intersection,N,Intersection,None,,,         ,William,Whitworth,Clear,Angle,no,no,no,no,no,False
101904068,METROPOLITAN NASHVILLE POLICE DEPT,20180109168,Davidson,Nashville,2/2/2018 12:00:00 AM,2,0,0,36.178240,-86.747190,FORREST AV,,,,336.00,Feet,East,N 12TH ST,,,,0.00,N,Not at Intersection,N,Non-Junction,None,,,         ,Russell,Freeman,Unknown,Unknown,no,no,no,no,yes,False
101904074,METROPOLITAN NASHVILLE POLICE DEPT,20180109148,Davidson,Nashville,2/2/2018 9:05:00 AM,2,0,0,36.149370,-86.803470,WEST END AV,,,,0.00,,,LOUISE AV,,,,0.00,Y,Four-Way,N,Intersection,None,,,         ,William,Caillouette,Clear,Angle,no,no,no,no,no,Campus
101904076,METROPOLITAN NASHVILLE POLICE DEPT,20180108785,Davidson,Nashville,2/2/2018 5:47:00 AM,2,1,0,36.039970,-86.742810,OLD HICKORY BLVD,,,,196.00,Feet,East,EDMONDSON PKE,,,,0.00,N,Not at Intersection, ,Non-Junction,None,,,         ,Jon,Mcvey,Unknown,"Sideswipe, Same Direction",no,no,no,no,no,False
101904077,METROPOLITAN NASHVILLE POLICE DEPT,20180108867,Davidson,Nashville,2/2/2018 7:30:00 AM,2,0,0,36.154510,-86.815630,CHARLOTTE AV,,,,0.00,,,26TH AVN,,,,0.00,Y,Four-Way,N,Intersection,None,,,         ,Jon,Mcvey,Clear,Angle,no,no,no,no,no,False
101904078,METROPOLITAN NASHVILLE POLICE DEPT,20180109305,Davidson,Nashville,2/2/2018 9:50:00 AM,2,0,0,36.135540,-86.797170,MAGNOLIA BLVD,,,,0.00,,,17TH AVS,,,,0.00,Y,T-Intersection, ,Intersection-Related,None,,,         ,Jon,Mcvey,Clear,Front to Rear,no,no,no,no,no,False
101904080,METROPOLITAN NASHVILLE POLICE DEPT,20180109331,Davidson,Nashville,2/2/2018 9:58:00 AM,2,0,0,36.137940,-86.699890,BRILEY PKWYN,,,,272.00,Feet,North,GLASTONBURY RD,,,,0.00,N,Not at Intersection, ,Non-Junction,None,,,         ,Michael,Dance,Clear,Front to Rear,no,no,no,no,no,False
101904087,METROPOLITAN NASHVILLE POLICE DEPT,20180108988,Davidson,Nashville,2/2/2018 8:17:00 AM,3,0,0,36.153780,-86.757810,I 40,,,,0.00,,,,,,,211.10,N,Not at Intersection,N,Non-Junction,None,,,         ,James,Curtis,Clear,Front to Rear,no,no,no,no,no,False
101904094,METROPOLITAN NASHVILLE POLICE DEPT,20180108814,Davidson,Nashville,2/2/2018 6:28:00 AM,2,0,0,36.248010,-86.720360,GALLATIN PKES,,,,0.00,,,DUE WEST AVW,,,,0.00,Y,Four-Way, ,Intersection,None,,,         ,Cyretha,Frazier,Clear,Angle,no,no,no,no,no,False
101904106,METROPOLITAN NASHVILLE POLICE DEPT,20180109160,Davidson,Nashville,2/2/2018 12:00:00 AM,3,1,0,36.135980,-86.726720,I 24,,,,0.00,,,,,,,52.20,N,Not at Intersection,Y,Non-Junction,None,,,         ,Troy,Loewen,Clear,Front to Rear,no,no,no,no,no,False
101904107,METROPOLITAN NASHVILLE POLICE DEPT,20180109079,Davidson,Nashville,2/2/2018 7:55:00 AM,2,0,0,36.108220,-86.743840,NOLENSVILLE PKE,,,,248.00,Feet,North,TIMMONS ST,,,,0.00,N,Not at Intersection,N,Non-Junction,None,,,         ,Todd,Watson,Clear,Front to Rear,no,no,no,no,no,False
101904114,METROPOLITAN NASHVILLE POLICE DEPT,20180109249,Davidson,Nashville,2/2/2018 12:00:00 AM,2,1,0,36.152960,-86.767700,1ST AVS,,,,0.00,,,LINDSLEY AV,,,,0.00,Y,T-Intersection,N,Non-Junction,None,,,         ,Timothy,Kearney,Clear,"Sideswipe, Opposite Direction",no,no,no,no,no,False
101904124,VANDERBILT UNIVERSITY POLICE,180109518,Davidson,Nashville,2/2/2018 12:00:00 AM,1,0,0,36.140030,-86.801100,PIERCE AVE,,,,0.00,,,,,,,0.00,,, ,,None,,,         ,Stephanie,Reaber,,,no,no,no,no,no,Campus
101904131,VANDERBILT UNIVERSITY POLICE,2018- 0109402,Davidson,Nashville,2/2/2018 10:20:00 AM,2,0,0,36.141600,-86.806690,25TH AVS,,,,0.00,,,,,,,0.00,,Not at Intersection, ,Non-Junction,None,,,         ,Charles,Payton,Clear,"Sideswipe, Same Direction",no,no,no,yes,no,Campus
101904141,VANDERBILT UNIVERSITY POLICE,18-109272,Davidson,Nashville,2/2/2018 9:30:00 AM,1,0,0,36.150490,-86.801230,21ST AVS,,,,0.00,,,WEST END AV,,,,0.00,Y,OTHER, ,,None,,,         ,Sean,Hughes,,,no,no,no,yes,no,Campus
101904148,METROPOLITAN NASHVILLE POLICE DEPT,20180109574,Davidson,Nashville,2/2/2018 11:47:00 AM,2,0,0,36.210560,-86.778390,BRICK CHURCH PKE,,,,972.00,Feet,North,I65 S EXT RAMP,,,,0.00,N,Not at Intersection,N,Non-Junction,None,,,         ,Wesley,Young,Clear,Angle,no,no,no,no,no,False
101904149,METROPOLITAN NASHVILLE POLICE DEPT,20180109607,Davidson,Nashville,2/2/2018 12:00:00 PM,2,0,0,36.141070,-86.661410,I 40,,,,0.00,,,,,,,218.00,N,Not at Intersection, ,Non-Junction,None,,,         ,Michael,Dance,Clear,"Sideswipe, Same Direction",no,no,no,no,no,False
101904154,METROPOLITAN NASHVILLE POLICE DEPT,20180109571,Davidson,Nashville,2/2/2018 12:00:00 AM,2,0,0,36.160390,-86.794460,CHARLOTTE AV,,,,316.00,Feet,East,15TH AVN,,,,0.00,N,Not at Intersection, ,Non-Junction,None,,,         ,Brian,Mclarty,Clear,HeadOn,no,no,no,no,no,False
101904178,METROPOLITAN NASHVILLE POLICE DEPT,20180109578,Davidson,Nashville,2/2/2018 11:50:00 AM,2,0,0,36.160730,-86.777010,4TH AVS,,,,120.00,Feet,South,BROADWAY,,,,0.00,N,Not at Intersection, ,,None,,,         ,James,Thornton,,,no,no,no,no,no,False
101904194,METROPOLITAN NASHVILLE POLICE DEPT,20180109533,Davidson,Nashville,2/2/2018 11:27:00 AM,3,0,0,36.198850,-86.776450,I 65,,,,0.00,,,,,,,86.80,N,Not at Intersection,N,Non-Junction,None,,,         ,Royce,McLester,Clear,Front to Rear,no,no,no,no,no,False
101904202,METROPOLITAN NASHVILLE POLICE DEPT,20180109565,Davidson,Antioch,2/2/2018 12:00:00 AM,2,0,0,36.030320,-86.612570,OLD HICKORY BLVD,,,,34.00,Feet,North,LOGISTICS WAY,,,,0.00,N,Not at Intersection,N,Non-Junction,None,,,         ,Joseph,Gawlowski,Clear,Front to Rear,no,no,no,no,no,False
101904234,METROPOLITAN NASHVILLE POLICE DEPT,20180109774,Davidson,Nashville,2/2/2018 12:39:00 PM,1,0,0,36.170080,-86.596920,I 40,,,,0.00,,,,,,,221.05,N,Not at Intersection, ,Non-Junction,None,,,         ,Tien,Nguyen,Clear,Not Collision with Motor Vehicle in Transport,no,no,no,no,no,False
101904237,METROPOLITAN NASHVILLE POLICE DEPT,20180109752,Davidson,Nashville,2/2/2018 12:00:00 AM,2,0,0,36.154940,-86.782060,10TH AVS,,,,0.00,,,CLARK PL,,,,0.00,Y,OTHER, ,,Construction Zone,,,         ,Trevor,Taylor,,,no,no,no,no,no,False
101904263,METROPOLITAN NASHVILLE POLICE DEPT,20180109814,Davidson,Nashville,2/2/2018 1:16:00 PM,1,0,0,36.160770,-86.621390,I 40,,,,0.00,,,,,,,219.55,N,Not at Intersection, ,,None,,,         ,James,Curtis,,,no,no,no,no,no,False
101904267,GOODLETTSVILLE POLICE DEPT,18-04006,Davidson,Goodlettsville,1/30/2018 3:31:00 PM,3,0,0,36.297360,-86.714020,I 65,,,,0.00,,,,,,,94.90,N,Not at Intersection,N,Non-Junction,None,,,         ,John,Spencer,Clear,Front to Rear,no,no,no,no,yes,False
101904271,METROPOLITAN NASHVILLE POLICE DEPT,20180109654,Davidson,Nashville,2/2/2018 12:21:00 PM,2,0,0,36.169320,-86.779410,GAY ST,,,,82.00,Feet,East,2ND AVN,,,,0.00,N,Not at Intersection,N,Non-Junction,None,,,         ,William,Waters,Clear,"Sideswipe, Same Direction",no,no,no,no,no,False
101904282,METROPOLITAN NASHVILLE POLICE DEPT,20180109875,Davidson,Not in City Limit,2/2/2018 1:44:00 PM,2,0,0,36.077320,-86.946690,HIGHWAY 70S,,,,138.00,Feet,East,BELLEVUE CTR PVTDR,,,,0.00,N,Not at Intersection, ,Non-Junction,None,,,         ,Curtis,Rich,Clear,Angle,no,no,no,no,no,False
101904296,METROPOLITAN NASHVILLE POLICE DEPT,20180109824,Davidson,Nashville,2/2/2018 1:10:00 PM,2,0,0,36.107800,-86.812670,HILLSBORO PKE,,,,0.00,,,GREEN HILLS VILLAGE DR,,,,0.00,Y,Four-Way, ,Intersection,None,,,         ,Trevor,Walace,Clear,Front to Rear,no,no,no,no,no,False
101904309,METROPOLITAN NASHVILLE POLICE DEPT,20180109505,Davidson,Nashville,2/2/2018 11:14:00 AM,2,1,0,36.052050,-86.644340,EAGLE VIEW BLVD,,,,178.00,Feet,East,BELL RD,,,,0.00,N,Not at Intersection,N,Non-Junction,None,,,         ,Jessie,Meadows,Clear,Rear to Side,no,no,no,yes,no,False
101904310,METROPOLITAN NASHVILLE POLICE DEPT,20180109761,Davidson,Nashville,2/2/2018 1:10:00 PM,2,0,0,36.083860,-86.705150,LARGO DR,,,,175.00,Feet,East,LINBAR DR,,,,0.00,N,Not at Intersection, ,Non-Junction,None,,,         ,Jessie,Meadows,Clear,Angle,no,no,no,yes,no,False
101904315,METROPOLITAN NASHVILLE POLICE DEPT,20180109819,Davidson,Nashville,2/2/2018 1:25:00 PM,2,0,0,36.079600,-86.726320,NOLENSVILLE PKE,,,,0.00,,,HARDING PL,,,,0.00,Y,Four-Way, ,Intersection-Related,None,,,         ,Jon,Mcvey,Clear,Front to Rear,no,no,no,no,no,False
101904348,METROPOLITAN NASHVILLE POLICE DEPT,20180109662,Davidson,Not in City Limit,2/2/2018 11:15:00 AM,2,0,0,36.278750,-86.709090,GALLATIN PKEN,,,,230.00,Feet,South,ONE MILE PKWY,,,,0.00,N,Not at Intersection, ,Non-Junction,None,,,         ,Cyretha,Frazier,Clear,Angle,no,no,no,no,no,False
101904361,METROPOLITAN NASHVILLE POLICE DEPT,20180109897,Davidson,Nashville,2/2/2018 1:55:00 PM,2,0,0,36.152980,-86.787600,I 40,,,,0.00,,,,,,,209.35,N,Not at Intersection,Y,Entrance/Exit Ramp Related,None,,,         ,Earl,Davis,Clear,"Sideswipe, Same Direction",no,no,no,no,no,False
101904369,METROPOLITAN NASHVILLE POLICE DEPT,2018-0109700,Davidson,Nashville,2/2/2018 12:35:00 PM,1,3,0,36.039640,-86.699200,OLD HICKORY BLVD,,,,406.00,Feet,South,GREEN TIMBERS DR,,,,0.00,N,Not at Intersection,N,Non-Junction,None,,,         ,William,Whitworth,Clear,Not Collision with Motor Vehicle in Transport,no,no,no,no,no,False
101904398,METROPOLITAN NASHVILLE POLICE DEPT,20180109768,Davidson,Nashville,2/2/2018 12:54:00 PM,3,0,0,36.109690,-86.671460,KNAPP BLVD,,,,0.00,,,DONELSON PKE,,,,0.00,Y,Four-Way,N,Intersection,None,,,         ,Terry,Denton,Clear,Front to Rear,no,no,no,no,yes,False
101904537,METROPOLITAN NASHVILLE POLICE DEPT,20180110178,Davidson,Nashville,2/2/2018 3:37:00 PM,2,0,0,36.078240,-86.695390,I 24,,,,0.00,,,,,,,56.30,N,Not at Intersection, ,Non-Junction,None,,,         ,Ciarra,Rench,Clear,"Sideswipe, Same Direction",no,no,no,no,no,False
101904546,METROPOLITAN NASHVILLE POLICE DEPT,20180110082,Davidson,Nashville,2/2/2018 3:13:00 PM,2,1,0,36.122090,-86.807160,I440 E ENT RAMP,,,,0.00,,,I 440,,,,0.00,Y,OTHER,Y,Intersection-Related,None,,,         ,Andrew,McCarron,Clear,HeadOn,no,no,no,no,no,False
101904547,BERRY HILL POLICE DEPT,18-0358,Davidson,Nashville,2/1/2018 12:00:00 AM,2,0,0,36.111160,-86.771100,I 65,,,,0.00,,,,,,,79.85,N,Not at Intersection,N,Non-Junction,None,,,         ,John,Gleixner,Rain,Front to Rear,no,no,no,no,no,False
101904548,BERRY HILL POLICE DEPT,18-0359,Davidson,Nashville,2/1/2018 12:00:00 AM,2,0,0,36.111070,-86.747590,THOMPSON LN,,,,68.00,Feet,West,LOUISE DR,,,,0.00,N,Not at Intersection,N,Non-Junction,None,,,         ,John,Gleixner,Cloudy,Angle,no,no,no,no,no,False
101904549,METROPOLITAN NASHVILLE POLICE DEPT,20180110079,Davidson,Nashville,2/2/2018 3:15:00 PM,2,1,0,36.184470,-86.756090,CLEVELAND ST,,,,107.00,Feet,West,HART AV,,,,0.00,N,Not at Intersection,N,Non-Junction,None,,,         ,Cody,Jaworski,Clear,"Sideswipe, Same Direction",no,no,no,no,no,False
101904555,GOODLETTSVILLE POLICE DEPT,18-04416,Davidson,Goodlettsville,2/2/2018 3:34:00 PM,2,1,0,36.305660,-86.703030,MEADOW LARK LN,,,,0.00,,,RIVERGATE DR,,,,0.00,Y,Four-Way,N,Intersection,None,,,         ,Hannah,Poole,Clear,Front to Rear,no,no,no,no,no,False
101904556,METROPOLITAN NASHVILLE POLICE DEPT,20180110205,Davidson,Nashville,2/2/2018 3:43:00 PM,2,0,0,36.074480,-86.920940,OLD HICKORY BLVD,,,,0.00,,,HIGHWAY 70S,,,,0.00,Y,Four-Way,N,Intersection-Related,None,,,         ,Brandon,Pedigo,Clear,"Sideswipe, Same Direction",no,no,no,no,yes,False
101904568,METROPOLITAN NASHVILLE POLICE DEPT,20180110207,Davidson,Nashville,2/2/2018 3:57:00 PM,2,3,0,36.110690,-86.785330,WOODMONT BLVD,,,,474.00,Feet,South,GENERAL BATE DR,,,,0.00,N,Not at Intersection,N,Non-Junction,None,,,         ,FELIKS,ABRAHAMYAN,Clear,Front to Rear,no,no,no,no,no,False