master_record_number,agency,agency_tracking_number,county,city,collision_date,vehicles_involved,number_injured,number_dead,latitude,longitude,roadway_name,roadway_suffix,roadway_number,roadway_local_id,distance_from_reference,miles-feet_indicator,direction_from_reference,intersection_road_name,intersection_road_name_suffix,intersection_road_number,intersection_local_id,mile_marker,intersection_indicator,intersect_type,interchange_related_indicator,relation_to_junction,work_zone_type,construction_maintenance_zone,construction_maintenance_zone_location,fatal_case_number,officer_first_name,officer_last_name,weather_condition(s),manner_of_crash,pedestrian,bicycle,scooter,parking,hitrun,mou
101905568,METROPOLITAN NASHVILLE POLICE DEPT,20180112986,Davidson,Nashville,2/3/2018 12:00:00 PM,2,0,0,36.089830,-86.728180,SAM BONEY DR,,,,999.00,Feet,West,CANTERBURY HALL CONDOS PVTDR,,,,0.00,N,Not at Intersection, ,OtherLocation,None,,,         ,James,Thomas,Clear,Rear to Rear,no,no,no,yes,no,False
101905569,METROPOLITAN NASHVILLE POLICE DEPT,20180113010,Davidson,Nashville,2/3/2018 1:10:00 PM,2,0,0,36.215120,-86.597670,LEBANON PKE,,,,0.00,,,ANDREW JACKSON PKWY,,,,0.00,Y,Four-Way, ,Intersection-Related,None,,,         ,William,Mckay,Clear,Angle,no,no,no,no,no,False
101905592,METROPOLITAN NASHVILLE POLICE DEPT,20180112993,Davidson,Nashville,2/3/2018 12:40:00 PM,2,0,0,36.130970,-86.867540,HILLWOOD BLVD,,,,70.00,Feet,West,VINE RIDGE DR,,,,0.00,N,Not at Intersection, ,Non-Junction,None,,,         ,Terrence,Bradley,Clear,Angle,no,no,no,no,no,False
101905596,METROPOLITAN NASHVILLE POLICE DEPT,20180112934,Davidson,Nashville,2/3/2018 12:30:00 PM,1,2,0,36.054700,-86.652780,RURAL HILL RD,,,,902.00,Feet,North,WILLOW POINTE PVTDR,,,,0.00,N,Not at Intersection,N,Non-Junction,None,,,         ,Roderic,Williams,Clear,Not Collision with Motor Vehicle in Transport,no,no,no,no,no,False
101905599,METROPOLITAN NASHVILLE POLICE DEPT,20180112974,Davidson,Nashville,2/3/2018 1:00:00 PM,2,1,0,36.183700,-86.747350,EASTLAND AV,,,,183.00,Feet,West,N 12TH ST,,,,0.00,N,Not at Intersection,N,"Driveway, Alley Access, etc",None,,,         ,Joshua,Baker,Clear,Front to Rear,no,no,no,no,no,False
101905612,GOODLETTSVILLE POLICE DEPT,18-04418,Davidson,Goodlettsville,2/2/2018 3:45:00 PM,2,0,0,36.317030,-86.701870,I 65,,,,0.00,,,,,,,96.50,N,Not at Intersection, ,Non-Junction,None,,,         ,John,Spencer,Clear,Front to Rear,no,no,no,no,no,False
101905624,METROPOLITAN NASHVILLE POLICE DEPT,20180113056,Davidson,Nashville,2/3/2018 2:15:00 PM,2,1,0,36.149850,-86.800750,21ST AVS,,,,155.00,Feet,North,TERRACE PL,,,,0.00,N,Not at Intersection,N,Non-Junction,None,,,         ,William,Caillouette,Clear,Front to Rear,no,no,no,no,no,Campus
101905638,METROPOLITAN NASHVILLE POLICE DEPT,2018-0113059,Davidson,Nashville,2/3/2018 2:15:00 PM,2,1,0,36.113050,-86.800030,WOODMONT BLVD,,,,0.00,,,BELMONT BLVD,,,,0.00,Y,Four-Way,Y,Intersection,None,,,         ,Timothy,Edwards,Clear,Front to Rear,no,no,no,no,no,False
101905755,METROPOLITAN NASHVILLE POLICE DEPT,20180113087,Davidson,Nashville,2/3/2018 2:49:00 PM,2,0,0,36.091360,-86.828500,HARDING PL,,,,1.00,Feet,East,HILLSBORO PKE,,,,0.00,N,Not at Intersection, ,,None,,,         ,Michael,Lynch,,,no,no,no,no,no,False
101905758,METROPOLITAN NASHVILLE POLICE DEPT,20180113178,Davidson,Nashville,2/3/2018 3:25:00 PM,2,0,0,36.169630,-86.679850,MCGAVOCK PKE,,,,100.00,Feet,North,LEBANON PKE,,,,0.00,N,Not at Intersection, ,Non-Junction,None,,,         ,Allyson,Reis,Clear,Angle,no,no,no,no,no,False
101905762,METROPOLITAN NASHVILLE POLICE DEPT,20180113134,Davidson,Nashville,2/3/2018 3:05:00 PM,2,0,0,36.138970,-86.882430,CHARLOTTE PKE,,,,552.00,Feet,West,HILLWOOD BLVD,,,,0.00,N,Not at Intersection,N,Non-Junction,None,,,         ,John,Hoesli,Cloudy,Angle,no,no,no,yes,yes,False
101905805,METROPOLITAN NASHVILLE POLICE DEPT,20180113287,Davidson,Not in City Limit,2/3/2018 3:48:00 PM,2,0,0,36.264740,-86.711330,GALLATIN PKEN,,,,174.00,Feet,North,OLD TIME VILLAGE PVTDR,,,,0.00,N,Not at Intersection, ,Non-Junction,None,,,         ,Kevin,Crawford,Cloudy,Angle,no,no,no,no,no,False
101905810,METROPOLITAN NASHVILLE POLICE DEPT,20180113321,Davidson,Nashville,2/3/2018 2:29:00 PM,2,0,0,36.040670,-86.771830,OLD HICKORY BLVD,,,,225.00,Feet,West,SEVEN SPRINGS WAY PVTDR,,,,0.00,N,Not at Intersection, ,Non-Junction,None,,,         ,Jed,Baldoni,Clear,Angle,no,no,no,no,no,False
101905858,METROPOLITAN NASHVILLE POLICE DEPT,20180113468,Davidson,Nashville,2/3/2018 5:10:00 PM,1,0,0,36.078730,-86.633360,BELL RD,,,,327.00,Feet,West,EDGE O LAKE DR,,,,0.00,N,Not at Intersection,N,Non-Junction,None,,,         ,Cheri,Cox,Clear,Not Collision with Motor Vehicle in Transport,no,no,no,no,no,False
101905859,METROPOLITAN NASHVILLE POLICE DEPT,20180113459,Davidson,Nashville,2/3/2018 5:30:00 PM,2,2,0,36.215160,-86.730030,GALLATIN PKE,,,,284.00,Feet,North,STRATFORD AV,,,,0.00,N,Not at Intersection,N,Non-Junction,None,,,         ,Hunter,Fikes,Clear,Angle,no,no,no,no,no,False
101905862,METROPOLITAN NASHVILLE POLICE DEPT,20180113517,Davidson,Nashville,2/3/2018 5:49:00 PM,2,0,0,36.159900,-86.773860,2ND AVS,,,,0.00,,,DEMONBREUN ST,,,,0.00,Y,T-Intersection,N,Non-Junction,None,,,         ,Kevin,Johnson,Clear,Angle,no,no,no,no,no,False
101905865,METROPOLITAN NASHVILLE POLICE DEPT,20180113582,Davidson,Nashville,2/3/2018 6:55:00 PM,2,0,0,36.104690,-86.814710,HILLSBORO PKE,,,,50.00,Feet,South,RICHARD JONES RD,,,,0.00,N,Not at Intersection, ,Non-Junction,None,,,         ,Michael,Lynch,Clear,Angle,no,no,no,yes,yes,False
101905866,METROPOLITAN NASHVILLE POLICE DEPT,20180113513,Davidson,Nashville,2/3/2018 5:50:00 PM,2,3,0,36.035500,-86.643890,I 24,,,,0.00,,,,,,,60.50,N,Not at Intersection,N,Non-Junction,None,,,         ,Ian,Swander,Cloudy,Front to Rear,no,no,no,no,yes,False
101905913,METROPOLITAN NASHVILLE POLICE DEPT,20180113491,Davidson,Nashville,2/3/2018 5:46:00 PM,1,0,0,36.174650,-86.760630,MAIN ST,,,,596.00,Feet,West,N 8TH ST,,,,0.00,N,Not at Intersection,N,OtherLocation,None,,,         ,Randall,Smith,Clear,Not Collision with Motor Vehicle in Transport,no,no,no,yes,no,False
101905936,METROPOLITAN NASHVILLE POLICE DEPT,20180113732,Davidson,Nashville,2/3/2018 12:00:00 AM,2,0,0,36.191860,-86.762200,N 5TH ST,,,,215.00,Feet,South,RICHARDSON AV,,,,0.00,N,Not at Intersection,N,Non-Junction,None,,,         ,Ethan,Usherwood,Clear,Angle,no,no,no,no,yes,False
101905950,GOODLETTSVILLE POLICE DEPT,18-04497,Davidson,Goodlettsville,2/3/2018 1:55:00 AM,1,1,0,36.304600,-86.704410,RIVERGATE PKWY PVTDR,,,,311.00,Feet,East,MEADOW LARK LN,,,,0.00,N,Not at Intersection,N,Non-Junction,None,,,         ,Jeffery,Hunter,Clear,Not Collision with Motor Vehicle in Transport,no,no,no,yes,no,False
101905952,METROPOLITAN NASHVILLE POLICE DEPT,20180113309,Davidson,Nashville,2/3/2018 4:20:00 PM,2,1,0,36.058960,-86.678520,I 24,,,,0.00,,,,,,,58.00,N,Not at Intersection,N,Non-Junction,None,,,         ,Jedidayah,Merriweather,Cloudy,Front to Rear,no,no,no,no,no,False
101905970,METROPOLITAN NASHVILLE POLICE DEPT,20180113729,Davidson,Nashville,2/3/2018 7:00:00 PM,2,0,0,36.168680,-86.666910,LEBANON PKE,,,,0.00,,,J B ESTILLE DR,,,,0.00,Y,Four-Way, ,Intersection,None,,,         ,Allyson,Reis,Clear,Angle,no,no,no,no,no,False
101905971,METROPOLITAN NASHVILLE POLICE DEPT,20180113581,Davidson,Nashville,2/3/2018 6:24:00 PM,2,2,0,36.078210,-86.695100,I 24,,,,0.00,,,,,,,56.35,N,Not at Intersection,N,Non-Junction,None,,,         ,Patrick,Martin,Clear,Angle,no,no,no,no,no,False
101905988,METROPOLITAN NASHVILLE POLICE DEPT,20180113943,Davidson,Nashville,2/3/2018 7:45:00 PM,2,0,0,36.157060,-86.648370,CLOVERWOOD DR,,,,259.00,Feet,West,PHILWOOD DR,,,,0.00,N,Not at Intersection,N,Non-Junction,None,,,         ,Tyler,Maupin,Clear,HeadOn,no,no,no,no,yes,False
101905995,METROPOLITAN NASHVILLE POLICE DEPT,2018-0113574,Davidson,Nashville,2/3/2018 6:23:00 PM,3,5,0,36.171960,-86.591670,CENTRAL PKE,,,,0.00,,,VALLEY GROVE DR,,,,0.00,Y,T-Intersection,N,Intersection-Related,None,,,         ,Sandra,Talavera,Clear,Front to Rear,no,no,no,no,no,False
101906005,METROPOLITAN NASHVILLE POLICE DEPT,2018-0113691,Davidson,Nashville,2/3/2018 6:11:00 PM,2,0,0,36.081990,-86.727060,NOLENSVILLE PKE,,,,231.00,Feet,South,WELSHWOOD DR,,,,0.00,N,Not at Intersection,N,Non-Junction,None,,,         ,Brandon,Hughes,Cloudy,HeadOn,no,no,no,no,no,False
101906012,METROPOLITAN NASHVILLE POLICE DEPT,20180113967,Davidson,Nashville,2/3/2018 9:01:00 PM,2,0,0,36.155570,-86.765840,ACADEMY PL,,,,97.00,Feet,East,HERMITAGE AV,,,,0.00,N,Not at Intersection, ,Non-Junction,None,,,         ,Kevin,Johnson,Clear,HeadOn,no,no,no,no,no,False
101906048,METROPOLITAN NASHVILLE POLICE DEPT,20180114021,Davidson,Nashville,2/3/2018 9:22:00 PM,2,0,0,36.231250,-86.724930,HAYSBORO AV,,,,0.00,Feet,East,GALLATIN PKE,,,,0.00,N,Not at Intersection, ,Non-Junction,None,,,         ,Cody,Jaworski,Clear,Angle,no,no,no,no,no,False
101906060,METROPOLITAN NASHVILLE POLICE DEPT,20180113978,Davidson,Nashville,2/3/2018 12:00:00 AM,1,0,0,36.180110,-86.807900,14TH AVN,,,,0.00,,,BUCHANAN ST,,,,0.00,Y,T-Intersection,N,Non-Junction,None,,,         ,Russell,Jones,Cloudy,Not Collision with Motor Vehicle in Transport,no,no,no,no,no,False
101906093,METROPOLITAN NASHVILLE POLICE DEPT,20180111793,Davidson,Nashville,2/3/2018 12:42:00 AM,2,2,0,36.110940,-86.745220,THOMPSON LN,,,,0.00,,,NOLENSVILLE PKE,,,,0.00,Y,Four-Way,N,Intersection,None,,,         ,Jessie,Loy,Clear,Angle,no,no,no,no,no,False
101906096,METROPOLITAN NASHVILLE POLICE DEPT,20180114243,Davidson,Goodlettsville,2/3/2018 12:00:00 AM,1,0,0,36.286690,-86.731230,W CAMPBELL RD,,,,861.00,Feet,North,CUNNIFF PKWY,,,,0.00,N,Not at Intersection, ,Non-Junction,None,,,         ,David,Williford,Cloudy,Not Collision with Motor Vehicle in Transport,no,no,no,no,no,False
101906111,METROPOLITAN NASHVILLE POLICE DEPT,20180114248,Davidson,Madison,2/3/2018 9:15:00 PM,1,0,0,36.257960,-86.689000,FARRIS AV,,,,0.00,,,,,,,0.00,,,N,"Driveway, Alley Access, etc",None,,,         ,Coleman,McKellar,Cloudy,Not Collision with Motor Vehicle in Transport,no,no,no,yes,yes,False
101906126,METROPOLITAN NASHVILLE POLICE DEPT,20180114415,Davidson,Nashville,2/4/2018 12:25:00 AM,1,0,0,36.070180,-86.700320,HAYWOOD LN,,,,131.00,Feet,East,WEST VALLEY DR,,,,0.00,N,Not at Intersection,N,Non-Junction,None,,,         ,Brenda,Navarro,Rain,Not Collision with Motor Vehicle in Transport,no,no,no,no,yes,False
101906128,METROPOLITAN NASHVILLE POLICE DEPT,20180114109,Davidson,Antioch,2/3/2018 9:13:00 PM,2,0,0,36.049260,-86.600010,HOBSON PKE,,,,21.00,Feet,South,PIN HOOK RD,,,,0.00,N,Not at Intersection,N,Non-Junction,None,,,         ,Nakia,Reid,Rain,Front to Rear,no,no,no,no,no,False
101906133,METROPOLITAN NASHVILLE POLICE DEPT,20180114194,Davidson,Nashville,2/3/2018 10:06:00 PM,2,0,0,36.236020,-86.707280,BRILEY PKWYW,,,,684.00,Feet,West,BRILEY PKWYE,,,,0.00,N,Not at Intersection,N,Non-Junction,None,,,         ,Joseph,Patricio,Rain,"Sideswipe, Same Direction",no,no,no,no,yes,False
101906155,METROPOLITAN NASHVILLE POLICE DEPT,20180114267,Davidson,Antioch,2/3/2018 11:20:00 PM,2,1,0,36.049310,-86.600000,HOBSON PKE,,,,0.00,,,PIN HOOK RD,,,,0.00,Y,Four-Way,N,Intersection,None,,,         ,Shelby,Hughes,Rain,Angle,no,no,no,no,no,False
101906157,GOODLETTSVILLE POLICE DEPT,18-04599,Davidson,Goodlettsville,2/3/2018 11:29:00 PM,1,0,0,36.304006,-86.702353,RIVERGATE PARKWAY,,,,0.00,Feet,,MALL ACCESS ROAD,,,,0.00,Y,OTHER,N,Intersection,None,,,         ,Jeffery,Hunter,Rain,Not Collision with Motor Vehicle in Transport,no,no,no,no,no,False
101906158,GOODLETTSVILLE POLICE DEPT,18-04616,Davidson,Goodlettsville,2/4/2018 1:32:00 AM,1,0,0,36.325970,-86.705650,E CEDAR ST,,,,507.00,Feet,East,E CEDAR ST,,,,0.00,N,Not at Intersection,N,Non-Junction,None,,,         ,Jeffery,Hunter,Rain,Not Collision with Motor Vehicle in Transport,no,no,no,no,no,False
101906159,METROPOLITAN NASHVILLE POLICE DEPT,20180114502,Davidson,Nashville,2/4/2018 1:20:00 AM,2,0,0,36.149590,-86.797290,DIVISION ST,,,,200.00,Feet,West,LYLE AV,,,,0.00,N,Not at Intersection,N,Non-Junction,None,,,         ,Jonathan,Hadley,Rain,Angle,no,no,no,no,yes,False
101906161,METROPOLITAN NASHVILLE POLICE DEPT,20180114504,Davidson,Nashville,2/4/2018 1:24:00 AM,2,1,0,36.123840,-86.826560,WOODLAWN DR,,,,0.00,,,BOWLING AV,,,,0.00,Y,Four-Way,Y,Intersection,None,,,         ,Kenneth,Bray,Rain,Angle,no,no,no,no,no,False
101906163,METROPOLITAN NASHVILLE POLICE DEPT,20180114668,Davidson,Nashville,2/4/2018 2:39:00 AM,1,0,0,36.144600,-86.776920,I 65,,,,0.00,,,,,,,82.10,N,Not at Intersection, ,Non-Junction,None,,,         ,Christian,Martin,Rain,Not Collision with Motor Vehicle in Transport,no,no,no,no,no,False
101906164,METROPOLITAN NASHVILLE POLICE DEPT,20180114593,Davidson,Nashville,2/4/2018 2:00:00 AM,2,0,0,36.149570,-86.797320,DIVISION ST,,,,207.00,Feet,East,BROADWAY,,,,0.00,N,Not at Intersection, ,Non-Junction,None,,,         ,Conor,Cronin,Rain,"Sideswipe, Same Direction",no,no,no,no,no,False
101906173,METROPOLITAN NASHVILLE POLICE DEPT,20180114374,Davidson,Nashville,2/3/2018 12:00:00 AM,1,0,0,36.072430,-86.809780,GRANNY WHITE PKE,,,,797.00,Feet,West,TRAVELERS RIDGE DR,,,,0.00,N,Not at Intersection,N,Non-Junction,None,,,         ,Courtney,Hester,Rain,Not Collision with Motor Vehicle in Transport,no,no,no,no,no,False
101906183,METROPOLITAN NASHVILLE POLICE DEPT,20180114596,Davidson,Nashville,2/4/2018 2:06:00 AM,3,1,0,36.086910,-86.648680,UNA ANTIOCH PKE,,,,0.00,,,NASHBORO BLVD,,,,0.00,Y,Four-Way,N,Intersection,None,,,         ,Ralph,Smith IV,Rain,Front to Rear,no,no,no,no,no,False
101906193,METROPOLITAN NASHVILLE POLICE DEPT,20180114529,Davidson,Nashville,2/4/2018 1:30:00 AM,1,0,0,36.121190,-86.627510,WOODLAND POINTE DR,,,,56.00,Feet,East,BUCK RUN DR,,,,0.00,N,Not at Intersection,N,Non-Junction,None,,,         ,Jacob,West,Rain,Not Collision with Motor Vehicle in Transport,no,no,no,no,yes,False
101906220,METROPOLITAN NASHVILLE POLICE DEPT,20180114485,Davidson,Nashville,2/4/2018 12:00:00 AM,2,0,0,36.160750,-86.777830,BROADWAY,,,,0.00,,,,,,,0.00,,,N,Non-Junction,None,,,         ,Daniel,Russett,Rain,"Sideswipe, Opposite Direction",no,no,no,no,no,False
101906223,METROPOLITAN NASHVILLE POLICE DEPT,20180114877,Davidson,Nashville,2/4/2018 4:40:00 AM,1,0,0,36.188190,-86.798500,ROSA L PARKS BLVD,,,,98.00,Feet,North,DOMINICAN DR,,,,0.00,N,Not at Intersection, ,Non-Junction,None,,,         ,Christopher,Royer,Rain,Not Collision with Motor Vehicle in Transport,no,no,no,no,no,False
101906234,METROPOLITAN NASHVILLE POLICE DEPT,20180114825,Davidson,Nashville,2/4/2018 2:32:00 AM,2,0,0,36.145430,-86.640400,WAGGONER DR,,,,129.00,Feet,East,PATIO DR,,,,0.00,N,Not at Intersection,N,Non-Junction,None,,,         ,Jacob,West,Rain,Front to Rear,no,no,no,no,yes,False
101906243,METROPOLITAN NASHVILLE POLICE DEPT,20180114881,Davidson,Nashville,2/4/2018 12:00:00 AM,1,0,0,36.082040,-86.727080,NOLENSVILLE PKE,,,,212.00,Feet,South,WELSHWOOD DR,,,,0.00,N,Not at Intersection, ,Non-Junction,None,,,         ,Brandon,Rardin,Rain,Unknown,no,no,no,no,yes,False
101906244,METROPOLITAN NASHVILLE POLICE DEPT,20180114818,Davidson,Nashville,2/4/2018 4:25:00 AM,2,0,0,36.079500,-86.717220,WALLACE RD,,,,173.00,Feet,West,FOLEY DR,,,,0.00,N,Not at Intersection,N,Non-Junction,None,,,         ,Derrick,Toney,Rain,Angle,no,no,no,no,yes,False
101906245,METROPOLITAN NASHVILLE POLICE DEPT,20180114612,Davidson,Nashville,2/4/2018 2:14:00 AM,2,2,0,36.045200,-86.700140,BELL RD,,,,455.00,Feet,East,OLD HICKORY BLVD,,,,0.00,N,Not at Intersection,N,Non-Junction,None,,,         ,Autumn,Manning,Rain,"Sideswipe, Opposite Direction",no,no,no,no,yes,False
101906248,METROPOLITAN NASHVILLE POLICE DEPT,20180114811,Davidson,Not in City Limit,2/4/2018 4:29:00 AM,1,1,0,36.064130,-86.954640,MORTON MILL RD,,,,0.00,,East,MORTON MILL CIR,,,,0.00,N,Not at Intersection,N,Non-Junction,None,,,         ,Joanna,D'Agostino,Rain,Not Collision with Motor Vehicle in Transport,no,no,no,no,no,False
101906250,METROPOLITAN NASHVILLE POLICE DEPT,20180114890,Davidson,Nashville,2/4/2018 5:15:00 AM,2,0,0,36.078670,-86.661570,PICCADILLY ROW,,,,704.00,Feet,East,PICCADILLY SAC,,,,0.00,N,Not at Intersection,N,Non-Junction,None,,,         ,Dale,Dameron,Rain,Front to Rear,no,no,no,no,yes,False
101906253,METROPOLITAN NASHVILLE POLICE DEPT,20180114913,Davidson,Madison,2/4/2018 4:45:00 AM,1,0,0,36.266470,-86.681100,RIO VISTA DR,,,,285.00,Feet,North,N DUPONT AV,,,,0.00,N,Not at Intersection,N,Non-Junction,None,,,         ,Coleman,McKellar,Rain,Not Collision with Motor Vehicle in Transport,no,no,no,no,yes,False
101906256,VANDERBILT UNIVERSITY POLICE,2018-0114743,Davidson,Nashville,2/4/2018 3:29:00 AM,2,1,0,36.139170,-86.807000,CHILDRENS WAY,,,,0.00,,,25TH AVS,,,,0.00,Y,Four-Way,N,Non-Junction,None,,,         ,Jeremy,Shannon,Rain,"Sideswipe, Opposite Direction",no,no,no,no,yes,Campus
101906284,METROPOLITAN NASHVILLE POLICE DEPT,20180114646,Davidson,Nashville,2/4/2018 2:34:00 AM,1,1,0,36.212750,-86.721160,STRATFORD AV,,,,215.00,Feet,East,KENNEDY AV,,,,0.00,N,Not at Intersection,N,Non-Junction,None,,,         ,Shaquille,Graham,Rain,Not Collision with Motor Vehicle in Transport,no,no,no,no,no,False
101906330,METROPOLITAN NASHVILLE POLICE DEPT,20180115089,Davidson,Nashville,2/4/2018 8:10:00 AM,1,1,0,36.160730,-86.613690,BELL RD,,,,959.00,Feet,South,DODSON CHAPEL RD,,,,0.00,N,Not at Intersection,N,Non-Junction,None,,,         ,Darren,White,Rain,Not Collision with Motor Vehicle in Transport,no,no,no,no,no,False
101906372,METROPOLITAN NASHVILLE POLICE DEPT,20180115114,Davidson,Nashville,2/4/2018 12:00:00 AM,2,0,0,36.185170,-86.754370,MCFERRIN AV,,,,48.00,Feet,South,CHICAMAUGA AV,,,,0.00,N,Not at Intersection,N,Non-Junction,None,,,         ,Doyle,Price,Rain,Unknown,no,no,no,no,yes,False
101906373,METROPOLITAN NASHVILLE POLICE DEPT,20180115158,Davidson,Not in City Limit,2/4/2018 8:45:00 AM,1,0,0,36.274070,-86.911070,LITTLE MARROWBONE RD,,,,1499.00,Feet,West,BEAMAN PARK PVTDR,,,,0.00,N,Not at Intersection, ,Non-Junction,None,,,         ,Brent,Hedgcoth,Cloudy,Not Collision with Motor Vehicle in Transport,no,no,no,no,no,False
101906394,METROPOLITAN NASHVILLE POLICE DEPT,20180115257,Davidson,Not in City Limit,2/4/2018 9:45:00 AM,1,1,0,36.139030,-86.954050,RIVER ROAD PKE,,,,464.00,Feet,East,INDIAN CREEK RD,,,,0.00,N,Not at Intersection,N,Non-Junction,None,,,         ,Benjamin,Cantrell,Cloudy,Not Collision with Motor Vehicle in Transport,no,no,no,no,no,False
101906410,METROPOLITAN NASHVILLE POLICE DEPT,20180115307,Davidson,Nashville,2/4/2018 10:35:00 AM,1,0,0,36.152750,-86.854440,I40 E ENT RAMP,,,,0.00,,,I 40,,,,0.00,Y,Y-Intersection, ,Entrance/Exit Ramp Related,None,,,         ,Darren,Key,Cloudy,Not Collision with Motor Vehicle in Transport,no,no,no,no,no,False
101906426,METROPOLITAN NASHVILLE POLICE DEPT,20180115352,Davidson,Nashville,2/4/2018 11:00:00 AM,2,0,0,36.154440,-86.792490,BROADWAY,,,,135.00,Feet,East,WEST END AV,,,,0.00,N,Not at Intersection, ,Non-Junction,None,,,         ,Justan,Vance,Clear,Front to Rear,no,no,no,no,no,False
101906434,METROPOLITAN NASHVILLE POLICE DEPT,20180115397,Davidson,Nashville,2/4/2018 11:30:00 AM,1,0,0,36.089320,-86.643110,NASHBORO BLVD,,,,0.00,,,NASHBORO VILLAGE PVTDR,,,,0.00,Y,OTHER,N,Intersection-Related,None,,,         ,Steven,Folliard,Rain,Not Collision with Motor Vehicle in Transport,no,no,no,no,no,False
101906471,METROPOLITAN NASHVILLE POLICE DEPT,20180115220,Davidson,Nashville,2/4/2018 12:00:00 AM,3,0,0,36.064810,-86.622110,HAMILTON CHURCH RD,,,,0.00,,,OWENDALE DR,,,,0.00,,, ,Non-Junction,None,,,         ,Honorio,Canchola,Unknown,Unknown,no,no,no,yes,yes,False
101906482,METROPOLITAN NASHVILLE POLICE DEPT,20180115481,Davidson,Nashville,2/4/2018 12:20:00 PM,2,0,0,36.208050,-86.787020,W TRINITY LN,,,,75.00,Feet,East,MONTICELLO ST,,,,0.00,N,Not at Intersection,N,Non-Junction,None,,,         ,Zachary,Goodall,Cloudy,Angle,no,no,no,no,yes,False
101906485,METROPOLITAN NASHVILLE POLICE DEPT,20180115484,Davidson,Nashville,2/4/2018 12:41:00 PM,1,1,0,36.088230,-86.763200,I65 S EXT RAMP,,,,0.00,Feet,East,I 65,,,,0.00,N,Not at Intersection,N,Entrance/Exit Ramp Related,None,,,         ,Nathan,Kemp,Clear,Not Collision with Motor Vehicle in Transport,no,no,no,no,no,False
101906525,METROPOLITAN NASHVILLE POLICE DEPT,20180115554,Davidson,Nashville,2/4/2018 1:48:00 PM,2,0,0,36.136740,-86.794960,MAGNOLIA BLVD,,,,81.00,Feet,East,WEDGEWOOD AV,,,,0.00,N,Not at Intersection,N,Non-Junction,None,,,         ,Justan,Vance,Clear,Front to Rear,no,no,no,no,yes,False
101906618,METROPOLITAN NASHVILLE POLICE DEPT,20180115597,Davidson,Nashville,2/4/2018 2:38:00 PM,2,0,0,36.228820,-86.759370,DICKERSON PKE,,,,202.00,Feet,South,BROADMOOR DR,,,,0.00,N,Not at Intersection, ,Non-Junction,None,,,         ,Christopher,Valdez,Cloudy,Angle,no,no,no,no,yes,False
101906644,METROPOLITAN NASHVILLE POLICE DEPT,20180115568,Davidson,Nashville,2/4/2018 12:00:00 AM,2,0,0,36.152350,-86.769010,LINDSLEY AV,,,,0.00,,,2ND AVS,,,,0.00,Y,OTHER,Y,Intersection-Related,None,,,         ,Trevor,Taylor,Clear,"Sideswipe, Same Direction",no,no,no,no,no,False
101906653,METROPOLITAN NASHVILLE POLICE DEPT,20180115589,Davidson,Nashville,2/4/2018 2:25:00 PM,2,1,0,36.134040,-86.889750,CHARLOTTE PKE,,,,120.00,Feet,East,HILLWOOD PRIVATE CV,,,,0.00,N,Not at Intersection,N,Non-Junction,None,,,         ,John,Hoesli,Clear,Front to Rear,no,no,no,no,no,False
101906672,VANDERBILT UNIVERSITY POLICE,20180092210,Davidson,Nashville,1/29/2018 12:00:00 AM,1,1,0,36.138890,-86.803090,CHILDRENS WAY,,,,0.00,,,23RD AVS,,,,0.00,Y,T-Intersection,N,Non-Junction,None,,,         ,Cedric,Edwards,Clear,Not Collision with Motor Vehicle in Transport,yes,no,no,no,no,Campus
101906678,METROPOLITAN NASHVILLE POLICE DEPT,20180115640,Davidson,Nashville,2/4/2018 3:09:00 PM,1,0,0,36.092690,-86.762710,I 65,,,,0.00,,,,,,,78.55,N,Not at Intersection, ,Non-Junction,None,,,         ,Christopher,Butner,Cloudy,Not Collision with Motor Vehicle in Transport,no,no,no,no,no,False
101906701,METROPOLITAN NASHVILLE POLICE DEPT,20180115647,Davidson,Nashville,2/4/2018 3:10:00 PM,1,0,0,36.181440,-86.788840,3RD AVN,,,,107.00,Feet,North,MORGAN PARK CNCTR,,,,0.00,N,Not at Intersection, ,Non-Junction,None,,,         ,Kevin,Johnson,Clear,Not Collision with Motor Vehicle in Transport,yes,no,no,no,no,False
101906725,METROPOLITAN NASHVILLE POLICE DEPT,20180115781,Davidson,Nashville,2/4/2018 12:00:00 AM,2,0,0,36.147020,-86.694290,BRILEY PKWY S EXT RAMP,,,,0.00,Feet,East,BRILEY PKWYS,,,,0.00,N,Not at Intersection, ,Entrance/Exit Ramp Related,None,,,         ,Adam,Gartner,Cloudy,"Sideswipe, Same Direction",no,no,no,no,no,False
101906755,METROPOLITAN NASHVILLE POLICE DEPT,20180115705,Davidson,Nashville,2/4/2018 3:42:00 PM,3,2,0,36.193830,-86.743770,GALLATIN AV,,,,59.00,Feet,South,STROUSE AV,,,,0.00,N,Not at Intersection,N,Non-Junction,None,,,         ,Hunter,Fikes,Clear,Front to Rear,no,no,no,no,no,False
101906757,METROPOLITAN NASHVILLE POLICE DEPT,20180115735,Davidson,Nashville,2/4/2018 3:50:00 PM,2,0,0,36.157980,-86.791500,CHURCH ST,,,,38.00,Feet,East,14TH AVN,,,,0.00,N,Not at Intersection, ,Non-Junction,None,,,         ,Darryl,Williams,Clear,"Sideswipe, Same Direction",no,no,no,no,no,False