master_record_number,agency,agency_tracking_number,county,city,collision_date,vehicles_involved,number_injured,number_dead,latitude,longitude,roadway_name,roadway_suffix,roadway_number,roadway_local_id,distance_from_reference,miles-feet_indicator,direction_from_reference,intersection_road_name,intersection_road_name_suffix,intersection_road_number,intersection_local_id,mile_marker,intersection_indicator,intersect_type,interchange_related_indicator,relation_to_junction,work_zone_type,construction_maintenance_zone,construction_maintenance_zone_location,fatal_case_number,officer_first_name,officer_last_name,weather_condition(s),manner_of_crash,pedestrian,bicycle,scooter,parking,hitrun,mou
101910865,METROPOLITAN NASHVILLE POLICE DEPT,20180131496,Davidson,Nashville,2/9/2018 7:00:00 AM,1,1,0,36.156420,-86.760310,I40 E ENT RAMP,,,,0.00,,,I 24,,,,0.00,Y,Y-Intersection,N,Non-Junction,None,,,         ,William,Mckay,Clear,Not Collision with Motor Vehicle in Transport,no,no,no,no,no,False
101910867,METROPOLITAN NASHVILLE POLICE DEPT,20180131535,Davidson,Nashville,2/9/2018 7:00:00 AM,2,0,0,36.143130,-86.744310,FESSLERS LN,,,,128.00,Feet,North,MURFREESBORO PKE,,,,0.00,N,Not at Intersection, ,Non-Junction,None,,,         ,Michael,Dance,Clear,"Sideswipe, Same Direction",no,no,no,no,no,False
101910868,METROPOLITAN NASHVILLE POLICE DEPT,20180131584,Davidson,Nashville,2/9/2018 7:45:00 AM,3,0,0,36.129490,-86.903310,CHARLOTTE PKE,,,,0.00,,,DAVIDSON DR,,,,0.00,Y,T-Intersection,N,Intersection,None,,,         ,Curtis,Rich,Clear,Angle,no,no,no,no,no,False
101910875,METROPOLITAN NASHVILLE POLICE DEPT,20180131588,Davidson,Nashville,2/9/2018 7:35:00 AM,2,0,0,36.215520,-86.864750,EATONS CREEK RD,,,,0.00,,,KINGS LN,,,,0.00,Y,T-Intersection,N,Intersection,None,,,         ,Jeanine,Sarno,Clear,Angle,no,no,no,no,yes,False
101910876,METROPOLITAN NASHVILLE POLICE DEPT,20180131499,Davidson,Antioch,2/9/2018 7:10:00 AM,2,1,0,36.047840,-86.612050,MURFREESBORO PKE,,,,0.00,,,MOUNTAIN SPRINGS RD,,,,0.00,Y,Four-Way,N,Non-Junction,None,,,         ,Steven,Williams,Clear,Angle,no,no,no,no,yes,False
101910904,METROPOLITAN NASHVILLE POLICE DEPT,20180131618,Davidson,Nashville,2/9/2018 7:57:00 AM,2,3,0,36.039440,-86.737310,OLD HICKORY BLVD,,,,200.00,Feet,East,MYRTLEWOOD DR,,,,0.00,N,Not at Intersection,N,Non-Junction,None,,,         ,Samuel,Miller,Clear,Angle,no,no,no,no,no,False
101910908,METROPOLITAN NASHVILLE POLICE DEPT,20180131671,Davidson,Nashville,2/9/2018 8:20:00 AM,2,0,0,36.064750,-86.684540,I 24,,,,0.00,,,,,,,57.40,N,Not at Intersection, ,,None,,,         ,Thomas,White,,,no,no,no,no,no,False
101910909,METROPOLITAN NASHVILLE POLICE DEPT,20180131365,Davidson,Nashville,2/9/2018 12:00:00 AM,7,2,0,36.106040,-86.767950,I 65,,,,0.00,,,,,,,79.50,N,Not at Intersection,N,Non-Junction,None,,,         ,John,Tyree,Clear,Front to Rear,no,no,no,no,yes,False
101910913,METROPOLITAN NASHVILLE POLICE DEPT,20180131681,Davidson,Nashville,2/9/2018 8:23:00 AM,2,0,0,36.082100,-86.761700,HARDING PL,,,,0.00,,,SIDCO DR,,,,0.00,Y,Four-Way, ,Intersection-Related,None,,,         ,Jon,Mcvey,Clear,Front to Rear,no,no,no,no,no,False
101910921,METROPOLITAN NASHVILLE POLICE DEPT,20180131558,Davidson,Nashville,2/9/2018 7:20:00 AM,2,0,0,36.069670,-86.769980,I 65,,,,0.00,,,,,,,76.90,N,Not at Intersection, ,Non-Junction,None,,,         ,Jon,Mcvey,Clear,Front to Rear,no,no,no,no,no,False
101910923,METROPOLITAN NASHVILLE POLICE DEPT,2018-0131668,Davidson,Nashville,2/9/2018 8:18:00 AM,2,0,0,36.036220,-86.644710,I 24,,,,0.00,,,,,,,60.40,N,Not at Intersection,N,Non-Junction,None,,,         ,William,Whitworth,Clear,Front to Rear,no,no,no,no,yes,False
101910927,METROPOLITAN NASHVILLE POLICE DEPT,20180131471,Davidson,Nashville,2/9/2018 6:45:00 AM,2,0,0,36.253980,-86.700800,IDLEWILD DR,,,,0.00,,,NEELYS BEND RD,,,,0.00,Y,T-Intersection,Y,Intersection,None,,,         ,Brian,Otto,Clear,Angle,no,no,no,no,no,False
101910944,METROPOLITAN NASHVILLE POLICE DEPT,20180131603,Davidson,Nashville,2/9/2018 7:45:00 AM,2,1,0,36.094180,-86.699720,ANTIOCH PKE,,,,2361.00,Feet,East,SPACE PARK SOUTH DR,,,,0.00,N,Not at Intersection,N,Non-Junction,None,,,         ,Brian,Etchison,Clear,Front to Rear,no,no,no,no,no,False
101910957,METROPOLITAN NASHVILLE POLICE DEPT,20180131574,Davidson,Nashville,2/9/2018 7:37:00 AM,1,1,0,36.175390,-86.764000,N 6TH ST,,,,0.00,,,HOWERTON ST,,,,0.00,Y,T-Intersection,N,Intersection-Related,None,,,         ,Doyle,Price,Clear,Not Collision with Motor Vehicle in Transport,yes,no,no,no,no,False
101910966,METROPOLITAN NASHVILLE POLICE DEPT,20180131693,Davidson,Nashville,2/9/2018 12:00:00 AM,2,0,0,36.161600,-86.791760,12TH AVN,,,,0.00,,,CHARLOTTE AV,,,,0.00,Y,OTHER, ,Intersection,None,,,         ,Frank,Campbell,Clear,Angle,no,no,no,no,no,False
101910968,METROPOLITAN NASHVILLE POLICE DEPT,20180131747,Davidson,Nashville,2/9/2018 8:47:00 AM,2,1,0,36.175440,-86.767100,ELLINGTON PKWYS,,,,167.00,Feet,North,ELLINGTON PKWY N ENT RAMP,,,,0.00,N,Not at Intersection,Y,Entrance/Exit Ramp Related,None,,,         ,Jason,Hees,Clear,Front to Rear,no,no,no,no,no,False
101910979,METROPOLITAN NASHVILLE POLICE DEPT,20180131735,Davidson,Nashville,2/9/2018 8:30:00 AM,2,0,0,36.120680,-86.630730,BELL RD,,,,749.00,Feet,South,WOODLAND POINTE DR,,,,0.00,N,Not at Intersection,N,Non-Junction,None,,,         ,Michael,Dance,Clear,Front to Rear,no,no,no,no,no,False
101910980,METROPOLITAN NASHVILLE POLICE DEPT,20180131806,Davidson,Nashville,2/9/2018 9:11:00 AM,2,0,0,36.193000,-86.745650,TREVECCA AV,,,,65.00,Feet,North,DOUGLAS AV,,,,0.00,N,Not at Intersection, ,Non-Junction,None,,,         ,Joseph,Progar,Clear,Angle,no,no,no,no,no,False
101910988,METROPOLITAN NASHVILLE POLICE DEPT,20180131845,Davidson,Nashville,2/9/2018 9:13:00 AM,2,0,0,36.151960,-86.635570,I 40,,,,0.00,,,,,,,218.50,N,Not at Intersection, ,,None,,,         ,Michael,Dance,,,no,no,no,no,no,False
101910993,METROPOLITAN NASHVILLE POLICE DEPT,20180131556,Davidson,Nashville,2/9/2018 7:29:00 AM,5,1,0,36.167890,-86.765770,I 24,,,,0.00,,,,,,,48.85,N,Not at Intersection,N,Non-Junction,None,,,         ,Brenna,Hosey,Clear,Front to Rear,no,no,no,no,no,False
101910995,METROPOLITAN NASHVILLE POLICE DEPT,20180131553,Davidson,Nashville,2/9/2018 7:25:00 AM,2,1,0,36.032230,-86.765270,CLOVERLAND DR,,,,3.00,Feet,East,FREDERICKSBURG WAY,,,,0.00,N,Not at Intersection,N,Non-Junction,None,,,         ,Jon,Mcvey,Clear,Front to Rear,no,no,no,no,no,False
101911053,METROPOLITAN NASHVILLE POLICE DEPT,20180132025,Davidson,Nashville,2/9/2018 10:40:00 AM,2,0,0,36.126860,-86.711290,MURFREESBORO PKE,,,,81.00,Feet,West,THOMPSON PL,,,,0.00,N,Not at Intersection,N,Non-Junction,None,,,         ,Jessie,Meadows,Clear,Front to Rear,no,no,no,no,yes,False
101911054,METROPOLITAN NASHVILLE POLICE DEPT,20180132000,Davidson,Nashville,2/9/2018 10:21:00 AM,2,0,0,36.140090,-86.795070,17TH AVS,,,,291.00,Feet,South,HORTON AV,,,,0.00,N,Not at Intersection, ,,None,,,         ,Michael,McCord,,,no,no,no,no,no,Campus
101911055,METROPOLITAN NASHVILLE POLICE DEPT,20180132001,Davidson,Nashville,2/9/2018 9:53:00 AM,2,0,0,36.142930,-86.706810,I 40,,,,0.00,,,,,,,214.40,N,Not at Intersection, ,Non-Junction,None,,,         ,Michael,Dance,Clear,"Sideswipe, Same Direction",no,no,no,no,no,False
101911057,METROPOLITAN NASHVILLE POLICE DEPT,20180131925,Davidson,Nashville,2/9/2018 10:15:00 AM,2,0,0,36.126330,-86.847980,KENNER AVN,,,,0.00,,,WHITE BRIDGE CNCTR,,,,0.00,Y,Four-Way, ,Intersection,None,,,         ,Curtis,Rich,Clear,Angle,no,no,no,no,no,False
101911062,METROPOLITAN NASHVILLE POLICE DEPT,20180132010,Davidson,Nashville,2/9/2018 10:23:00 AM,2,0,0,36.192690,-86.800970,ROSA L PARKS BLVD,,,,274.00,Feet,East,ATHENS WAY,,,,0.00,N,Not at Intersection,N,Non-Junction,None,,,         ,Caleb,Jernigan,Clear,Rear to Rear,no,no,no,yes,yes,False
101911069,METROPOLITAN NASHVILLE POLICE DEPT,20180132048,Davidson,Nashville,2/9/2018 10:46:00 AM,1,0,0,36.109680,-86.808530,BENHAM AV,,,,0.00,Feet,East,HILLMONT DR,,,,0.00,N,Not at Intersection,N,Non-Junction,None,,,         ,Trevor,Walace,Clear,Not Collision with Motor Vehicle in Transport,no,no,no,no,yes,False
101911072,METROPOLITAN NASHVILLE POLICE DEPT,20180132013,Davidson,Nashville,2/9/2018 10:31:00 AM,2,0,0,36.152330,-86.852080,MORROW RD,,,,43.00,Feet,South,RICHLAND CREEK SHOPPING CENTER,,,,0.00,N,Not at Intersection,N,Non-Junction,None,,,         ,Walter,Gray II,Clear,Angle,no,no,no,yes,yes,False
101911090,METROPOLITAN NASHVILLE POLICE DEPT,20180131944,Davidson,Nashville,2/9/2018 10:02:00 AM,2,1,0,36.084640,-86.894680,HARDING PKE,,,,64.00,Feet,South,PERCY WARNER BLVD,,,,0.00,N,Not at Intersection,N,Non-Junction,None,,,         ,Charles,Boles,Clear,Front to Rear,no,no,no,no,no,False
101911094,METROPOLITAN NASHVILLE POLICE DEPT,20180131801,Davidson,Nashville,2/9/2018 9:05:00 AM,2,1,0,36.147070,-86.765550,2ND AVS,,,,0.00,,,MILDRED SHUTE AV,,,,0.00,Y,Four-Way,Y,Intersection,None,,,         ,Todd,Watson,Clear,Angle,no,no,no,no,no,False
101911096,METROPOLITAN NASHVILLE POLICE DEPT,2018-0131642,Davidson,Nashville,2/9/2018 8:00:00 AM,2,0,0,36.218030,-86.820360,BUENA VISTA PKE,,,,0.00,,,W HAMILTON AV,,,,0.00,Y,T-Intersection, ,,None,,,         ,Joshua,McGarvey,,,no,no,no,no,no,False
101911098,THP District 3 - Nashville,318007875,Davidson,Nashville,2/6/2018 12:00:00 AM,2,0,0,36.044860,-86.670430,BELL RD,,,,0.00,,,HICKORY PARK DR,,,,0.00,Y,T-Intersection,N,Intersection-Related,None,,,         ,Jennifer,Hicks,Clear,HeadOn,no,no,no,no,no,False
101911100,METROPOLITAN NASHVILLE POLICE DEPT,20180132146,Davidson,Nashville,2/9/2018 11:55:00 AM,2,0,0,36.099730,-86.871410,HARDING PKE,,,,0.00,,,HIGHWAY 100,,,,0.00,Y,Y-Intersection, ,Intersection,None,,,         ,Curtis,Rich,Clear,Front to Rear,no,no,no,no,no,False
101911139,METROPOLITAN NASHVILLE POLICE DEPT,20180132245,Davidson,Nashville,2/9/2018 12:00:00 PM,2,0,0,36.075110,-86.917160,HIGHWAY 70S,,,,460.00,Feet,East,BELLEVUE VALLEY PLAZA PVTDR,,,,0.00,N,Not at Intersection, ,Non-Junction,None,,,         ,Curtis,Rich,Clear,Rear to Rear,no,no,no,yes,yes,False
101911159,METROPOLITAN NASHVILLE POLICE DEPT,20180131935,Davidson,Not in City Limit,2/9/2018 9:30:00 AM,1,0,0,36.268200,-86.730320,N GRAYCROFT AV,,,,73.00,Feet,South,MORNINGVIEW CT,,,,0.00,N,Not at Intersection,N,Non-Junction,None,,,         ,Cyretha,Frazier,Clear,Not Collision with Motor Vehicle in Transport,no,no,no,no,no,False
101911164,METROPOLITAN NASHVILLE POLICE DEPT,20180132063,Davidson,Nashville,2/9/2018 12:00:00 AM,1,0,0,36.116750,-86.861450,HILL PLACE DR,,,,0.00,,,POST RD,,,,0.00,Y,OTHER,N,Non-Junction,None,,,         ,William,Loucks Jr.,Clear,Not Collision with Motor Vehicle in Transport,no,no,no,no,no,False
101911179,METROPOLITAN NASHVILLE POLICE DEPT,20180132002,Davidson,Nashville,2/9/2018 10:20:00 AM,3,1,0,36.176460,-86.768600,SPRING ST,,,,75.00,Feet,East,I24 W EXT RAMP,,,,0.00,N,Not at Intersection,N,Non-Junction,None,,,         ,Ryan,Coll,Clear,Front to Rear,no,no,no,no,no,False
101911213,METROPOLITAN NASHVILLE POLICE DEPT,20180132229,Davidson,Nashville,2/9/2018 12:06:00 PM,2,0,0,36.130490,-86.785860,SOUTH DOUGLAS AV,,,,0.00,,,10TH AVS,,,,0.00,Y,Four-Way,N,Intersection,None,,,         ,Jon,Mcvey,Cloudy,Angle,no,no,no,no,no,False
101911233,METROPOLITAN NASHVILLE POLICE DEPT,20180132235,Davidson,Nashville,2/9/2018 12:10:00 PM,1,0,0,36.044610,-86.847180,OLD HICKORY BLVD,,,,45.00,Feet,East,WHITE SWANS CRSG,,,,0.00,N,Not at Intersection,N,Non-Junction,None,,,         ,Earl,Davis,Clear,Not Collision with Motor Vehicle in Transport,no,no,no,no,no,False
101911262,METROPOLITAN NASHVILLE POLICE DEPT,20180132242,Davidson,Nashville,2/9/2018 12:15:00 PM,2,0,0,36.159020,-86.822260,I 40,,,,0.00,,,,,,,206.00,N,Not at Intersection, ,Entrance/Exit Ramp Related,None,,,         ,Shawn,Taylor,Clear,"Sideswipe, Same Direction",no,no,no,no,no,False
101911279,METROPOLITAN NASHVILLE POLICE DEPT,20180132150,Davidson,Nashville,2/9/2018 11:36:00 AM,3,2,0,36.140610,-86.731980,I 24,,,,0.00,,,,,,,51.60,N,Not at Intersection,Y,OtherLocation,None,,,         ,Michael,Dance,Clear,Angle,no,no,no,no,no,False
101911284,METROPOLITAN NASHVILLE POLICE DEPT,20180132342,Davidson,Nashville,2/9/2018 1:00:00 PM,2,0,0,36.039710,-86.762790,OLD HICKORY BLVD,,,,0.00,Feet,West,HEARTHSTONE LN,,,,0.00,N,Not at Intersection, ,Non-Junction,None,,,         ,Bryan,Moore,Clear,Front to Rear,no,no,no,no,no,False
101911291,METROPOLITAN NASHVILLE POLICE DEPT,2018-0128274,Davidson,Nashville,2/9/2018 9:15:00 AM,1,0,0,36.162640,-86.781430,6TH AVN,,,,0.00,,,CHURCH ST,,,,0.00,Y,Four-Way, ,Intersection,None,,,         ,Cory,West,Clear,Not Collision with Motor Vehicle in Transport,no,no,no,no,no,False
101911297,METROPOLITAN NASHVILLE POLICE DEPT,20180132406,Davidson,Nashville,2/9/2018 12:30:00 PM,1,0,0,36.121590,-86.751250,I440 E EXT RAMP,,,,0.00,Feet,East,I 440,,,,0.00,N,Not at Intersection, ,Non-Junction,None,,,         ,Jon,Mcvey,Clear,Not Collision with Motor Vehicle in Transport,no,no,no,no,no,False
101911333,METROPOLITAN NASHVILLE POLICE DEPT,20180132165,Davidson,Nashville,2/9/2018 12:00:00 PM,2,0,0,36.117360,-86.719080,EAST THOMPSON LN,,,,22.00,Feet,South,OLD GLENROSE AV,,,,0.00,N,Not at Intersection,N,Non-Junction,None,,,         ,Jessie,Meadows,Clear,Front to Rear,no,no,no,no,no,False
101911334,METROPOLITAN NASHVILLE POLICE DEPT,20180132334,Davidson,Nashville,2/9/2018 1:10:00 PM,2,0,0,36.138920,-86.762580,4TH AVS,,,,60.00,Feet,North,CARNEY ST,,,,0.00,N,Not at Intersection, ,Non-Junction,None,,,         ,Jessie,Meadows,Clear,"Sideswipe, Same Direction",no,no,no,no,no,False
101911347,METROPOLITAN NASHVILLE POLICE DEPT,20180132407,Davidson,Nashville,2/9/2018 1:39:00 PM,2,0,0,36.133460,-86.896240,I 40,,,,0.00,,,,,,,201.30,N,Not at Intersection,N,Entrance/Exit Ramp Related,None,,,         ,Curtis,Rich,Clear,Angle,no,no,no,no,no,False
101911349,METROPOLITAN NASHVILLE POLICE DEPT,2018-0132270,Davidson,Nashville,2/9/2018 12:25:00 PM,2,0,0,36.118530,-86.749040,NOLENSVILLE PKE,,,,183.00,Feet,South,ELBERTA ST,,,,0.00,N,Not at Intersection, ,,None,,,         ,William,Whitworth,,,no,no,no,no,no,False
101911350,METROPOLITAN NASHVILLE POLICE DEPT,2018-0132441,Davidson,Nashville,2/9/2018 12:45:00 PM,2,0,0,36.085210,-86.728500,NOLENSVILLE PKE,,,,164.00,Feet,North,PARAGON MILLS RD,,,,0.00,N,Not at Intersection,N,Non-Junction,None,,,         ,William,Whitworth,Clear,"Sideswipe, Same Direction",no,no,no,no,yes,False
101911351,METROPOLITAN NASHVILLE POLICE DEPT,20180132495,Davidson,Nashville,2/9/2018 2:06:00 PM,2,1,0,36.207960,-86.767580,DICKERSON PKE,,,,112.00,Feet,South,GRIZZARD AV,,,,0.00,N,Not at Intersection,N,Non-Junction,None,,,         ,Joseph,Progar,Clear,Angle,no,no,no,no,no,False
101911453,METROPOLITAN NASHVILLE POLICE DEPT,20180132515,Davidson,Nashville,2/9/2018 2:16:00 PM,2,2,0,36.215400,-86.588510,LEBANON PKE,,,,0.00,,,BIG HORN DR,,,,0.00,Y,Four-Way,N,Intersection,None,,,         ,Michael,Dance,Clear,Angle,no,no,no,no,no,False
101911468,METROPOLITAN NASHVILLE POLICE DEPT,20180132551,Davidson,Nashville,2/9/2018 12:00:00 AM,2,1,0,36.177780,-86.805940,14TH AVN,,,,0.00,,,WHELESS ST,,,,0.00,Y,Four-Way,N,Intersection,None,,,         ,Melvin,Taylor,Clear,Angle,no,no,no,no,yes,False
101911492,METROPOLITAN NASHVILLE POLICE DEPT,20180132598,Davidson,Nashville,2/9/2018 3:03:00 PM,2,0,0,36.185000,-86.797380,I 65,,,,0.00,,,,,,,85.40,N,Not at Intersection, ,,None,,,         ,Paxton,Montgomery,,,no,no,no,no,no,False
101911507,METROPOLITAN NASHVILLE POLICE DEPT,2018-0132468,Davidson,Not in City Limit,2/9/2018 1:49:00 PM,3,2,0,36.262990,-86.680940,STATE RT 45,,,,0.00,,,RIO VISTA DR,,,,0.00,Y,Four-Way,N,Intersection,None,,,         ,Cyretha,Frazier,Clear,Angle,no,no,no,no,no,False
101911538,METROPOLITAN NASHVILLE POLICE DEPT,20180132579,Davidson,Nashville,2/9/2018 2:12:00 PM,3,0,0,36.229110,-86.725140,GALLATIN PKE,,,,0.00,,,BROADMOOR DR,,,,0.00,Y,Four-Way, ,Intersection,None,,,         ,Barrett,Teague,Clear,Front to Rear,no,no,no,no,no,False
101911540,METROPOLITAN NASHVILLE POLICE DEPT,20180132550,Davidson,Nashville,2/9/2018 2:34:00 PM,2,0,0,36.198440,-86.620270,LEBANON PKE,,,,0.00,,,OLD HICKORY BLVD,,,,0.00,Y,Four-Way, ,Intersection-Related,None,,,         ,Zachariah,Bush,Clear,Front to Rear,no,no,no,no,no,False
101911561,METROPOLITAN NASHVILLE POLICE DEPT,20180132658,Davidson,Nashville,2/9/2018 3:27:00 PM,2,1,0,36.113560,-86.806160,WOODMONT BLVD,,,,0.00,,,HOPKINS ST,,,,0.00,Y,T-Intersection,N,Intersection,None,,,         ,Ryan,Storm,Clear,Angle,no,no,no,no,no,False
101911569,METROPOLITAN NASHVILLE POLICE DEPT,20180132600,Davidson,Nashville,2/9/2018 2:40:00 PM,2,0,0,36.234920,-86.724770,GALLATIN PKE,,,,67.00,Feet,South,GALLATIN PKES,,,,0.00,N,Not at Intersection, ,Non-Junction,None,,,         ,Hunter,Fikes,Clear,Front to Rear,no,no,no,no,no,False
101911570,METROPOLITAN NASHVILLE POLICE DEPT,20180132714,Davidson,Nashville,2/9/2018 12:00:00 AM,2,0,0,36.156590,-86.818710,28TH AVN,,,,76.00,Feet,North,DELAWARE AV,,,,0.00,N,Not at Intersection, ,Non-Junction,None,,,         ,Melvin,Taylor,Clear,"Sideswipe, Same Direction",no,no,no,no,yes,False
101911588,METROPOLITAN NASHVILLE POLICE DEPT,20180132695,Davidson,Nashville,2/9/2018 3:43:00 PM,2,0,0,36.153850,-86.757090,I 40,,,,0.00,,,,,,,211.15,N,Not at Intersection, ,Non-Junction,None,,,         ,Hunter,Fikes,Clear,Front to Rear,no,no,no,no,no,False
101911589,METROPOLITAN NASHVILLE POLICE DEPT,20180132591,Davidson,Nashville,2/9/2018 2:59:00 PM,2,0,0,36.188100,-86.797700,DOMINICAN DR,,,,239.00,Feet,East,ROSA L PARKS BLVD,,,,0.00,N,Not at Intersection,N,Non-Junction,None,,,         ,Victor,Alexander,Clear,Angle,no,no,no,no,no,False
101911598,METROPOLITAN NASHVILLE POLICE DEPT,20180132608,Davidson,Nashville,2/9/2018 2:35:00 PM,2,0,0,36.154010,-86.762460,I 40,,,,0.00,,,,,,,210.85,N,Not at Intersection, ,Non-Junction,None,,,         ,Johnathan,Pannell,Clear,"Sideswipe, Same Direction",no,no,no,no,no,False
101911600,GOODLETTSVILLE POLICE DEPT,18-05291,Davidson,Goodlettsville,2/9/2018 2:10:00 PM,2,1,0,36.303620,-86.698400,RIVERGATE MALL PVTDR,,,,0.00,,,RIVERGATE MALL PVTDR,,,,0.00,,Not at Intersection,N,SharedUsePathOrTrail,None,,,         ,Charles,Hauskin,Clear,Front to Rear,no,no,no,yes,no,False
101911603,METROPOLITAN NASHVILLE POLICE DEPT,20180132545,Davidson,Nashville,2/9/2018 2:47:00 PM,1,0,0,36.215230,-86.589250,LEBANON PKE,,,,225.00,Feet,West,BIG HORN DR,,,,0.00,N,Not at Intersection,N,Non-Junction,None,,,         ,Michael,Fitch,Clear,Not Collision with Motor Vehicle in Transport,no,no,no,no,no,False
101911620,METROPOLITAN NASHVILLE POLICE DEPT,20180132700,Davidson,Nashville,2/9/2018 3:42:00 PM,4,1,0,36.142330,-86.709720,I 40,,,,0.00,,,,,,,214.20,N,Not at Intersection,N,Non-Junction,None,,,         ,Seth,Vaughn,Clear,Front to Rear,no,no,no,no,no,False
101911629,METROPOLITAN NASHVILLE POLICE DEPT,20180132719,Davidson,Nashville,2/9/2018 3:54:00 PM,2,1,0,36.150480,-86.770350,4TH AVS,,,,0.00,Feet,,I40 E EXT RAMP,,,,0.00,Y,T-Intersection,N,Intersection,None,,,         ,Randall,Ward,Clear,Angle,no,no,no,no,no,False
101911633,GOODLETTSVILLE POLICE DEPT,18-05299,Davidson,Goodlettsville,2/9/2018 3:00:00 PM,2,0,0,36.318300,-86.700530,CONFERENCE DR,,,,0.00,,,NORTHCREEK BLVD,,,,0.00,Y,Four-Way, ,Intersection-Related,None,,,         ,Jeremy,Baker,Clear,Front to Rear,no,no,no,no,no,False
101911638,METROPOLITAN NASHVILLE POLICE DEPT,20180132803,Davidson,Not in City Limit,2/9/2018 4:13:00 PM,2,1,0,36.076460,-87.019380,MCCRORY LN,,,,84.00,Feet,East,I40 E EXT RAMP,,,,0.00,N,Not at Intersection,Y,Entrance/Exit Ramp Related,None,,,         ,Dakota,Vermillion,Clear,Front to Rear,no,no,no,no,no,False
101911681,METROPOLITAN NASHVILLE POLICE DEPT,20180132882,Davidson,Nashville,2/9/2018 4:12:00 PM,2,0,0,36.122230,-86.727550,I 24,,,,0.00,,,,,,,52.75,N,Not at Intersection,N,Non-Junction,None,,,         ,Jessie,Meadows,Clear,"Sideswipe, Same Direction",no,no,no,no,yes,False
101911684,METROPOLITAN NASHVILLE POLICE DEPT,20180132623,Davidson,Nashville,2/9/2018 2:45:00 PM,2,0,0,36.169420,-86.679880,MCGAVOCK PKE,,,,20.00,Feet,North,LEBANON PKE,,,,0.00,N,Not at Intersection, ,Non-Junction,None,,,         ,Jessica,Johann,Clear,Unknown,no,no,no,no,no,False
101911689,METROPOLITAN NASHVILLE POLICE DEPT,20180132873,Davidson,Nashville,2/9/2018 4:40:00 PM,2,0,0,36.153540,-86.822870,I 440,,,,0.00,,,,,,,0.70,N,Not at Intersection,N,Non-Junction,None,,,         ,Andrew,McCarron,Clear,Front to Rear,no,no,no,no,yes,False
101911691,METROPOLITAN NASHVILLE POLICE DEPT,2018-0129464,Davidson,Nashville,2/8/2018 4:40:00 PM,2,0,0,36.141950,-86.677380,I 40,,,,0.00,,,,,,,215.00,N,Not at Intersection, ,Entrance/Exit Ramp Related,None,,,         ,John,Roberson,Clear,"Sideswipe, Same Direction",no,no,no,no,no,False
101911692,METROPOLITAN NASHVILLE POLICE DEPT,20180133000,Davidson,Nashville,2/9/2018 12:00:00 AM,2,0,0,36.183830,-86.797780,I65 N ENT RAMP,,,,0.00,Feet,East,I 65,,,,0.00,N,Not at Intersection, ,Non-Junction,None,,,         ,Melvin,Taylor,Clear,Front to Rear,no,no,no,no,yes,False
101911708,METROPOLITAN NASHVILLE POLICE DEPT,20180132753,Davidson,Nashville,2/9/2018 3:20:00 PM,2,0,0,36.063870,-86.771610,I 65,,,,0.00,,,,,,,76.50,N,Not at Intersection, ,Non-Junction,None,,,         ,William,King,Clear,Front to Rear,no,no,no,no,no,False
101911730,METROPOLITAN NASHVILLE POLICE DEPT,20180133001,Davidson,Nashville,2/9/2018 5:23:00 PM,2,0,0,36.150550,-86.770410,4TH AVS,,,,0.00,,,I40 E EXT RAMP,,,,0.00,Y,T-Intersection, ,Non-Junction,None,,,         ,Randall,Ward,Clear,"Sideswipe, Same Direction",no,no,no,no,no,False
101911732,METROPOLITAN NASHVILLE POLICE DEPT,20180133053,Davidson,Nashville,2/9/2018 5:35:00 PM,2,1,0,36.085310,-86.728580,NOLENSVILLE PKE,,,,208.00,Feet,North,PARAGON MILLS RD,,,,0.00,N,Not at Intersection,N,Non-Junction,None,,,         ,Madison,Meiss,Clear,"Sideswipe, Same Direction",no,no,no,no,yes,False
101911736,METROPOLITAN NASHVILLE POLICE DEPT,20180132754,Davidson,Nashville,2/9/2018 3:10:00 PM,2,0,0,36.192360,-86.616330,OLD HICKORY BLVD,,,,16.00,Feet,North,JUAREZ DR,,,,0.00,N,Not at Intersection, ,Non-Junction,None,,,         ,Marvis,Malone,Clear,Front to Rear,no,no,no,no,no,False
101911745,METROPOLITAN NASHVILLE POLICE DEPT,20180132978,Davidson,Nashville,2/9/2018 5:05:00 PM,2,0,0,36.091240,-86.651280,BRITISH WOODS DR,,,,0.00,,,MURFREESBORO PKE,,,,0.00,Y,T-Intersection, ,Non-Junction,None,,,         ,Eric,Keller,Clear,"Sideswipe, Same Direction",no,no,no,no,no,False
101911746,BERRY HILL POLICE DEPT,18-0459,Davidson,Nashville,2/9/2018 12:00:00 AM,1,0,0,36.101930,-86.763760,I65 N ENT RAMP,,,,0.00,,,I 65,,,,0.00,Y,Y-Intersection,Y,Entrance/Exit Ramp Related,None,,,         ,John,Gleixner,Cloudy,Not Collision with Motor Vehicle in Transport,no,no,no,no,no,False
101911747,BERRY HILL POLICE DEPT,18-0460,Davidson,Nashville,2/9/2018 12:00:00 AM,3,0,0,36.131050,-86.773690,I 65,,,,0.00,,,,,,,81.15,N,Not at Intersection,N,Non-Junction,None,,,         ,John,Gleixner,Clear,Front to Rear,no,no,no,no,no,False