master_record_number,agency,agency_tracking_number,county,city,collision_date,vehicles_involved,number_injured,number_dead,latitude,longitude,roadway_name,roadway_suffix,roadway_number,roadway_local_id,distance_from_reference,miles-feet_indicator,direction_from_reference,intersection_road_name,intersection_road_name_suffix,intersection_road_number,intersection_local_id,mile_marker,intersection_indicator,intersect_type,interchange_related_indicator,relation_to_junction,work_zone_type,construction_maintenance_zone,construction_maintenance_zone_location,fatal_case_number,officer_first_name,officer_last_name,weather_condition(s),manner_of_crash,pedestrian,bicycle,scooter,parking,hitrun,mou
101912689,METROPOLITAN NASHVILLE POLICE DEPT,20180135614,Davidson,Antioch,2/10/2018 5:25:00 PM,2,0,0,36.065800,-86.582640,DORY DR,,,,0.00,,,SMITH SPRINGS PKWY,,,,0.00,Y,Four-Way,Y,Non-Junction,None,,,         ,Andrew,Brazee,Rain,Angle,no,no,no,no,no,False
101912696,METROPOLITAN NASHVILLE POLICE DEPT,20180135541,Davidson,Nashville,2/10/2018 4:28:00 PM,1,0,0,36.136750,-86.726780,I 24,,,,0.00,,,,,,,52.30,N,Not at Intersection,N,Non-Junction,None,,,         ,Ciarra,Rench,Rain,Not Collision with Motor Vehicle in Transport,no,no,no,no,yes,False
101912715,METROPOLITAN NASHVILLE POLICE DEPT,20180135611,Davidson,Nashville,2/10/2018 5:24:00 PM,2,0,0,36.121740,-86.750590,I440 E EXT RAMP,,,,0.00,,,I 440,,,,0.00,Y,OTHER,Y,Entrance/Exit Ramp Related,None,,,         ,Gary,Peters,Rain,Front to Rear,no,no,no,no,yes,False
101912723,METROPOLITAN NASHVILLE POLICE DEPT,20180135649,Davidson,Nashville,2/10/2018 6:12:00 PM,2,1,0,36.087600,-86.713960,PARAGON MILLS RD,,,,280.00,Feet,East,TAMPA DR,,,,0.00,N,Not at Intersection,N,Non-Junction,None,,,         ,Devonte,Coleman,Rain,Angle,no,no,no,no,no,False
101912727,METROPOLITAN NASHVILLE POLICE DEPT,20180135821,Davidson,Nashville,2/10/2018 7:50:00 PM,2,0,0,36.198830,-86.741080,GALLATIN PKE,,,,319.00,Feet,South,DELMAS AV,,,,0.00,N,Not at Intersection, ,Non-Junction,None,,,         ,Hunter,Fikes,Rain,Angle,no,no,no,no,yes,False
101912735,METROPOLITAN NASHVILLE POLICE DEPT,20180135786,Davidson,Nashville,2/10/2018 6:53:00 PM,2,0,0,36.059410,-86.669850,OTTENVILLE AV,,,,0.00,,,UNA ANTIOCH PKE,,,,0.00,Y,OTHER,N,Intersection,None,,,         ,Johnathon,Birdwell,Rain,Angle,no,no,no,no,no,False
101912737,METROPOLITAN NASHVILLE POLICE DEPT,20180135549,Davidson,Nashville,2/10/2018 5:19:00 PM,2,3,0,36.193090,-86.777250,I 65,,,,0.00,,,,,,,86.50,N,Not at Intersection,N,Non-Junction,None,,,         ,Sara,Lober,Rain,"Sideswipe, Same Direction",no,no,no,no,yes,False
101912742,METROPOLITAN NASHVILLE POLICE DEPT,20180135739,Davidson,Nashville,2/10/2018 6:44:00 PM,2,1,0,36.139610,-86.821630,MURPHY RD,,,,0.00,,,WEST END AV EXT RAMP,,,,0.00,Y,OTHER,Y,Entrance/Exit Ramp Related,None,,,         ,Gary,Peters,Rain,Angle,no,no,no,no,no,False
101912745,METROPOLITAN NASHVILLE POLICE DEPT,20180135824,Davidson,Nashville,2/10/2018 8:00:00 PM,1,0,0,36.150480,-86.770350,4TH AVS,,,,0.00,,,I40 E EXT RAMP,,,,0.00,Y,OTHER,Y,Intersection-Related,None,,,         ,Douglas,Sykes,Rain,Not Collision with Motor Vehicle in Transport,no,no,no,no,no,False
101912747,METROPOLITAN NASHVILLE POLICE DEPT,20180135667,Davidson,Not in City Limit,2/10/2018 6:26:00 PM,4,0,0,36.263140,-86.711900,GALLATIN PKEN,,,,28.00,Feet,North,STATE RT 45,,,,0.00,N,Not at Intersection,N,Non-Junction,None,,,         ,Michael,Quinn,Rain,Front to Rear,no,no,no,no,yes,False
101912750,METROPOLITAN NASHVILLE POLICE DEPT,20180135788,Davidson,Nashville,2/10/2018 7:40:00 PM,1,0,0,36.237310,-86.765020,OAKVIEW DR,,,,0.00,,,PARKWAY DR,,,,0.00,Y,T-Intersection,N,Intersection-Related,None,,,         ,Kevin,Crawford,Rain,Not Collision with Motor Vehicle in Transport,no,no,no,no,no,False
101912767,METROPOLITAN NASHVILLE POLICE DEPT,20180135920,Davidson,Nashville,2/10/2018 8:59:00 PM,1,1,0,36.158670,-86.817870,CLIFTON AV,,,,95.00,Feet,West,LENA ST,,,,0.00,N,Not at Intersection,N,Non-Junction,None,,,         ,Katelin,Ehrhardt,Rain,Not Collision with Motor Vehicle in Transport,no,no,no,no,no,False
101912795,METROPOLITAN NASHVILLE POLICE DEPT,20180135691,Davidson,Nashville,2/10/2018 6:38:00 PM,3,0,0,36.117570,-86.699650,BRILEY PKWY N EXT RAMP,,,,0.00,Feet,East,BRILEY PKWY N ENT RAMP,,,,0.00,N,Not at Intersection, ,Entrance/Exit Ramp Related,None,,,         ,Je-Marc,Sears,Rain,Front to Rear,no,no,no,no,no,False
101912802,METROPOLITAN NASHVILLE POLICE DEPT,20180135759,Davidson,Nashville,2/10/2018 7:23:00 PM,2,2,0,36.118110,-86.748840,NOLENSVILLE PKE,,,,135.00,Feet,North,LUTIE ST,,,,0.00,N,Not at Intersection,N,Non-Junction,None,,,         ,Ciarra,Rench,Rain,Angle,no,no,no,no,no,False
101912803,METROPOLITAN NASHVILLE POLICE DEPT,20180135901,Davidson,Not in City Limit,2/10/2018 8:32:00 PM,2,0,0,36.078540,-86.950810,HIGHWAY 70S,,,,0.00,,,BELLEVUE CTR PVTDR,,,,0.00,Y,Four-Way, ,,None,,,         ,Adam,Reese,,,no,no,no,no,no,False
101912808,METROPOLITAN NASHVILLE POLICE DEPT,20180135715,Davidson,Nashville,2/10/2018 6:45:00 PM,2,0,0,36.205120,-86.695960,OPRY MILLS DR,,,,997.00,Feet,East,MOSS ROSE DR,,,,0.00,N,Not at Intersection, ,Non-Junction,None,,,         ,Allyson,Reis,Rain,Angle,no,no,no,no,no,False
101912811,METROPOLITAN NASHVILLE POLICE DEPT,20180135959,Davidson,Nashville,2/10/2018 9:17:00 PM,2,0,0,36.076850,-86.641070,MURFREESBORO PKE,,,,155.00,Feet,East,LAKEVILLA DR,,,,0.00,N,Not at Intersection, ,Non-Junction,None,,,         ,Deandera,Payne,Rain,"Sideswipe, Same Direction",no,no,no,no,no,False
101912823,METROPOLITAN NASHVILLE POLICE DEPT,20180135991,Davidson,Nashville,2/10/2018 9:48:00 PM,2,0,0,36.147430,-86.799390,21ST AVS,,,,0.00,,,GRAND AV,,,,0.00,Y,T-Intersection,N,Intersection,None,,,         ,Ryan,Cagle,Rain,Front to Rear,no,no,no,no,yes,Campus
101912825,METROPOLITAN NASHVILLE POLICE DEPT,20180135987,Davidson,Nashville,2/10/2018 9:47:00 PM,1,0,0,36.182520,-86.772280,LANE GARDEN APTS PVTDR,,,,209.00,Feet,North,JOSEPH AV,,,,0.00,N,Not at Intersection,N,Non-Junction,None,,,         ,Ethan,Usherwood,Rain,Not Collision with Motor Vehicle in Transport,no,no,no,yes,no,False
101912826,METROPOLITAN NASHVILLE POLICE DEPT,20180135589,Davidson,Nashville,2/10/2018 5:30:00 PM,2,0,0,36.148760,-86.746350,I 40,,,,0.00,,,,,,,211.85,N,Not at Intersection, ,,None,,,         ,Jessica,Johann,,,no,no,no,no,no,False
101912829,METROPOLITAN NASHVILLE POLICE DEPT,20180136016,Davidson,Nashville,2/10/2018 10:05:00 PM,2,0,0,36.171840,-86.764770,S 5TH ST,,,,0.00,,,WOODLAND ST,,,,0.00,Y,Four-Way,N,Intersection,None,,,         ,Tyler,Adcock,Rain,Angle,no,no,no,no,no,False
101912831,METROPOLITAN NASHVILLE POLICE DEPT,20180135816,Davidson,Nashville,2/10/2018 8:00:00 PM,4,0,0,36.172480,-86.595110,CENTRAL PKE,,,,0.00,Feet,,TULIP GROVE RD,,,,0.00,Y,Four-Way,N,Intersection-Related,None,,,         ,Abbey,Sawl,Rain,Front to Rear,no,no,no,no,yes,False
101912837,METROPOLITAN NASHVILLE POLICE DEPT,20180135745,Davidson,Nashville,2/10/2018 7:13:00 PM,2,0,0,36.173760,-86.602510,CENTRAL PKE,,,,121.00,Feet,West,OLD HICKORY BLVD,,,,0.00,N,Not at Intersection, ,Non-Junction,None,,,         ,Zachariah,Bush,Rain,Angle,no,no,no,no,no,False
101912842,METROPOLITAN NASHVILLE POLICE DEPT,20180136047,Davidson,Nashville,2/10/2018 12:00:00 AM,1,0,0,36.170140,-86.807600,I 40,,,,0.00,,,,,,,207.25,N,Not at Intersection,N,Non-Junction,None,,,         ,Russell,Jones,Rain,Not Collision with Motor Vehicle in Transport,no,no,no,no,no,False
101912844,METROPOLITAN NASHVILLE POLICE DEPT,20180135983,Davidson,Nashville,2/10/2018 9:45:00 PM,2,0,0,36.169780,-86.810180,I 40,,,,0.00,,,,,,,207.10,N,Not at Intersection, ,Non-Junction,None,,,         ,Andrey,Volfson,Rain,"Sideswipe, Same Direction",no,no,no,no,no,False
101912861,METROPOLITAN NASHVILLE POLICE DEPT,20180136105,Davidson,Not in City Limit,2/10/2018 11:05:00 PM,1,0,0,36.077310,-87.011780,I 40,,,,0.00,,,,,,,193.00,N,Not at Intersection, ,Non-Junction,None,,,         ,Sekou,Samassi,Rain,Not Collision with Motor Vehicle in Transport,no,no,no,no,no,False
101912864,METROPOLITAN NASHVILLE POLICE DEPT,20180136150,Davidson,Nashville,2/10/2018 7:50:00 PM,2,0,0,36.176600,-86.596470,ROCKWOOD DR,,,,289.00,Feet,East,SADDLESTONE DR,,,,0.00,N,Not at Intersection,N,Non-Junction,None,,,         ,Benjamin,Cole,Rain,Front to Rear,no,no,no,no,yes,False
101912881,METROPOLITAN NASHVILLE POLICE DEPT,20180136156,Davidson,Nashville,2/10/2018 11:30:00 PM,2,4,0,36.139510,-86.700310,KAREN DR,,,,0.00,,,BRILEY PKWY,,,,0.00,Y,Four-Way,N,Intersection,None,,,         ,Jacob,West,Rain,HeadOn,no,no,no,no,no,False
101912886,METROPOLITAN NASHVILLE POLICE DEPT,20180135973,Davidson,Nashville,2/10/2018 9:35:00 PM,5,0,0,36.087160,-86.622740,RURAL HILL RD,,,,390.00,Feet,North,WATERSVIEW DR,,,,0.00,N,Not at Intersection,N,Non-Junction,None,,,         ,Jessica,Johann,Rain,Front to Rear,no,no,no,no,no,False
101912890,METROPOLITAN NASHVILLE POLICE DEPT,20180136060,Davidson,Antioch,2/10/2018 12:00:00 AM,2,0,0,36.009150,-86.621710,OLD HICKORY BLVD,,,,0.00,,,OCTOBER WOODS DR,,,,0.00,Y,T-Intersection,N,Intersection,None,,,         ,Sandra,Fly,Rain,Angle,no,no,no,no,no,False
101912891,METROPOLITAN NASHVILLE POLICE DEPT,20180136304,Davidson,Nashville,2/11/2018 12:34:00 AM,2,0,0,36.158330,-86.783400,9TH AVS,,,,0.00,,,BROADWAY,,,,0.00,Y,T-Intersection, ,Intersection-Related,None,,,         ,Blake,Lutz,Rain,Angle,no,no,no,no,no,False
101912909,METROPOLITAN NASHVILLE POLICE DEPT,20180136406,Davidson,Not in City Limit,2/10/2018 9:30:00 PM,1,0,0,36.099690,-86.984220,BUFFALO RD,,,,2340.00,Feet,West,HUNTWICK TRL,,,,0.00,N,Not at Intersection,N,Non-Junction,None,,,         ,Jessie,Loy,Rain,Not Collision with Motor Vehicle in Transport,no,no,no,no,yes,False
101912917,METROPOLITAN NASHVILLE POLICE DEPT,20180136290,Davidson,Nashville,2/10/2018 10:03:00 PM,2,0,0,36.247630,-86.715680,DUE WEST AVE,,,,0.00,,,ARGLE AV,,,,0.00,Y,Four-Way,N,Intersection,None,,,         ,Nicholas,Truan,Rain,Angle,no,no,no,no,no,False
101912922,METROPOLITAN NASHVILLE POLICE DEPT,20180136343,Davidson,Nashville,2/11/2018 1:11:00 AM,1,0,0,36.151180,-86.768260,2ND AVS,,,,62.00,Feet,South,I40 E ENT RAMP,,,,0.00,N,Not at Intersection,N,Non-Junction,None,,,         ,Tyler,Manivong,Rain,Not Collision with Motor Vehicle in Transport,no,no,no,no,yes,False
101912923,METROPOLITAN NASHVILLE POLICE DEPT,20180136368,Davidson,Nashville,2/11/2018 1:26:00 AM,2,1,0,36.151250,-86.794320,DIVISION ST,,,,0.00,,,18TH AVS,,,,0.00,Y,T-Intersection,N,Intersection,None,,,         ,Craig,Oakley,Rain,Angle,no,no,no,no,no,False
101912926,THP District 3 - Nashville,318008560,Davidson,Nashville,2/9/2018 3:00:00 PM,2,0,0,36.056580,-86.774240,I 65,,,,0.00,,,,,,,75.00,N,Not at Intersection, ,Non-Junction,None,,,         ,Jason,Cannon,Clear,"Sideswipe, Same Direction",no,no,no,no,no,False
101912927,METROPOLITAN NASHVILLE POLICE DEPT,20180136385,Davidson,Nashville,2/11/2018 1:30:00 AM,2,0,0,36.155870,-86.826990,I40 E EXT RAMP,,,,0.00,Feet,East,I 40,,,,0.00,N,Not at Intersection,N,Non-Junction,None,,,         ,Christopher,Royer,Rain,"Sideswipe, Same Direction",no,no,no,no,yes,False
101912931,METROPOLITAN NASHVILLE POLICE DEPT,20180136389,Davidson,Nashville,2/11/2018 1:30:00 AM,2,0,0,36.216500,-86.692380,BRILEY PKWYN,,,,38.00,Feet,South,MCGAVOCK PKE WB ENT RAMP,,,,0.00,N,Not at Intersection, ,,None,,,         ,Meghan,Pope,,,no,no,no,no,no,False
101912934,METROPOLITAN NASHVILLE POLICE DEPT,20180136252,Davidson,Nashville,2/11/2018 12:11:00 AM,1,1,0,36.028170,-86.744010,EDMONDSON PKE,,,,459.00,Feet,South,CLOVERLAND DR,,,,0.00,N,Not at Intersection,N,Non-Junction,None,,,         ,Nakia,Reid,Rain,Not Collision with Motor Vehicle in Transport,no,no,no,no,no,False
101912935,METROPOLITAN NASHVILLE POLICE DEPT,20180136328,Davidson,Nashville,2/11/2018 12:54:00 AM,2,0,0,36.224920,-86.822430,BUENA VISTA PKE,,,,451.00,Feet,South,AMES DR,,,,0.00,N,Not at Intersection,N,Non-Junction,None,,,         ,James,Murphy,Rain,Angle,no,no,no,no,yes,False
101912938,METROPOLITAN NASHVILLE POLICE DEPT,20180136512,Davidson,Nashville,2/11/2018 1:40:00 AM,1,0,0,36.181770,-86.770350,STOCKELL ST,,,,160.00,Feet,North,BERRY ST,,,,0.00,N,Not at Intersection,N,Non-Junction,None,,,         ,Landon,Bagwell,Rain,Not Collision with Motor Vehicle in Transport,no,no,no,yes,no,False
101912940,METROPOLITAN NASHVILLE POLICE DEPT,20180136418,Davidson,Nashville,2/11/2018 12:54:00 AM,1,0,0,36.224920,-86.822430,BUENA VISTA PKE,,,,451.00,Feet,South,AMES DR,,,,0.00,N,Not at Intersection,N,Non-Junction,None,,,         ,James,Murphy,Rain,Not Collision with Motor Vehicle in Transport,no,no,no,no,no,False
101912941,METROPOLITAN NASHVILLE POLICE DEPT,20180136220,Davidson,Nashville,2/10/2018 11:59:00 PM,2,0,0,36.151800,-86.771250,LAFAYETTE ST,,,,0.00,,,4TH AVS,,,,0.00,Y,Four-Way,N,Intersection-Related,None,,,         ,Stephen,Waterman,Rain,Angle,no,no,no,no,yes,False
101912945,METROPOLITAN NASHVILLE POLICE DEPT,20180136394,Davidson,Antioch,2/11/2018 1:24:00 AM,2,0,0,36.030590,-86.581490,WILDGROVE DR,,,,93.00,Feet,North,SUNNYVALE DR,,,,0.00,N,Not at Intersection,N,Non-Junction,None,,,         ,Sandra,Fly,Rain,Not Collision with Motor Vehicle in Transport,no,no,no,no,yes,False
101912959,METROPOLITAN NASHVILLE POLICE DEPT,20180136487,Davidson,Nashville,2/11/2018 2:48:00 AM,1,1,0,36.085210,-86.920680,AMBERWOOD CIR,,,,0.00,,,OLD HICKORY BLVD,,,,0.00,Y,OTHER,N,Non-Junction,None,,,         ,Michael,Richardson,Rain,Not Collision with Motor Vehicle in Transport,no,no,no,no,no,False
101912960,METROPOLITAN NASHVILLE POLICE DEPT,20180136620,Davidson,Nashville,2/11/2018 4:22:00 AM,1,0,0,36.144300,-86.626420,BELL RD,,,,445.00,Feet,South,LINCOYA BAY DR,,,,0.00,N,Not at Intersection,N,Non-Junction,None,,,         ,Bradley,Pope,Rain,Not Collision with Motor Vehicle in Transport,no,no,no,no,yes,False
101912968,METROPOLITAN NASHVILLE POLICE DEPT,20180136548,Davidson,Antioch,2/11/2018 12:00:00 AM,1,0,0,35.990780,-86.641460,BURKITT RD,,,,0.75,Miles,East,WHITTEMORE LN,,,,0.00,N,Not at Intersection,N,Non-Junction,None,,,         ,Sandra,Fly,Rain,Not Collision with Motor Vehicle in Transport,no,no,no,no,no,False
101912974,METROPOLITAN NASHVILLE POLICE DEPT,20180136497,Davidson,Nashville,2/11/2018 2:55:00 AM,1,1,0,36.069160,-86.689800,HAYWOOD LN,,,,92.00,Feet,West,I24 E EXT RAMP,,,,0.00,N,Not at Intersection,N,Non-Junction,None,,,         ,Autumn,Manning,Rain,Not Collision with Motor Vehicle in Transport,no,no,no,no,no,False
101912981,METROPOLITAN NASHVILLE POLICE DEPT,20180136610,Davidson,Nashville,2/11/2018 4:16:00 AM,2,0,0,36.121640,-86.704610,MURFREESBORO PKE,,,,92.00,Feet,South,KERMIT DR,,,,0.00,N,Not at Intersection,N,Non-Junction,None,,,         ,Jacob,West,Rain,Front to Rear,no,no,no,no,no,False
101912982,METROPOLITAN NASHVILLE POLICE DEPT,20180136699,Davidson,Nashville,2/11/2018 5:21:00 AM,2,0,0,36.176530,-86.769860,SPRING ST,,,,43.00,Feet,West,I24 W EXT RAMP,,,,0.00,N,Not at Intersection,Y,Entrance/Exit Ramp Related,None,,,         ,Shaquille,Graham,Rain,Angle,no,no,no,no,yes,False
101913010,GOODLETTSVILLE POLICE DEPT,18-05341,Davidson,Goodlettsville,2/10/2018 3:28:00 AM,1,0,0,36.311360,-86.705810,RIVERGATE PKWY,,,,0.00,,,MOSS TRL,,,,0.00,Y,T-Intersection,Y,Intersection,None,,,         ,Shane,Farrell,Rain,Not Collision with Motor Vehicle in Transport,no,no,no,no,no,False
101913031,METROPOLITAN NASHVILLE POLICE DEPT,20180136691,Davidson,Nashville,2/11/2018 4:45:00 AM,3,0,0,36.080380,-86.697800,LINBAR DR,,,,899.00,Feet,South,MARGO LN,,,,0.00,N,Not at Intersection,N,Non-Junction,None,,,         ,Brenda,Navarro,Rain,Angle,no,no,no,yes,no,False
101913037,METROPOLITAN NASHVILLE POLICE DEPT,20180136905,Davidson,Nashville,2/10/2018 12:00:00 AM,2,0,0,36.181100,-86.606690,OLD HICKORY BLVD,,,,567.00,Feet,East,FRIST BLVD,,,,0.00,N,Not at Intersection, ,Non-Junction,None,,,         ,Brian,Myatt,Unknown,Unknown,no,no,no,yes,yes,False
101913080,METROPOLITAN NASHVILLE POLICE DEPT,20180136945,Davidson,Nashville,2/11/2018 8:34:00 AM,2,1,0,36.148980,-86.746340,I 40,,,,0.00,,,,,,,211.85,N,Not at Intersection,N,Non-Junction,None,,,         ,Zachary,Scott,Rain,Angle,no,no,no,no,no,False
101913119,METROPOLITAN NASHVILLE POLICE DEPT,20180137049,Davidson,Nashville,2/11/2018 9:55:00 AM,1,1,0,36.163780,-86.793690,I 40,,,,0.00,,,,,,,208.55,N,Not at Intersection,N,Non-Junction,None,,,         ,Tony,Folad,Rain,Not Collision with Motor Vehicle in Transport,no,no,no,no,no,False
101913140,METROPOLITAN NASHVILLE POLICE DEPT,20180137140,Davidson,Nashville,2/11/2018 11:15:00 AM,2,0,0,36.175280,-86.788030,5TH AVN,,,,0.00,,,MADISON ST,,,,0.00,Y,Four-Way, ,,None,,,         ,William,Coy,,,no,no,no,no,no,False
101913142,METROPOLITAN NASHVILLE POLICE DEPT,20180136862,Davidson,Nashville,2/11/2018 7:20:00 AM,1,0,0,36.035080,-86.676320,W OAK HIGHLAND DR,,,,105.00,Feet,West,OAK HIGHLAND DR,,,,0.00,N,Not at Intersection,N,Non-Junction,None,,,         ,Barry,Demonbreun,Rain,Not Collision with Motor Vehicle in Transport,no,no,no,yes,yes,False
101913146,METROPOLITAN NASHVILLE POLICE DEPT,20180137079,Davidson,Nashville,2/11/2018 10:25:00 AM,2,1,0,36.155030,-86.788690,I 40,,,,0.00,,,,,,,209.20,N,Not at Intersection,N,Non-Junction,None,,,         ,James,Thornton,Rain,Angle,no,no,no,no,no,False
101913158,METROPOLITAN NASHVILLE POLICE DEPT,2018-0137148,Davidson,Nashville,2/11/2018 11:15:00 AM,2,0,0,36.233430,-86.768090,I 65,,,,0.00,,,,,,,89.30,N,Not at Intersection,N,Non-Junction,None,,,         ,Travis,Baxter,Rain,Angle,no,no,no,no,no,False
101913161,METROPOLITAN NASHVILLE POLICE DEPT,20180137136,Davidson,Nashville,2/11/2018 11:09:00 AM,2,0,0,36.119160,-86.726540,I 24,,,,0.00,,,,,,,53.00,N,Not at Intersection, ,Non-Junction,None,,,         ,Jared,Eaves,Rain,"Sideswipe, Same Direction",no,no,no,no,no,False
101913162,METROPOLITAN NASHVILLE POLICE DEPT,20180137220,Davidson,Nashville,2/11/2018 11:47:00 AM,1,0,0,36.119370,-86.726610,I 24,,,,0.00,,,,,,,53.00,N,Not at Intersection, ,Non-Junction,None,,,         ,Jared,Eaves,Rain,Not Collision with Motor Vehicle in Transport,no,no,no,no,no,False
101913177,METROPOLITAN NASHVILLE POLICE DEPT,20180137160,Davidson,Nashville,2/11/2018 10:55:00 AM,1,0,0,36.152250,-86.822810,I 440,,,,0.00,,,,,,,0.60,N,Not at Intersection, ,Non-Junction,None,,,         ,Jack,Crouch,Rain,Not Collision with Motor Vehicle in Transport,no,no,no,no,no,False
101913181,METROPOLITAN NASHVILLE POLICE DEPT,20180137126,Davidson,Nashville,2/11/2018 10:54:00 AM,1,0,0,36.228260,-86.697700,BRILEY PKWYS,,,,1423.00,Feet,South,MUSIC VALLEY DR,,,,0.00,N,Not at Intersection,N,Non-Junction,None,,,         ,Nicolas,Pernell,Rain,Not Collision with Motor Vehicle in Transport,no,no,no,no,no,False
101913182,METROPOLITAN NASHVILLE POLICE DEPT,20180137179,Davidson,Nashville,2/11/2018 11:30:00 AM,2,0,0,36.153550,-86.822870,I 440,,,,0.00,,,,,,,0.70,N,Not at Intersection, ,Non-Junction,None,,,         ,Terrence,Bradley,Rain,"Sideswipe, Same Direction",no,no,no,no,no,False
101913197,METROPOLITAN NASHVILLE POLICE DEPT,20180137231,Davidson,Not in City Limit,2/11/2018 12:30:00 PM,2,0,0,36.261240,-86.712530,GALLATIN PKES,,,,0.00,Feet,East,MAPLE ST,,,,0.00,N,Not at Intersection,N,Non-Junction,None,,,         ,Joel,Rogers,Cloudy,"Sideswipe, Same Direction",no,no,no,no,yes,False
101913200,METROPOLITAN NASHVILLE POLICE DEPT,20180137131,Davidson,Nashville,2/11/2018 11:04:00 AM,2,2,0,36.074260,-86.638440,MURFREESBORO PKE,,,,100.00,Feet,South,RURAL HILL RD,,,,0.00,N,Not at Intersection,N,Non-Junction,None,,,         ,Brian,Etchison,Rain,Angle,no,no,no,no,no,False
101913210,METROPOLITAN NASHVILLE POLICE DEPT,20180137180,Davidson,Nashville,2/11/2018 10:50:00 AM,2,0,0,36.166610,-86.682400,FAIRWAY DR,,,,240.00,Feet,South,SWEETWOOD RD,,,,0.00,N,Not at Intersection, ,"Driveway, Alley Access, etc",None,,,         ,Ralph,Harvey,Rain,Angle,no,no,no,no,yes,False
101913211,METROPOLITAN NASHVILLE POLICE DEPT,20180137225,Davidson,Nashville,2/11/2018 11:45:00 AM,2,0,0,36.126830,-86.710550,THOMPSON PL,,,,165.00,Feet,East,MURFREESBORO PKE,,,,0.00,N,Not at Intersection, ,Non-Junction,None,,,         ,Chad,Turnbow,Rain,Front to Rear,no,no,no,no,no,False
101913215,METROPOLITAN NASHVILLE POLICE DEPT,20180136953,Davidson,Nashville,2/11/2018 8:45:00 AM,2,0,0,36.206620,-86.777900,BRICK CHURCH PKE,,,,0.00,Feet,,W TRINITY LN,,,,0.00,Y,Four-Way, ,Intersection,None,,,         ,Royce,McLester,Rain,"Sideswipe, Same Direction",no,no,no,no,no,False
101913216,METROPOLITAN NASHVILLE POLICE DEPT,20180137199,Davidson,Nashville,2/11/2018 12:08:00 PM,1,1,0,36.071910,-86.691550,I24 E EXT RAMP,,,,0.00,,,I 24,,,,0.00,Y,Y-Intersection,Y,Entrance/Exit Ramp Related,None,,,         ,Charles,Wakefield,Rain,Not Collision with Motor Vehicle in Transport,no,no,no,no,no,False
101913224,BERRY HILL POLICE DEPT,18-0488,Davidson,Berry Hill,2/11/2018 12:32:00 PM,2,1,0,36.128590,-86.777890,FRANKLIN PKE,,,,0.00,,,8TH AVS,,,,0.00,Y,Four-Way, ,Intersection,None,,,         ,Ronnie,Hill,Cloudy,Front to Rear,no,no,no,no,no,False
101913225,METROPOLITAN NASHVILLE POLICE DEPT,20180137260,Davidson,Nashville,2/11/2018 1:14:00 PM,1,0,0,36.165400,-86.857080,57TH AVN,,,,98.00,Feet,North,NEW YORK AV,,,,0.00,N,Not at Intersection,N,Non-Junction,None,,,         ,Darren,Key,Cloudy,Not Collision with Motor Vehicle in Transport,no,no,no,no,no,False
101913246,METROPOLITAN NASHVILLE POLICE DEPT,20180137358,Davidson,Nashville,2/11/2018 2:16:00 PM,2,0,0,36.227030,-86.759810,DICKERSON PKE,,,,437.00,Feet,North,HILLHURST DR,,,,0.00,N,Not at Intersection, ,Non-Junction,None,,,         ,Christopher,Valdez,Cloudy,"Sideswipe, Same Direction",no,no,no,no,yes,False
101913259,METROPOLITAN NASHVILLE POLICE DEPT,20180137336,Davidson,Nashville,2/11/2018 12:46:00 PM,2,0,0,36.076570,-86.640730,MURFREESBORO PKE,,,,298.00,Feet,East,LAKEVILLA DR,,,,0.00,N,Not at Intersection, ,,None,,,         ,Brady,Reynolds,,,no,no,no,no,no,False
101913315,METROPOLITAN NASHVILLE POLICE DEPT,20180137410,Davidson,Nashville,2/11/2018 3:22:00 PM,2,0,0,36.082290,-86.646420,SCOTT VALLEY DR,,,,186.00,Feet,South,MURFREESBORO PKE,,,,0.00,N,Not at Intersection, ,Non-Junction,None,,,         ,Deandera,Payne,Clear,Front to Rear,no,no,no,no,no,False
101913345,METROPOLITAN NASHVILLE POLICE DEPT,20180137561,Davidson,Nashville,2/11/2018 3:33:00 PM,2,0,0,36.243290,-86.762500,SKYLINE COMMONS PVTDR,,,,0.00,Feet,East,DOVERSIDE DR,,,,0.00,N,Not at Intersection,N,Non-Junction,None,,,         ,Adam,Crutcher,Rain,"Sideswipe, Opposite Direction",no,no,no,yes,yes,False
101913349,METROPOLITAN NASHVILLE POLICE DEPT,20180137345,Davidson,Nashville,2/11/2018 2:45:00 PM,3,2,0,36.055410,-86.674830,I 24,,,,0.00,,,,,,,58.30,N,Not at Intersection,N,Non-Junction,None,,,         ,Luis,De Los Santos,Clear,"Sideswipe, Same Direction",no,no,no,no,no,False
101913357,METROPOLITAN NASHVILLE POLICE DEPT,20180137535,Davidson,Nashville,2/11/2018 4:13:00 PM,1,0,0,36.061120,-86.680760,I 24,,,,0.00,,,,,,,57.75,N,Not at Intersection, ,Non-Junction,None,,,         ,Jedidayah,Merriweather,Cloudy,Not Collision with Motor Vehicle in Transport,no,no,no,no,no,False