master_record_number,agency,agency_tracking_number,county,city,collision_date,vehicles_involved,number_injured,number_dead,latitude,longitude,roadway_name,roadway_suffix,roadway_number,roadway_local_id,distance_from_reference,miles-feet_indicator,direction_from_reference,intersection_road_name,intersection_road_name_suffix,intersection_road_number,intersection_local_id,mile_marker,intersection_indicator,intersect_type,interchange_related_indicator,relation_to_junction,work_zone_type,construction_maintenance_zone,construction_maintenance_zone_location,fatal_case_number,officer_first_name,officer_last_name,weather_condition(s),manner_of_crash,pedestrian,bicycle,scooter,parking,hitrun,mou
101917159,METROPOLITAN NASHVILLE POLICE DEPT,20180152376,Davidson,Nashville,2/15/2018 8:30:00 PM,2,1,0,36.087430,-86.692210,ANTIOCH PKE,,,,0.00,,,HARDING PL,,,,0.00,Y,Four-Way,N,Non-Junction,None,,,         ,Eric,Keller,Clear,Front to Rear,no,no,no,no,no,False
101917161,METROPOLITAN NASHVILLE POLICE DEPT,20180146241,Davidson,Madison,2/14/2018 2:27:00 AM,2,0,1,36.273440,-86.710040,GALLATIN PKEN,,,,0.00,,,ANDERSON LN,,,,0.00,Y,T-Intersection,Y,Intersection,None,,,18-0080  ,Kevin,Coleman,Rain,Angle,no,no,no,no,yes,False
101917162,METROPOLITAN NASHVILLE POLICE DEPT,20180151828,Davidson,Nashville,2/15/2018 5:44:00 PM,3,0,0,36.118850,-86.767640,I65 ENT RAMP,,,,0.00,,,I 440,,,,0.00,Y,OTHER, ,Non-Junction,None,,,         ,Christopher,Butner,Clear,Front to Rear,no,no,no,no,no,False
101917179,METROPOLITAN NASHVILLE POLICE DEPT,20180151888,Davidson,Old Hickory,2/15/2018 4:37:00 PM,2,0,0,36.256240,-86.654560,ROBINSON RD,,,,218.00,Feet,West,MERRITT ST,,,,0.00,N,Not at Intersection,N,Non-Junction,None,,,         ,Zachariah,Bush,Clear,HeadOn,no,no,no,no,yes,False
101917182,METROPOLITAN NASHVILLE POLICE DEPT,20180152324,Davidson,Nashville,2/15/2018 8:17:00 PM,2,0,0,36.240600,-86.780680,BRICK CHURCH PKE,,,,105.00,Feet,South,BRILEY PARK BLVDS,,,,0.00,N,Not at Intersection, ,Non-Junction,None,,,         ,Rodney,Phipps,Clear,Angle,no,no,no,no,no,False
101917188,METROPOLITAN NASHVILLE POLICE DEPT,20180151955,Davidson,Nashville,2/15/2018 6:18:00 PM,1,0,0,36.175290,-86.756850,S 9TH ST,,,,266.00,Feet,South,MAIN ST,,,,0.00,N,Not at Intersection, ,Non-Junction,None,,,         ,Randall,Smith,Clear,Not Collision with Motor Vehicle in Transport,no,no,no,no,no,False
101917195,METROPOLITAN NASHVILLE POLICE DEPT,20180151976,Davidson,Nashville,2/15/2018 6:23:00 PM,3,2,0,36.118370,-86.801170,I 440,,,,0.00,,,,,,,3.15,N,Not at Intersection,N,Non-Junction,None,,,         ,Jacob,Paul,Clear,Front to Rear,no,no,no,no,no,False
101917224,METROPOLITAN NASHVILLE POLICE DEPT,2018-0152397,Davidson,Nashville,2/15/2018 7:50:00 PM,2,0,0,36.096150,-86.737670,NOLENSVILLE PKE,,,,0.00,,,ALLIED DR,,,,0.00,Y,T-Intersection, ,Intersection-Related,None,,,         ,John,Roberson,Clear,Front to Rear,no,no,no,no,no,False
101917229,GOODLETTSVILLE POLICE DEPT,18-06088,Davidson,Goodlettsville,2/15/2018 5:42:00 PM,2,0,0,36.302750,-86.701810,RIVERGATE PKWY,,,,75.00,Feet,South,WREN RD,,,,0.00,N,Not at Intersection, ,Non-Junction,None,,,         ,Charles,Hauskin,Clear,Front to Rear,no,no,no,no,no,False
101917230,METROPOLITAN NASHVILLE POLICE DEPT,20180151988,Davidson,Old Hickory,2/15/2018 5:07:00 PM,2,0,0,36.256240,-86.654560,ROBINSON RD,,,,218.00,Feet,West,MERRITT ST,,,,0.00,N,Not at Intersection,N,Non-Junction,None,,,         ,Zachariah,Bush,Clear,"Sideswipe, Same Direction",no,no,no,no,yes,False
101917232,METROPOLITAN NASHVILLE POLICE DEPT,20180151379,Davidson,Nashville,2/15/2018 2:00:00 PM,2,0,0,36.151560,-86.795880,BROADWAY,,,,253.00,Feet,South,18TH AVS,,,,0.00,N,Not at Intersection, ,Non-Junction,None,,,         ,Jacob,Paul,Clear,"Sideswipe, Same Direction",no,no,no,no,no,False
101917235,METROPOLITAN NASHVILLE POLICE DEPT,20180152319,Davidson,Nashville,2/15/2018 8:17:00 PM,2,0,0,36.170370,-86.765350,RUSSELL ST,,,,64.00,Feet,East,S 4TH ST,,,,0.00,N,Not at Intersection,N,Non-Junction,None,,,         ,Hunter,Fikes,Clear,Angle,no,no,no,no,yes,False
101917252,METROPOLITAN NASHVILLE POLICE DEPT,20180152253,Davidson,Nashville,2/15/2018 7:28:00 PM,2,0,0,36.198440,-86.620270,LEBANON PKE,,,,0.00,Feet,,OLD HICKORY BLVD,,,,0.00,Y,Four-Way,N,Intersection-Related,None,,,         ,Michael,Fitch,Clear,Angle,no,no,no,no,no,False
101917261,METROPOLITAN NASHVILLE POLICE DEPT,20180152533,Davidson,Nashville,2/15/2018 9:19:00 PM,1,0,0,36.157400,-86.781150,8TH AVS,,,,212.00,Feet,North,DEMONBREUN ST,,,,0.00,N,Not at Intersection, ,,None,,,         ,Steven,Frazier Jr.,,,no,no,no,no,no,False
101917262,VANDERBILT UNIVERSITY POLICE,20180145109,Davidson,Nashville,2/13/2018 6:29:00 PM,2,0,0,36.141550,-86.805240,24TH AVS,,,,0.00,,,,,,,0.00,,,N,Non-Junction,None,,,         ,Lydell,Reedy,Clear,Other,no,no,no,yes,yes,Campus
101917278,METROPOLITAN NASHVILLE POLICE DEPT,20180152443,Davidson,Nashville,2/15/2018 12:00:00 AM,1,0,0,36.045860,-86.716920,HICKORY PLZ,,,,223.00,Feet,North,OLD HICKORY BLVD,,,,0.00,N,Not at Intersection,N,Non-Junction,None,,,         ,Akira,McSwain,Clear,Not Collision with Motor Vehicle in Transport,no,no,no,yes,no,False
101917291,METROPOLITAN NASHVILLE POLICE DEPT,20180152454,Davidson,Nashville,2/15/2018 12:00:00 AM,2,0,0,36.163700,-86.776350,2ND AVN,,,,183.00,Feet,North,COMMERCE ST,,,,0.00,N,Not at Intersection, ,Non-Junction,None,,,         ,Roy,Sain Jr.,Clear,Front to Rear,no,no,no,no,no,False
101917293,METROPOLITAN NASHVILLE POLICE DEPT,2018-0152346,Davidson,Nashville,2/15/2018 8:01:00 PM,2,0,0,36.150150,-86.857950,CHARLOTTE PKE,,,,0.00,,,WHITE BRIDGE PKE,,,,0.00,Y,Four-Way, ,Intersection,None,,,         ,Ryan,Allen,Clear,"Sideswipe, Same Direction",no,no,no,no,no,False
101917305,METROPOLITAN NASHVILLE POLICE DEPT,20180152622,Davidson,Nashville,2/15/2018 9:55:00 PM,2,0,0,36.062320,-86.904630,HIGHWAY 100,,,,0.00,,,OLD HICKORY BLVD,,,,0.00,Y,T-Intersection,Y,Intersection,None,,,         ,Roy,McElwee,Clear,Other,no,no,no,no,no,False
101917312,METROPOLITAN NASHVILLE POLICE DEPT,20180152480,Davidson,Not in City Limit,2/15/2018 9:06:00 PM,2,0,0,36.112320,-86.929630,CHARLOTTE PKE PVTDR,,,,0.00,,,CHARLOTTE PKE,,,,0.00,Y,T-Intersection,N,Intersection,None,,,         ,Brandon,Pedigo,Clear,Front to Rear,no,no,no,no,no,False
101917326,METROPOLITAN NASHVILLE POLICE DEPT,20180152328,Davidson,Not in City Limit,2/15/2018 8:19:00 PM,3,2,0,36.308610,-86.681540,RIVERCHASE BLVD,,,,0.00,,,GALLATIN PKEN,,,,0.00,Y,T-Intersection,N,Intersection,None,,,         ,Christopher,Littles,Clear,HeadOn,no,no,no,no,no,False
101917361,METROPOLITAN NASHVILLE POLICE DEPT,20180152773,Davidson,Nashville,2/15/2018 11:08:00 PM,1,0,0,36.156630,-86.775730,KOREAN VETERANS BLVD,,,,46.00,Feet,East,5TH AVS,,,,0.00,N,Not at Intersection,N,Non-Junction,None,,,         ,John,Anderson,Clear,Not Collision with Motor Vehicle in Transport,no,no,no,no,no,False
101917363,METROPOLITAN NASHVILLE POLICE DEPT,20180152682,Davidson,Nashville,2/15/2018 10:19:00 PM,1,1,0,36.117700,-86.697410,MCGAVOCK PKE,,,,432.00,Feet,North,MURFREESBORO PKE,,,,0.00,N,Not at Intersection,N,Non-Junction,None,,,         ,Trenton,Searcy,Clear,Not Collision with Motor Vehicle in Transport,no,no,no,no,no,False
101917380,METROPOLITAN NASHVILLE POLICE DEPT,20180152724,Davidson,Nashville,2/15/2018 12:00:00 AM,1,1,0,36.119240,-86.754770,MELROSE AV,,,,0.00,,,WINFORD AV,,,,0.00,Y,Four-Way,N,Intersection,Unknown,Unknown,Unknown,         ,Graham,Binkley,Unknown,Not Collision with Motor Vehicle in Transport,no,no,no,no,no,False
101917405,GOODLETTSVILLE POLICE DEPT,18-06095,Davidson,Goodlettsville,2/15/2018 8:11:00 PM,1,0,0,36.297315,-86.727612,ROBERT CARTWRIGHT,DR,,,500.00,Feet,North,SOUTH DICKERSON,RD,,,0.00,N,Not at Intersection,N,Non-Junction,None,,,         ,Shane,Farrell,Clear,Not Collision with Motor Vehicle in Transport,no,no,no,no,no,False
101917466,METROPOLITAN NASHVILLE POLICE DEPT,20180153705,Davidson,Nashville,2/16/2018 5:42:00 AM,2,0,0,36.154120,-86.736140,LEBANON PKE,,,,1026.00,Feet,East,OMOHUNDRO PL,,,,0.00,N,Not at Intersection, ,Non-Junction,None,,,         ,Curtis,Fisher,Clear,"Sideswipe, Same Direction",no,no,no,no,no,False
101917484,METROPOLITAN NASHVILLE POLICE DEPT,2018-150526,Davidson,Nashville,2/15/2018 9:14:00 AM,2,0,0,36.146980,-86.743580,I 40,,,,0.00,,,,,,,212.05,N,Not at Intersection,N,Non-Junction,None,,,         ,Joshua,Hausman,Cloudy,Front to Rear,no,no,no,no,yes,False
101917535,METROPOLITAN NASHVILLE POLICE DEPT,2018-0153799,Davidson,Nashville,2/16/2018 6:15:00 AM,2,0,0,36.148100,-86.767470,CAMERON ST,,,,0.00,,,3RD AVS,,,,0.00,Y,Four-Way, ,Intersection,None,,,         ,William,Whitworth,Cloudy,Angle,no,no,no,no,no,False
101917536,METROPOLITAN NASHVILLE POLICE DEPT,20180153800,Davidson,Nashville,2/16/2018 6:40:00 AM,2,0,0,36.191280,-86.733320,SCOTT AV,,,,0.00,,,DOUGLAS AV,,,,0.00,Y,T-Intersection, ,Intersection,None,,,         ,Jason,Hees,Cloudy,"Sideswipe, Same Direction",no,no,no,no,no,False
101917541,METROPOLITAN NASHVILLE POLICE DEPT,20180153842,Davidson,Nashville,2/16/2018 7:16:00 AM,2,0,0,36.141210,-86.717370,I 40,,,,0.00,,,,,,,213.80,N,Not at Intersection,N,Non-Junction,None,,,         ,Michael,Dance,Cloudy,Front to Rear,no,no,no,no,yes,False
101917548,METROPOLITAN NASHVILLE POLICE DEPT,20180153838,Davidson,Nashville,2/16/2018 7:11:00 AM,2,0,0,36.074310,-86.921540,HIGHWAY 70S,,,,136.00,Feet,East,OLD HARDING PKE,,,,0.00,N,Not at Intersection, ,Non-Junction,None,,,         ,Curtis,Rich,Rain,Angle,no,no,no,no,no,False
101917560,METROPOLITAN NASHVILLE POLICE DEPT,20180153943,Davidson,Nashville,2/16/2018 8:03:00 AM,2,0,0,36.154970,-86.818550,28TH AVN,,,,0.00,,,FELICIA ST,,,,0.00,Y,T-Intersection, ,Intersection,None,,,         ,Wesley,Young,Rain,Front to Rear,no,no,no,no,no,False
101917566,METROPOLITAN NASHVILLE POLICE DEPT,20180153781,Davidson,Madison,2/16/2018 6:33:00 AM,2,0,0,36.271090,-86.710370,ROOSEVELT AV,,,,0.00,,,GALLATIN PKEN,,,,0.00,Y,OTHER,N,Non-Junction,None,,,         ,Eric,Richardson,Cloudy,Angle,no,no,no,no,no,False
101917567,METROPOLITAN NASHVILLE POLICE DEPT,20180154002,Davidson,Nashville,2/16/2018 8:25:00 AM,2,0,0,36.152250,-86.635110,I 40,,,,0.00,,,,,,,218.55,N,Not at Intersection,N,Non-Junction,None,,,         ,Michael,Dance,Rain,Front to Rear,no,no,no,no,no,False
101917568,METROPOLITAN NASHVILLE POLICE DEPT,20180153807,Davidson,Nashville,2/16/2018 8:15:00 AM,1,0,0,36.154570,-86.762110,I 40,,,,0.00,,,,,,,210.85,N,Not at Intersection, ,Non-Junction,None,,,         ,Chad,Brooks,Rain,Not Collision with Motor Vehicle in Transport,no,no,no,no,no,False
101917574,METROPOLITAN NASHVILLE POLICE DEPT,20180153893,Davidson,Nashville,2/15/2018 12:00:00 AM,2,0,0,36.180150,-86.601890,ROCKWOOD DR,,,,378.00,Feet,East,HERMITAGE WOODS DR,,,,0.00,N,Not at Intersection, ,OtherLocation,None,,,         ,James,Curtis,Unknown,Unknown,no,no,no,no,yes,False
101917578,METROPOLITAN NASHVILLE POLICE DEPT,20180153933,Davidson,Nashville,2/16/2018 12:00:00 AM,1,0,0,36.136440,-86.760720,4TH AVS,,,,20.00,Feet,West,MOORE AV,,,,0.00,N,Not at Intersection,N,Non-Junction,None,,,         ,Nathan,Smith,Clear,Not Collision with Motor Vehicle in Transport,no,no,no,no,yes,False
101917579,METROPOLITAN NASHVILLE POLICE DEPT,20180153824,Davidson,Not in City Limit,2/16/2018 6:59:00 AM,2,0,0,36.308990,-86.824080,I 24,,,,0.00,,,,,,,37.85,N,Not at Intersection, ,Non-Junction,None,,,         ,Victor,Alexander,Rain,Front to Rear,no,no,no,no,no,False
101917586,METROPOLITAN NASHVILLE POLICE DEPT,20180153999,Davidson,Nashville,2/16/2018 8:23:00 AM,2,0,0,36.155610,-86.813800,CHARLOTTE AV,,,,0.00,,,,,,,0.00,,, ,Non-Junction,None,,,         ,Wesley,Young,Rain,Angle,no,no,no,yes,no,False
101917594,METROPOLITAN NASHVILLE POLICE DEPT,20180154105,Davidson,Nashville,2/16/2018 9:00:00 AM,2,0,0,36.116420,-86.869950,DAVIDSON RD,,,,191.00,Feet,East,JOCELYN HOLLOW RD,,,,0.00,N,Not at Intersection,N,Non-Junction,None,,,         ,Curtis,Rich,Rain,Angle,no,no,no,no,no,False
101917597,METROPOLITAN NASHVILLE POLICE DEPT,20180154066,Davidson,Nashville,2/16/2018 8:52:00 AM,2,0,0,36.193970,-86.831710,CLARKSVILLE PKE,,,,186.00,Feet,West,BUENA VISTA PKE,,,,0.00,N,Not at Intersection, ,Non-Junction,None,,,         ,Wesley,Young,Rain,Angle,no,no,no,no,no,False
101917598,METROPOLITAN NASHVILLE POLICE DEPT,20180153914,Davidson,Nashville,2/16/2018 7:48:00 AM,4,1,0,36.136800,-86.795630,WEDGEWOOD AV,,,,45.00,Feet,East,17TH AVS,,,,0.00,N,Not at Intersection,N,Non-Junction,None,,,         ,Michael,McCord,Rain,Front to Rear,no,no,no,no,no,False
101917600,METROPOLITAN NASHVILLE POLICE DEPT,20180153883,Davidson,Not in City Limit,2/16/2018 7:35:00 AM,1,0,0,36.314780,-86.832650,I 24,,,,0.00,,,,,,,37.25,N,Not at Intersection,N,Non-Junction,None,,,         ,Kenneth,Oneal,Rain,Not Collision with Motor Vehicle in Transport,no,no,no,no,no,False
101917603,METROPOLITAN NASHVILLE POLICE DEPT,20180154122,Davidson,Nashville,2/16/2018 9:10:00 AM,2,0,0,36.102910,-86.807260,ORIOLE PL,,,,383.00,Feet,North,SHACKLEFORD RD,,,,0.00,N,Not at Intersection,N,"Driveway, Alley Access, etc",None,,,         ,Trevor,Walace,Rain,Angle,no,no,no,no,yes,False
101917604,METROPOLITAN NASHVILLE POLICE DEPT,20180154024,Davidson,Nashville,2/16/2018 12:00:00 AM,1,0,0,36.119090,-86.755280,MELROSE AV,,,,160.00,Feet,West,WINFORD AV,,,,0.00,N,Not at Intersection,N,Non-Junction,None,,,         ,Nathan,Smith,Rain,Not Collision with Motor Vehicle in Transport,no,no,no,no,yes,False
101917618,METROPOLITAN NASHVILLE POLICE DEPT,20180154072,Davidson,Nashville,2/16/2018 8:33:00 AM,3,0,0,36.038700,-86.783100,OLD HICKORY BLVD,,,,110.00,Feet,West,I 65,,,,0.00,N,Not at Intersection, ,Non-Junction,None,,,         ,Samuel,Miller,Rain,Front to Rear,no,no,no,no,no,False
101917619,METROPOLITAN NASHVILLE POLICE DEPT,20180153869,Davidson,Nashville,2/16/2018 7:28:00 AM,1,0,0,36.053380,-86.654500,MT VIEW RD,,,,567.00,Feet,North,RURAL HILL RD,,,,0.00,N,Not at Intersection,N,Non-Junction,None,,,         ,Troy,Loewen,Cloudy,Not Collision with Motor Vehicle in Transport,no,no,no,no,no,False
101917623,METROPOLITAN NASHVILLE POLICE DEPT,20180154062,Davidson,Nashville,2/16/2018 8:51:00 AM,2,0,0,36.241960,-86.757080,DICKERSON PKE,,,,0.00,,,DICKERSON PKE ENT RAMP,,,,0.00,Y,T-Intersection, ,Entrance/Exit Ramp Related,None,,,         ,Cyretha,Frazier,Rain,Front to Rear,no,no,no,no,no,False
101917625,METROPOLITAN NASHVILLE POLICE DEPT,20180154027,Davidson,Nashville,2/16/2018 7:58:00 AM,2,0,0,36.136660,-86.795330,WEDGEWOOD AV,,,,61.00,Feet,West,MAGNOLIA BLVD,,,,0.00,N,Not at Intersection, ,,None,,,         ,Michael,McCord,,,no,no,no,no,no,False
101917655,METROPOLITAN NASHVILLE POLICE DEPT,20180154012,Davidson,Nashville,2/16/2018 8:29:00 AM,2,0,0,36.045300,-86.701680,BELL RD,,,,0.00,,,OLD HICKORY BLVD,,,,0.00,Y,Four-Way, ,Intersection,None,,,         ,Carey,Steel,Rain,"Sideswipe, Same Direction",no,no,no,no,yes,False
101917660,VANDERBILT UNIVERSITY POLICE,20180150873,Davidson,Nashville,2/15/2018 9:20:00 AM,1,0,0,36.146070,-86.799550,SCARRITT PL,,,,0.00,Feet,,21ST AVS,,,,0.00,Y,T-Intersection,N,Non-Junction,None,,,         ,Sean,Hughes,Clear,Not Collision with Motor Vehicle in Transport,yes,no,no,no,yes,Campus
101917675,METROPOLITAN NASHVILLE POLICE DEPT,20180154021,Davidson,Nashville,2/16/2018 8:32:00 AM,2,1,0,36.084160,-86.705890,LINBAR DR,,,,0.00,,,HARDING PL,,,,0.00,Y,Four-Way, ,Non-Junction,None,,,         ,Bryan,Moore,Rain,Front to Rear,no,no,no,no,yes,False
101917680,METROPOLITAN NASHVILLE POLICE DEPT,20180154266,Davidson,Nashville,2/16/2018 10:30:00 AM,2,0,0,36.109600,-86.727920,EAST THOMPSON LN,,,,67.00,Feet,North,BRILEY PKWYN,,,,0.00,N,Not at Intersection, ,Non-Junction,None,,,         ,Jessie,Meadows,Rain,Front to Rear,no,no,no,no,no,False
101917681,METROPOLITAN NASHVILLE POLICE DEPT,20180154247,Davidson,Nashville,2/16/2018 10:09:00 AM,2,0,0,36.040840,-86.773470,OLD HICKORY BLVD,,,,0.00,,,HEALTH PARK DR,,,,0.00,Y,Four-Way,Y,Intersection-Related,None,,,         ,Samuel,Miller,Rain,Front to Rear,no,no,no,no,yes,False
101917683,METROPOLITAN NASHVILLE POLICE DEPT,20180154141,Davidson,Nashville,2/16/2018 8:46:00 AM,2,0,0,36.125870,-86.794020,BELMONT BLVD,,,,0.00,,,BEECHWOOD AV,,,,0.00,Y,Four-Way,N,Intersection,None,,,         ,Phillip,Murphy,Rain,Angle,no,no,no,no,no,False
101917684,METROPOLITAN NASHVILLE POLICE DEPT,20180154121,Davidson,Nashville,2/16/2018 9:23:00 AM,2,1,0,36.139500,-86.700200,BRILEY PKWYN,,,,0.00,,,KNIGHTS OF COLUMBUS BLVD,,,,0.00,Y,Four-Way, ,Intersection-Related,None,,,         ,Terry,Denton,Rain,Front to Rear,no,no,no,no,no,False
101917686,METROPOLITAN NASHVILLE POLICE DEPT,20180154262,Davidson,Nashville,2/16/2018 10:20:00 AM,2,0,0,36.161440,-86.777470,4TH AVN,,,,172.00,Feet,North,BROADWAY,,,,0.00,N,Not at Intersection, ,Non-Junction,None,,,         ,James,Thornton,Rain,Front to Rear,no,no,no,no,no,False
101917687,METROPOLITAN NASHVILLE POLICE DEPT,20180154235,Davidson,Nashville,2/16/2018 12:00:00 AM,2,1,0,36.227170,-86.778770,I 24,,,,0.00,,,,,,,44.65,N,Not at Intersection,N,Non-Junction,None,,,         ,Brian,Mclarty,Rain,Front to Rear,no,no,no,no,no,False
101917689,METROPOLITAN NASHVILLE POLICE DEPT,20180154173,Davidson,Nashville,2/16/2018 9:42:00 AM,2,0,0,36.164510,-86.781060,5TH AVN,,,,0.00,,,UNION ST,,,,0.00,Y,Four-Way, ,Intersection,None,,,         ,Frank,Campbell,Rain,Angle,no,no,no,no,no,False
101917691,METROPOLITAN NASHVILLE POLICE DEPT,20180154327,Davidson,Nashville,2/16/2018 10:43:00 AM,2,0,0,36.133230,-86.801310,PORTLAND AV,,,,0.00,,,MAGNOLIA BLVD,,,,0.00,Y,Four-Way,N,Intersection,None,,,         ,Michael,McCord,Rain,Angle,no,no,no,no,no,False
101917695,METROPOLITAN NASHVILLE POLICE DEPT,20180154258,Davidson,Nashville,2/16/2018 10:20:00 AM,2,0,0,36.151370,-86.799330,20TH AVS,,,,0.00,,,WEST END AV,,,,0.00,Y,Four-Way, ,Intersection,None,,,         ,Riley,Brewer,Rain,"Sideswipe, Same Direction",no,no,no,no,no,Campus
101917696,METROPOLITAN NASHVILLE POLICE DEPT,20180154377,Davidson,Nashville,2/16/2018 11:08:00 AM,2,0,0,36.191120,-86.797200,VANTAGE WAY,,,,0.00,,,FRENCH LANDING DR,,,,0.00,Y,Four-Way, ,Intersection,None,,,         ,Wesley,Young,Rain,Front to Rear,no,no,no,no,no,False
101917713,METROPOLITAN NASHVILLE POLICE DEPT,20180154467,Davidson,Not in City Limit,2/16/2018 12:00:00 PM,1,0,0,36.169810,-86.945480,RIVER ROAD PKE,,,,0.80,Miles,North,LAKEVIEW DR,,,,0.00,N,Not at Intersection, ,Non-Junction,None,,,         ,Curtis,Rich,Rain,Not Collision with Motor Vehicle in Transport,no,no,no,no,no,False
101917714,Nashville Airport Police,18-00618,Davidson,Nashville,2/16/2018 11:29:00 AM,1,0,0,36.136160,-86.667550,TERMINAL DR,,,,0.00,Miles,,I40 E EXT RAMP,,,,0.00,Y,OTHER, ,Non-Junction,None,,,         ,Jerry,Lovell,Rain,Not Collision with Motor Vehicle in Transport,no,no,no,no,no,False
101917722,METROPOLITAN NASHVILLE POLICE DEPT,20180153994,Davidson,Nashville,2/16/2018 8:21:00 AM,2,0,0,36.254090,-86.767000,MULBERRY WAY,,,,284.00,Feet,East,APPLE VALLEY CIR,,,,0.00,N,Not at Intersection,N,Non-Junction,None,,,         ,Dallas,Lowry,Rain,"Sideswipe, Opposite Direction",no,no,no,no,yes,False
101917729,METROPOLITAN NASHVILLE POLICE DEPT,20180154519,Davidson,Nashville,2/16/2018 12:02:00 PM,2,0,0,36.131880,-86.795500,BERNARD AV,,,,0.00,,,BELMONT BLVD,,,,0.00,Y,T-Intersection,N,Intersection,None,,,         ,Michael,McCord,Rain,Angle,no,no,no,no,no,False
101917730,METROPOLITAN NASHVILLE POLICE DEPT,20180154455,Davidson,Nashville,2/16/2018 12:00:00 AM,1,0,0,36.188570,-86.821100,ROSA L PARKS BLVD,,,,249.00,Feet,North,CLARKSVILLE PKE,,,,0.00,N,Not at Intersection,N,Non-Junction,None,,,         ,Chase,Burnett,Unknown,Not Collision with Motor Vehicle in Transport,no,no,no,no,yes,False
101917756,METROPOLITAN NASHVILLE POLICE DEPT,20180154489,Davidson,Nashville,2/16/2018 11:56:00 AM,2,0,0,36.142290,-86.666610,DONELSON PKE,,,,0.00,,,I40 W ENT RAMP,,,,0.00,Y,Four-Way,N,Intersection,None,,,         ,Michael,Dance,Rain,Front to Rear,no,no,no,no,no,False
101917773,METROPOLITAN NASHVILLE POLICE DEPT,20180154515,Davidson,Nashville,2/16/2018 12:00:00 PM,2,0,0,36.115660,-86.695590,MURFREESBORO PKE,,,,550.00,Feet,East,MCGAVOCK PKE,,,,0.00,N,Not at Intersection, ,Non-Junction,None,,,         ,Brian,Etchison,Rain,Front to Rear,no,no,no,no,no,False
101917778,METROPOLITAN NASHVILLE POLICE DEPT,20180154317,Davidson,Not in City Limit,2/16/2018 10:35:00 AM,2,3,0,36.269720,-86.755480,DICKERSON PKE,,,,183.00,Feet,North,OLD HICKORY BLVD,,,,0.00,N,Not at Intersection,N,Non-Junction,None,,,         ,Cyretha,Frazier,,Angle,no,no,no,no,no,False
101917779,METROPOLITAN NASHVILLE POLICE DEPT,20180154862,Davidson,Nashville,2/16/2018 11:45:00 AM,3,0,0,36.052000,-86.714510,NOLENSVILLE PKE,,,,184.00,Feet,North,OCALA DR,,,,0.00,N,Not at Intersection, ,Non-Junction,None,,,         ,Bryan,Moore,Rain,Front to Rear,no,no,no,no,no,False
101917780,METROPOLITAN NASHVILLE POLICE DEPT,20180154634,Davidson,Nashville,2/16/2018 1:00:00 PM,1,0,0,36.183270,-86.677750,TWO RIVERS PKWY,,,,95.00,Feet,West,MCGAVOCK PKE,,,,0.00,N,Not at Intersection, ,,None,,,         ,James,Curtis,,,no,no,no,no,no,False
101917797,METROPOLITAN NASHVILLE POLICE DEPT,2018-0154520,Davidson,Nashville,2/16/2018 12:07:00 PM,2,1,0,36.109540,-86.744480,NOLENSVILLE PKE,,,,87.00,Feet,South,COLLIER AV,,,,0.00,N,Not at Intersection,N,Non-Junction,None,,,         ,William,Whitworth,Rain,Angle,no,no,no,no,no,False
101917803,METROPOLITAN NASHVILLE POLICE DEPT,20180154334,Davidson,Nashville,2/16/2018 10:50:00 AM,2,0,0,36.117580,-86.725710,I 24,,,,0.00,,,,,,,53.10,N,Not at Intersection, ,,None,,,         ,James,Curtis,,,no,no,no,no,no,False
101917809,METROPOLITAN NASHVILLE POLICE DEPT,20180154721,Davidson,Nashville,2/16/2018 1:45:00 PM,2,0,0,36.152360,-86.837510,CHARLOTTE AV,,,,133.00,Feet,West,42ND AVN,,,,0.00,N,Not at Intersection, ,Non-Junction,None,,,         ,Curtis,Rich,Rain,Front to Rear,no,no,no,no,no,False
101917842,METROPOLITAN NASHVILLE POLICE DEPT,20180154731,Davidson,Nashville,2/16/2018 1:45:00 PM,2,0,0,36.127530,-86.712180,MURFREESBORO PKE,,,,1027.00,Feet,East,MILLWOOD DR,,,,0.00,N,Not at Intersection,N,Non-Junction,None,,,         ,Michael,Dance,Rain,Front to Rear,no,no,no,no,yes,False
101917846,METROPOLITAN NASHVILLE POLICE DEPT,20180154665,Davidson,Nashville,2/16/2018 1:00:00 PM,4,1,0,36.032700,-86.712830,NOLENSVILLE PKE,,,,304.00,Feet,South,CELEBRATION WAY,,,,0.00,N,Not at Intersection,N,Non-Junction,None,,,         ,Ryan,Howard,Rain,Front to Rear,no,no,no,no,no,False
101917878,METROPOLITAN NASHVILLE POLICE DEPT,20180154757,Davidson,Nashville,2/16/2018 1:36:00 PM,2,0,0,36.153870,-86.788290,I40 E ENT RAMP,,,,0.00,Feet,East,I 40,,,,0.00,N,Not at Intersection, ,Non-Junction,None,,,         ,Michael,McCord,Rain,Front to Rear,no,no,no,no,no,False
101917880,GOODLETTSVILLE POLICE DEPT,18-06172,Davidson,Goodlettsville,2/16/2018 1:44:00 PM,2,0,0,36.309480,-86.695660,VIETNAM VETERANS BLVD SB EXT R,,,,0.00,,,CONFERENCE DR,,,,0.00,Y,T-Intersection, ,Intersection,None,,,         ,John,Spencer,Cloudy,Front to Rear,no,no,no,no,no,False