master_record_number,agency,agency_tracking_number,county,city,collision_date,vehicles_involved,number_injured,number_dead,latitude,longitude,roadway_name,roadway_suffix,roadway_number,roadway_local_id,distance_from_reference,miles-feet_indicator,direction_from_reference,intersection_road_name,intersection_road_name_suffix,intersection_road_number,intersection_local_id,mile_marker,intersection_indicator,intersect_type,interchange_related_indicator,relation_to_junction,work_zone_type,construction_maintenance_zone,construction_maintenance_zone_location,fatal_case_number,officer_first_name,officer_last_name,weather_condition(s),manner_of_crash,pedestrian,bicycle,scooter,parking,hitrun,mou
101917881,METROPOLITAN NASHVILLE POLICE DEPT,20180154683,Davidson,Nashville,2/16/2018 1:20:00 PM,2,0,0,36.044620,-86.659390,-- UNKNOWN RAMP/ROAD --,,,,0.00,Feet,East,I 24,,,,0.00,N,Not at Intersection, ,Entrance/Exit Ramp Related,None,,,         ,Honorio,Canchola,Rain,Front to Rear,no,no,no,no,yes,False
101917882,METROPOLITAN NASHVILLE POLICE DEPT,20180154640,Davidson,Nashville,2/16/2018 1:02:00 PM,2,0,0,36.153690,-86.687790,ATRIUM WAY,,,,163.00,Feet,North,ELM HILL PKE,,,,0.00,N,Not at Intersection, ,Non-Junction,None,,,         ,Jerre,Fly,Rain,"Sideswipe, Same Direction",no,no,no,no,no,False
101917892,THP District 9 - Administrative,318009606,Davidson,Nashville,2/15/2018 12:00:00 AM,2,0,0,36.120320,-86.773460,I 65,,,,0.00,,,,,,,80.50,N,Not at Intersection,N,Non-Junction,None,,,         ,William,Goodman,Cloudy,Front to Rear,no,no,no,no,no,False
101917896,METROPOLITAN NASHVILLE POLICE DEPT,20180154816,Davidson,Not in City Limit,2/16/2018 1:39:00 PM,2,0,0,36.261820,-86.712340,GALLATIN PKES,,,,144.00,Feet,South,E OLD HICKORY BLVD,,,,0.00,N,Not at Intersection,N,Non-Junction,None,,,         ,Christopher,Littles,Cloudy,"Sideswipe, Same Direction",no,no,no,yes,yes,False
101917906,METROPOLITAN NASHVILLE POLICE DEPT,20180154779,Davidson,Nashville,2/16/2018 2:26:00 PM,2,1,0,36.154710,-86.773120,4TH AVS,,,,0.00,,,LEA AV,,,,0.00,Y,Four-Way,N,Intersection-Related,None,,,         ,Johnathan,Carlisle,Cloudy,"Sideswipe, Same Direction",no,no,no,no,no,False
101917907,METROPOLITAN NASHVILLE POLICE DEPT,20180154802,Davidson,Nashville,2/16/2018 2:22:00 PM,2,0,0,36.201420,-86.718210,PIEDMONT AV,,,,117.00,Feet,East,THISTLEWOOD AV,,,,0.00,N,Not at Intersection,N,Non-Junction,None,,,         ,Richard,Conger,Cloudy,Rear to Side,no,no,no,no,no,False
101917909,METROPOLITAN NASHVILLE POLICE DEPT,20180154709,Davidson,Nashville,2/16/2018 1:38:00 PM,3,0,0,36.163410,-86.761920,I 24,,,,0.00,,,,,,,49.20,N,Not at Intersection,N,Non-Junction,None,,,         ,Robert,Goodwin,Rain,Front to Rear,no,no,no,no,yes,False
101917948,METROPOLITAN NASHVILLE POLICE DEPT,20180154790,Davidson,Nashville,2/16/2018 2:45:00 PM,2,1,0,36.195110,-86.829920,BUENA VISTA PKE,,,,238.00,Feet,North,RESHA LN,,,,0.00,N,Not at Intersection,N,Non-Junction,None,,,         ,Brian,Woodard,Cloudy,Angle,no,no,no,no,no,False
101917950,METROPOLITAN NASHVILLE POLICE DEPT,20180154722,Davidson,Nashville,2/16/2018 1:50:00 PM,3,0,0,36.150410,-86.767760,2ND AVS,,,,54.00,Feet,South,MCCANN ST,,,,0.00,N,Not at Intersection, ,Non-Junction,None,,,         ,Jessie,Meadows,Rain,Angle,no,no,no,no,no,False
101917981,METROPOLITAN NASHVILLE POLICE DEPT,20180154896,Davidson,Nashville,2/16/2018 12:00:00 AM,2,0,0,36.187910,-86.794390,I 65,,,,0.00,,,,,,,85.45,N,Not at Intersection, ,Non-Junction,None,,,         ,Melvin,Taylor,Clear,"Sideswipe, Same Direction",no,no,no,no,no,False
101917985,METROPOLITAN NASHVILLE POLICE DEPT,20180155024,Davidson,Not in City Limit,2/16/2018 4:00:00 PM,1,0,0,36.306850,-86.801870,LICKTON PKE,,,,180.00,Feet,South,SHAW RD,,,,0.00,N,Not at Intersection, ,Non-Junction,None,,,         ,Christopher,Littles,Cloudy,Not Collision with Motor Vehicle in Transport,no,no,no,no,no,False
101917992,METROPOLITAN NASHVILLE POLICE DEPT,20180154928,Davidson,Nashville,2/16/2018 3:27:00 PM,2,0,0,36.148660,-86.807040,ELLISTON PL,,,,0.00,,,24TH AVN,,,,0.00,Y,Four-Way,N,Intersection,None,,,         ,Eric,Burford,Clear,Angle,no,no,no,no,no,Campus
101918000,METROPOLITAN NASHVILLE POLICE DEPT,20180155011,Davidson,Nashville,2/16/2018 3:56:00 PM,2,0,0,36.049380,-86.651430,BELL RD,,,,95.00,Feet,East,HICKORY HOLLOW MALL PVTDR PL,,,,0.00,N,Not at Intersection,N,Non-Junction,None,,,         ,William,Durham,Cloudy,Front to Rear,no,no,no,no,yes,False
101918010,METROPOLITAN NASHVILLE POLICE DEPT,20180155074,Davidson,Nashville,2/16/2018 4:31:00 PM,2,0,0,36.109650,-86.770040,I 65,,,,0.00,,,,,,,79.70,N,Not at Intersection, ,Non-Junction,None,,,         ,Randall,Ward,Cloudy,Front to Rear,no,no,no,no,no,False
101918015,METROPOLITAN NASHVILLE POLICE DEPT,20180154988,Davidson,Nashville,2/16/2018 3:43:00 PM,2,0,0,36.240530,-86.750180,BRILEY PKWYE,,,,123.00,Feet,West,BRILEY PKWY W EXT RAMP,,,,0.00,N,Not at Intersection,Y,Entrance/Exit Ramp Related,None,,,         ,Daniel,Wadham,Cloudy,Front to Rear,no,no,no,no,no,False
101918016,METROPOLITAN NASHVILLE POLICE DEPT,20180154897,Davidson,Nashville,2/16/2018 3:00:00 PM,2,0,0,36.158830,-86.792360,14TH AVN,,,,0.00,,,I40 E EXT RAMP,,,,0.00,Y,Y-Intersection, ,Non-Junction,None,,,         ,Jed,Baldoni,Cloudy,Angle,no,no,no,no,no,False
101918018,GOODLETTSVILLE POLICE DEPT,18-06181,Davidson,Goodlettsville,2/16/2018 3:02:00 PM,3,0,0,36.315020,-86.712670,RIVERGATE PKWY,,,,281.00,Feet,East,S MAIN ST,,,,0.00,N,Not at Intersection,N,Non-Junction,None,,,         ,Brian,Hajdu,Cloudy,Angle,no,no,no,no,no,False
101918019,METROPOLITAN NASHVILLE POLICE DEPT,20180155103,Davidson,Nashville,2/16/2018 2:30:00 PM,2,0,0,36.125050,-86.708960,MURFREESBORO PKE,,,,68.00,Feet,West,VULTEE BLVD,,,,0.00,N,Not at Intersection, ,Non-Junction,None,,,         ,Eric,Keller,Clear,"Sideswipe, Same Direction",no,no,no,no,no,False
101918025,METROPOLITAN NASHVILLE POLICE DEPT,20180154891,Davidson,Nashville,2/16/2018 3:14:00 PM,3,0,0,36.123060,-86.806800,I 440,,,,0.00,,,,,,,2.70,N,Not at Intersection,N,Non-Junction,None,,,         ,Gary,Peters,Cloudy,Front to Rear,no,no,no,no,no,False
101918036,METROPOLITAN NASHVILLE POLICE DEPT,20180154966,Davidson,Nashville,2/16/2018 3:44:00 PM,2,2,0,36.231510,-86.792450,EWING DR,,,,0.00,,,GWYNNWOOD DR,,,,0.00,Y,Four-Way,N,Intersection,None,,,         ,Samuel,Galluzzi,Clear,Angle,no,no,no,no,no,False
101918037,METROPOLITAN NASHVILLE POLICE DEPT,20180155082,Davidson,Goodlettsville,2/16/2018 4:31:00 PM,2,0,0,36.285350,-86.728230,I 65,,,,0.00,,,,,,,93.80,N,Not at Intersection, ,Non-Junction,None,,,         ,Christopher,Littles,Cloudy,Front to Rear,no,no,no,no,no,False
101918044,METROPOLITAN NASHVILLE POLICE DEPT,2018-0154963,Davidson,Nashville,2/16/2018 3:34:00 PM,2,0,0,36.039050,-86.782490,OLD HICKORY BLVD,,,,33.00,Feet,East,I65 N EXT RAMP,,,,0.00,N,Not at Intersection,N,Non-Junction,None,,,         ,William,King,Cloudy,Front to Rear,no,no,no,no,yes,False
101918045,METROPOLITAN NASHVILLE POLICE DEPT,2018-0155029,Davidson,Nashville,2/16/2018 3:30:00 PM,2,0,0,36.039050,-86.782490,OLD HICKORY BLVD,,,,33.00,Feet,East,I65 N EXT RAMP,,,,0.00,N,Not at Intersection, ,Non-Junction,None,,,         ,William,King,Cloudy,Angle,no,no,no,no,no,False
101918046,METROPOLITAN NASHVILLE POLICE DEPT,20180155144,Davidson,Nashville,2/16/2018 4:58:00 PM,2,0,0,36.141290,-86.776670,I 65,,,,0.00,,,,,,,81.90,N,Not at Intersection,N,Non-Junction,None,,,         ,Douglas,Sykes,Cloudy,Front to Rear,no,no,no,no,yes,False
101918050,METROPOLITAN NASHVILLE POLICE DEPT,2018-0154835,Davidson,Nashville,2/16/2018 2:20:00 PM,3,0,0,36.151470,-86.751410,I 40,,,,0.00,,,,,,,211.50,N,Not at Intersection,N,Non-Junction,None,,,         ,John,Roberson,Cloudy,Front to Rear,no,no,no,no,no,False
101918052,METROPOLITAN NASHVILLE POLICE DEPT,20180154976,Davidson,Nashville,2/16/2018 3:14:00 PM,2,0,0,36.229360,-86.758300,BROADMOOR DR,,,,288.00,Feet,East,DICKERSON PKE,,,,0.00,N,Not at Intersection, ,Non-Junction,None,,,         ,Joshua,Lackey,Cloudy,Front to Rear,no,no,no,no,no,False
101918061,METROPOLITAN NASHVILLE POLICE DEPT,20180155217,Davidson,Nashville,2/16/2018 5:20:00 PM,2,0,0,36.057170,-86.715920,NOLENSVILLE PKE,,,,442.00,Feet,North,APRIL LN,,,,0.00,N,Not at Intersection, ,Non-Junction,None,,,         ,Jessie,Meadows,Clear,Front to Rear,no,no,no,no,no,False
101918065,METROPOLITAN NASHVILLE POLICE DEPT,20180155178,Davidson,Nashville,2/16/2018 4:43:00 PM,2,0,0,36.139460,-86.819920,PARK DR,,,,0.00,,,MURPHY RD,,,,0.00,Y,T-Intersection, ,Intersection-Related,None,,,         ,Eric,Burford,Clear,Front to Rear,no,no,no,no,no,False
101918077,METROPOLITAN NASHVILLE POLICE DEPT,20180154797,Davidson,Nashville,2/16/2018 2:42:00 PM,1,1,0,36.044720,-86.848950,NOEL DR,,,,33.00,Feet,South,OLD HICKORY BLVD,,,,0.00,N,Not at Intersection,N,Non-Junction,None,,,         ,Jacob,Paul,Rain,Not Collision with Motor Vehicle in Transport,no,no,no,no,no,False
101918080,METROPOLITAN NASHVILLE POLICE DEPT,20180155201,Davidson,Nashville,2/16/2018 5:17:00 PM,2,0,0,36.155060,-86.761950,I40 W ENT RAMP,,,,0.00,,,I 40,,,,0.00,Y,OTHER, ,Entrance/Exit Ramp Related,None,,,         ,Abigail,Malone,Clear,Front to Rear,no,no,no,no,no,False
101918092,METROPOLITAN NASHVILLE POLICE DEPT,20180154993,Davidson,Nashville,2/16/2018 4:00:00 PM,2,0,0,36.096140,-86.708280,I 24,,,,0.00,,,,,,,54.90,N,Not at Intersection, ,Non-Junction,None,,,         ,Ian,Swander,Cloudy,Front to Rear,no,no,no,no,no,False
101918094,METROPOLITAN NASHVILLE POLICE DEPT,20180155349,Davidson,Nashville,2/16/2018 5:55:00 PM,2,0,0,36.046410,-86.677420,BELL RD,,,,609.00,Feet,East,BRITTANY PARK DR,,,,0.00,N,Not at Intersection,N,Non-Junction,None,,,         ,Eric,Keller,Clear,Front to Rear,no,no,no,no,no,False
101918095,METROPOLITAN NASHVILLE POLICE DEPT,20180155399,Davidson,Goodlettsville,2/16/2018 6:16:00 PM,2,0,0,36.287950,-86.725500,I 65,,,,0.00,,,,,,,94.00,N,Not at Intersection, ,Non-Junction,None,,,         ,Christopher,Littles,Clear,Front to Rear,no,no,no,no,no,False
101918096,METROPOLITAN NASHVILLE POLICE DEPT,20180155223,Davidson,Nashville,2/16/2018 5:03:00 PM,2,0,0,36.128620,-86.907640,RIVER RD,,,,213.00,Feet,West,RIVER RD PVTDR,,,,0.00,N,Not at Intersection, ,Non-Junction,None,,,         ,Andrew,McCarron,Clear,Angle,no,no,no,no,no,False
101918106,METROPOLITAN NASHVILLE POLICE DEPT,20180155154,Davidson,Nashville,2/16/2018 12:00:00 AM,2,0,0,36.110980,-86.746200,THOMPSON LN,,,,87.00,Feet,West,ELIZABETH ST,,,,0.00,N,Not at Intersection,N,Non-Junction,None,,,         ,Akira,McSwain,Clear,"Sideswipe, Same Direction",no,no,no,no,yes,False
101918136,METROPOLITAN NASHVILLE POLICE DEPT,20180155305,Davidson,Nashville,2/16/2018 5:53:00 PM,2,0,0,36.159290,-86.788820,CHURCH ST,,,,619.00,Feet,East,GEORGE L DAVIS BLVD,,,,0.00,N,Not at Intersection,N,Non-Junction,None,,,         ,Jim,Crissman,Clear,Front to Rear,no,no,no,no,no,False
101918138,BERRY HILL POLICE DEPT,18-0552,Davidson,Berry Hill,2/16/2018 12:00:00 AM,2,3,0,36.123020,-86.776020,FRANKLIN PKE,,,,173.00,Feet,North,BILOXI AV,,,,0.00,N,Not at Intersection,N,Non-Junction,None,,,         ,John,Gleixner,Cloudy,Angle,no,no,no,no,no,False
101918140,METROPOLITAN NASHVILLE POLICE DEPT,2018-0155366,Davidson,Nashville,2/16/2018 5:52:00 PM,4,0,0,36.082670,-86.710490,HARDING PL,,,,0.00,,,TAMPA DR,,,,0.00,Y,Four-Way,N,Intersection-Related,None,,,         ,John,Roberson,Clear,Front to Rear,no,no,no,no,yes,False
101918156,METROPOLITAN NASHVILLE POLICE DEPT,20180155513,Davidson,Nashville,2/16/2018 12:00:00 AM,2,0,0,36.171800,-86.797300,JEFFERSON ST,,,,77.00,Feet,West,11TH AVN,,,,0.00,N,Not at Intersection, ,Non-Junction,None,,,         ,Melvin,Taylor,Clear,"Sideswipe, Same Direction",no,no,no,no,yes,False
101918167,METROPOLITAN NASHVILLE POLICE DEPT,20180154851,Davidson,Nashville,2/16/2018 3:03:00 PM,2,0,0,36.086780,-86.695040,HARDING PL,,,,270.00,Feet,East,S PERIMETER PARK DR,,,,0.00,N,Not at Intersection,N,Non-Junction,None,,,         ,Patrick,Martin,Cloudy,Front to Rear,no,no,no,no,no,False
101918171,METROPOLITAN NASHVILLE POLICE DEPT,20180155656,Davidson,Nashville,2/16/2018 7:35:00 PM,2,0,0,36.044860,-86.670430,BELL RD,,,,0.00,,,HICKORY PARK DR,,,,0.00,Y,T-Intersection, ,Non-Junction,None,,,         ,Eric,Keller,Clear,Front to Rear,no,no,no,no,yes,False
101918175,METROPOLITAN NASHVILLE POLICE DEPT,2018-0155605,Davidson,Not in City Limit,2/16/2018 7:28:00 PM,2,0,0,36.044940,-86.953550,HIGHWAY 100,,,,805.00,Feet,East,OLD HARDING PKE,,,,0.00,N,Not at Intersection,N,Non-Junction,None,,,         ,Ryan,Allen,Clear,Front to Rear,no,no,no,no,yes,False
101918177,METROPOLITAN NASHVILLE POLICE DEPT,20180155465,Davidson,Nashville,2/16/2018 6:35:00 PM,2,0,0,36.142610,-86.682830,I 40,,,,0.00,,,,,,,215.70,N,Not at Intersection, ,Non-Junction,None,,,         ,Andrew,Anoskey,Cloudy,Front to Rear,no,no,no,no,no,False
101918187,METROPOLITAN NASHVILLE POLICE DEPT,20180155031,Davidson,Nashville,2/16/2018 3:57:00 PM,2,1,0,36.169960,-86.807740,,,I40,,0.00,,East,,,,,207.20,N,Not at Intersection,N,Non-Junction,None,,,         ,Thomas,Miller,Cloudy,Front to Rear,no,no,no,no,no,False
101918190,METROPOLITAN NASHVILLE POLICE DEPT,20180152576,Davidson,Not in City Limit,2/15/2018 9:42:00 PM,1,0,0,36.077330,-86.964750,I 40,,,,0.00,,,,,,,195.80,N,Not at Intersection,N,Non-Junction,None,,,         ,Dakota,Vermillion,Clear,Not Collision with Motor Vehicle in Transport,no,no,no,no,no,False
101918197,METROPOLITAN NASHVILLE POLICE DEPT,20180155039,Davidson,Nashville,2/16/2018 2:30:00 PM,2,0,0,36.115920,-86.798620,BATTLEFIELD DR,,,,0.00,,,BELMONT BLVD,,,,0.00,Y,Four-Way,N,Intersection-Related,None,,,         ,Jacob,Paul,Clear,Angle,no,no,no,no,no,False
101918210,METROPOLITAN NASHVILLE POLICE DEPT,20180155774,Davidson,Nashville,2/16/2018 8:35:00 PM,2,0,0,36.150280,-86.785150,I 40,,,,0.00,,,,,,,209.50,N,Not at Intersection, ,Non-Junction,None,,,         ,Douglas,Sykes,Clear,"Sideswipe, Same Direction",no,no,no,no,no,False
101918214,METROPOLITAN NASHVILLE POLICE DEPT,20180155539,Davidson,Nashville,2/16/2018 1:55:00 PM,2,0,0,36.166190,-86.603090,MILLS RD,,,,0.00,,,,,,,0.00,,,N,Non-Junction,None,,,         ,Michael,Fitch,Cloudy,Angle,no,no,no,yes,yes,False
101918220,METROPOLITAN NASHVILLE POLICE DEPT,20180155756,Davidson,Nashville,2/16/2018 8:40:00 PM,2,0,0,36.161520,-86.774930,2ND AVS,,,,152.00,Feet,South,2ND AVN,,,,0.00,N,Not at Intersection,N,Non-Junction,None,,,         ,Phillip,Box,Clear,"Sideswipe, Same Direction",no,no,no,no,no,False
101918230,METROPOLITAN NASHVILLE POLICE DEPT,2018-0155793,Davidson,Nashville,2/16/2018 7:45:00 PM,3,0,0,36.145460,-86.816440,31ST AVN,,,,84.00,Feet,North,BELWOOD ST,,,,0.00,N,Not at Intersection,N,Non-Junction,None,,,         ,John,Roberson,Clear,"Sideswipe, Same Direction",no,no,no,no,yes,False
101918234,METROPOLITAN NASHVILLE POLICE DEPT,20180155751,Davidson,Nashville,2/16/2018 8:40:00 PM,3,0,0,36.169990,-86.778660,1ST AVN,,,,183.00,Feet,North,DOWNTOWN GRNWY,,,,0.00,N,Not at Intersection,N,Non-Junction,None,,,         ,Christopher,Augustin,Clear,Angle,no,no,no,yes,no,False
101918252,METROPOLITAN NASHVILLE POLICE DEPT,20180155799,Davidson,Nashville,2/16/2018 8:59:00 PM,2,1,0,36.157770,-86.781370,8TH AVS,,,,44.00,Feet,South,MCGAVOCK ST,,,,0.00,N,Not at Intersection,N,Non-Junction,None,,,         ,Abigail,Malone,Clear,Front to Rear,no,no,no,no,no,False
101918258,METROPOLITAN NASHVILLE POLICE DEPT,20180156079,Davidson,Nashville,2/16/2018 10:29:00 PM,2,0,0,36.152560,-86.796910,WEST END AV,,,,185.00,Feet,East,19TH AVN,,,,0.00,N,Not at Intersection,N,Non-Junction,None,,,         ,Alyson,Cook,Clear,Angle,no,no,no,no,no,False
101918303,METROPOLITAN NASHVILLE POLICE DEPT,20180156121,Davidson,Nashville,2/16/2018 11:05:00 PM,3,0,0,36.157980,-86.772640,KOREAN VETERANS BLVD,,,,0.00,,,2ND AVS,,,,0.00,Y,Four-Way,N,Intersection,None,,,         ,Blake,Lutz,Clear,Angle,no,no,no,no,yes,False
101918304,METROPOLITAN NASHVILLE POLICE DEPT,20180156299,Davidson,Nashville,2/16/2018 11:45:00 PM,2,0,0,36.125840,-86.732250,I440 W ENT RAMP,,,,0.00,Feet,East,I 440,,,,0.00,N,Not at Intersection, ,Non-Junction,None,,,         ,Brenda,Navarro,Clear,Angle,no,no,no,no,no,False
101918311,METROPOLITAN NASHVILLE POLICE DEPT,20180156373,Davidson,Nashville,2/17/2018 12:27:00 AM,2,0,0,36.068200,-86.719110,NOLENSVILLE PKE,,,,0.00,,,HAYWOOD LN,,,,0.00,Y,Four-Way,N,Intersection,None,,,         ,Derrick,Toney,Clear,Angle,no,no,no,no,no,False
101918313,METROPOLITAN NASHVILLE POLICE DEPT,20180156466,Davidson,Nashville,2/17/2018 1:00:00 AM,2,0,0,36.195900,-86.776690,BRICK CHURCH PKE,,,,78.00,Feet,North,FERN AV,,,,0.00,N,Not at Intersection,N,Non-Junction,None,,,         ,Erik,Schall,Clear,Front to Rear,no,no,no,no,yes,False
101918317,METROPOLITAN NASHVILLE POLICE DEPT,20180156307,Davidson,Nashville,2/17/2018 12:15:00 AM,2,3,0,36.101960,-86.712860,I 24,,,,0.00,,,,,,,54.45,N,Not at Intersection,N,Non-Junction,None,,,         ,Erik,Dabbs,Cloudy,Front to Rear,no,no,no,no,no,False
101918318,METROPOLITAN NASHVILLE POLICE DEPT,20180155972,Davidson,Not in City Limit,2/16/2018 10:00:00 PM,2,0,0,36.260670,-86.712750,GALLATIN PKES,,,,116.00,Feet,North,HICKORY ST,,,,0.00,N,Not at Intersection,N,Non-Junction,None,,,         ,Coleman,McKellar,Clear,"Sideswipe, Same Direction",no,no,no,no,no,False
101918319,METROPOLITAN NASHVILLE POLICE DEPT,20180156528,Davidson,Nashville,2/17/2018 12:02:00 AM,2,0,0,36.161540,-86.775970,3RD AVS,,,,0.00,,,BROADWAY,,,,0.00,Y,Four-Way,N,Intersection,None,,,         ,Damon,Hutcheson,Cloudy,"Sideswipe, Same Direction",no,no,no,no,yes,False
101918330,METROPOLITAN NASHVILLE POLICE DEPT,20180156649,Davidson,Nashville,2/17/2018 2:37:00 AM,1,0,0,36.151810,-86.805190,LOUISE AV,,,,231.00,Feet,South,STATE ST,,,,0.00,N,Not at Intersection,N,Non-Junction,None,,,         ,Eugene,Martino,Clear,Not Collision with Motor Vehicle in Transport,no,no,no,no,no,False
101918339,METROPOLITAN NASHVILLE POLICE DEPT,20180156613,Davidson,Nashville,2/17/2018 12:00:00 AM,1,0,0,36.121440,-86.757450,I 440,,,,0.00,,,,,,,5.90,N,Not at Intersection,N,Non-Junction,Unknown,Unknown,Unknown,         ,Graham,Binkley,Unknown,Unknown,no,no,no,no,yes,False
101918349,METROPOLITAN NASHVILLE POLICE DEPT,20180156655,Davidson,Nashville,2/17/2018 2:42:00 AM,2,2,0,36.168550,-86.688580,BRILEY PKWYS,,,,44.00,Feet,South,BRILEY PKWY S ENT RAMP,,,,0.00,N,Not at Intersection,N,Non-Junction,None,,,         ,Tyler,Manivong,Clear,HeadOn,no,no,no,no,yes,False
101918350,METROPOLITAN NASHVILLE POLICE DEPT,20180156720,Davidson,Nashville,2/17/2018 2:49:00 AM,3,0,0,36.142980,-86.767990,HOUSTON ST,,,,112.00,Feet,West,BROWN ST,,,,0.00,N,Not at Intersection, ,Non-Junction,None,,,         ,Steven,Wiser,Clear,"Sideswipe, Same Direction",no,no,no,no,yes,False
101918369,METROPOLITAN NASHVILLE POLICE DEPT,20180156647,Davidson,Nashville,2/17/2018 2:37:00 AM,2,1,0,36.146570,-86.742920,I 40,,,,0.00,,,,,,,212.10,N,Not at Intersection,N,Non-Junction,None,,,         ,Joseph,Patricio,Clear,Unknown,no,no,no,no,yes,False
101918371,METROPOLITAN NASHVILLE POLICE DEPT,20180156869,Davidson,Not in City Limit,2/17/2018 5:12:00 AM,1,0,0,36.270560,-86.759990,OLD HICKORY BLVD,,,,0.00,,,,,,,0.00,,,N,Non-Junction,None,,,         ,Bryant,Presley,Clear,Not Collision with Motor Vehicle in Transport,no,no,no,no,no,False
101918373,METROPOLITAN NASHVILLE POLICE DEPT,20180156881,Davidson,Nashville,2/17/2018 12:00:00 AM,1,0,0,36.088720,-86.717290,PARAGON MILLS RD,,,,87.00,Feet,West,BENITA DR,,,,0.00,N,Not at Intersection,N,Non-Junction,None,,,         ,Brenda,Navarro,Rain,Unknown,no,no,no,no,yes,False
101918374,METROPOLITAN NASHVILLE POLICE DEPT,20180156804,Davidson,Nashville,2/17/2018 4:11:00 AM,1,4,0,36.141360,-86.877440,CHARLOTTE PKE,,,,252.00,Feet,East,CHARLOTTE ROAD CIR,,,,0.00,N,Not at Intersection,N,Non-Junction,None,,,         ,Joanna,D'Agostino,Clear,Not Collision with Motor Vehicle in Transport,no,no,no,no,no,False
101918382,METROPOLITAN NASHVILLE POLICE DEPT,20180156904,Davidson,Nashville,2/17/2018 5:55:00 AM,1,0,0,36.166190,-86.612640,I 40,,,,0.00,,,,,,,220.20,N,Not at Intersection,N,Non-Junction,None,,,         ,Jacob,West,Rain,Not Collision with Motor Vehicle in Transport,no,no,no,no,no,False
101918384,METROPOLITAN NASHVILLE POLICE DEPT,20180156749,Davidson,Nashville,2/17/2018 3:38:00 AM,1,1,0,36.135880,-86.727470,I24 E EXT RAMP,,,,0.00,Feet,East,I 24,,,,0.00,N,Not at Intersection,N,Non-Junction,None,,,         ,Kyle,Berkheiser,Rain,Not Collision with Motor Vehicle in Transport,no,no,no,no,no,False
101918391,METROPOLITAN NASHVILLE POLICE DEPT,20180154518,Davidson,Nashville,2/16/2018 11:43:00 AM,3,1,0,36.111080,-86.754470,THOMPSON LN,,,,0.00,,,EUGENIA AV,,,,0.00,Y,Four-Way,N,Intersection-Related,None,,,         ,Nathan,Smith,Rain,Front to Rear,no,no,no,no,yes,False
101918402,METROPOLITAN NASHVILLE POLICE DEPT,20180156876,Davidson,Nashville,2/17/2018 5:22:00 AM,2,1,0,36.166300,-86.611780,I40 E EXT RAMP,,,,0.00,Feet,East,I 40,,,,0.00,N,Not at Intersection,N,Non-Junction,None,,,         ,Leonard,Spadavecchia,Rain,Front to Rear,no,no,no,no,no,False
101918412,METROPOLITAN NASHVILLE POLICE DEPT,20180156987,Davidson,Antioch,2/17/2018 5:00:00 AM,2,0,0,36.042850,-86.606550,HOBSON PKE,,,,0.00,,,MURFREESBORO PKE,,,,0.00,Y,Four-Way, ,Non-Junction,None,,,         ,Steven,Williams,Rain,Front to Rear,no,no,no,no,yes,False
101918421,METROPOLITAN NASHVILLE POLICE DEPT,20180157064,Davidson,Antioch,2/17/2018 6:30:00 AM,2,0,0,36.053850,-86.606280,GROVEDALE TRC,,,,0.00,,,,,,,0.00,,, ,Non-Junction,None,,,         ,Steven,Williams,Rain,Angle,no,no,no,no,yes,False
101918428,METROPOLITAN NASHVILLE POLICE DEPT,20180157080,Davidson,Nashville,2/17/2018 8:11:00 AM,1,0,0,36.191850,-86.778530,I 65,,,,0.00,,,,,,,86.40,N,Not at Intersection, ,,None,,,         ,James,Wray,,,no,no,no,no,no,False
101918431,METROPOLITAN NASHVILLE POLICE DEPT,20180157025,Davidson,Nashville,2/17/2018 3:50:00 AM,2,0,0,36.148390,-86.766440,2ND AVS,,,,50.00,Feet,South,CAMERON ST,,,,0.00,N,Not at Intersection, ,Non-Junction,None,,,         ,Brian,Etchison,Rain,Front to Rear,no,no,no,no,yes,False
101918447,METROPOLITAN NASHVILLE POLICE DEPT,20180157151,Davidson,Nashville,2/17/2018 8:45:00 AM,2,0,0,36.152360,-86.805580,LOUISE AV,,,,0.00,,,STATE ST,,,,0.00,Y,T-Intersection, ,Intersection,None,,,         ,Justan,Vance,Rain,Angle,no,no,no,no,no,False
101918463,METROPOLITAN NASHVILLE POLICE DEPT,20180157195,Davidson,Not in City Limit,2/17/2018 9:25:00 AM,1,0,0,36.079510,-87.010880,NEWSOM STATION RD,,,,392.00,Feet,West,FARMINGTON PL,,,,0.00,N,Not at Intersection,N,Non-Junction,None,,,         ,Douglas,Atwood,Rain,Not Collision with Motor Vehicle in Transport,no,no,no,no,no,False
101918464,METROPOLITAN NASHVILLE POLICE DEPT,21080157050,Davidson,Nashville,2/17/2018 12:00:00 AM,2,0,0,36.156200,-86.760740,I40 W ENT RAMP,,,,0.00,,,I 24,,,,0.00,Y,Y-Intersection,Y,Entrance/Exit Ramp Related,None,,,         ,Timothy,Kearney,Rain,Not Collision with Motor Vehicle in Transport,no,no,no,no,no,False
101918465,METROPOLITAN NASHVILLE POLICE DEPT,20180157233,Davidson,Nashville,2/17/2018 10:00:00 AM,1,1,0,36.082580,-86.698000,I 24,,,,0.00,,,,,,,56.00,N,Not at Intersection,N,Non-Junction,None,,,         ,Steven,Williams,Rain,Not Collision with Motor Vehicle in Transport,no,no,no,no,no,False