master_record_number,agency,agency_tracking_number,county,city,collision_date,vehicles_involved,number_injured,number_dead,latitude,longitude,roadway_name,roadway_suffix,roadway_number,roadway_local_id,distance_from_reference,miles-feet_indicator,direction_from_reference,intersection_road_name,intersection_road_name_suffix,intersection_road_number,intersection_local_id,mile_marker,intersection_indicator,intersect_type,interchange_related_indicator,relation_to_junction,work_zone_type,construction_maintenance_zone,construction_maintenance_zone_location,fatal_case_number,officer_first_name,officer_last_name,weather_condition(s),manner_of_crash,pedestrian,bicycle,scooter,parking,hitrun,mou
101919083,METROPOLITAN NASHVILLE POLICE DEPT,20180159093,Davidson,Nashville,2/18/2018 1:07:00 AM,2,3,0,36.148810,-86.666280,ELM HILL PKE,,,,0.00,,,DONELSON PKE,,,,0.00,Y,Four-Way,N,Intersection,None,,,         ,Joseph,Zambardi,Clear,Front to Rear,no,no,no,no,no,False
101919084,METROPOLITAN NASHVILLE POLICE DEPT,20180156482,Davidson,Nashville,2/18/2018 1:15:00 AM,1,0,0,36.151940,-86.753060,I 40,,,,0.00,,,,,,,211.40,N,Not at Intersection, ,Non-Junction,None,,,         ,Kyle,Berkheiser,Rain,Not Collision with Motor Vehicle in Transport,no,no,no,no,no,False
101919094,METROPOLITAN NASHVILLE POLICE DEPT,20180159247,Davidson,Nashville,2/18/2018 2:39:00 AM,1,0,0,36.149970,-86.797630,BROADWAY,,,,165.00,Feet,South,LYLE AV,,,,0.00,N,Not at Intersection,N,Non-Junction,None,,,         ,Alyson,Cook,Clear,Not Collision with Motor Vehicle in Transport,no,no,no,no,yes,False
101919096,METROPOLITAN NASHVILLE POLICE DEPT,20180159170,Davidson,Nashville,2/18/2018 1:50:00 AM,1,0,0,36.235520,-86.765660,CREEKWOOD DR,,,,117.00,Feet,South,PARKWAY DR,,,,0.00,N,Not at Intersection,N,Non-Junction,None,,,         ,Thomas,Burns,Cloudy,Not Collision with Motor Vehicle in Transport,no,no,no,no,no,False
101919101,METROPOLITAN NASHVILLE POLICE DEPT,20180159263,Davidson,Nashville,2/18/2018 12:00:00 AM,1,0,0,36.248930,-86.754470,OLD DUE WEST AV,,,,819.00,Feet,East,DICKERSON PKE,,,,0.00,N,Not at Intersection,N,Non-Junction,None,,,         ,Ashton,Hill,Clear,Not Collision with Motor Vehicle in Transport,no,no,no,no,yes,False
101919102,METROPOLITAN NASHVILLE POLICE DEPT,20180159257,Davidson,Nashville,2/18/2018 2:56:00 AM,2,0,0,36.193330,-86.733010,SCOTT AV,,,,272.00,Feet,North,STRAIGHTWAY AV,,,,0.00,N,Not at Intersection,N,Non-Junction,None,,,         ,Ryan,Worstall,Clear,Angle,no,no,no,yes,yes,False
101919104,METROPOLITAN NASHVILLE POLICE DEPT,20180159032,Davidson,Nashville,2/18/2018 12:40:00 AM,1,0,0,36.059440,-86.634370,HAMILTON CHURCH RD,,,,879.00,Feet,South,BELL RIDGE TRC,,,,0.00,N,Not at Intersection, ,Non-Junction,None,,,         ,Sandra,Fly,Clear,Not Collision with Motor Vehicle in Transport,no,no,no,no,no,False
101919127,METROPOLITAN NASHVILLE POLICE DEPT,20180159285,Davidson,Nashville,2/18/2018 2:47:00 AM,2,0,0,36.158990,-86.775890,DEMONBREUN ST,,,,0.00,,,4TH AVS,,,,0.00,Y,Four-Way,N,Intersection,None,,,         ,Damon,Hutcheson,Cloudy,Front to Rear,no,no,no,no,yes,False
101919128,METROPOLITAN NASHVILLE POLICE DEPT,20180159107,Davidson,Nashville,2/18/2018 12:50:00 AM,1,0,0,36.059440,-86.634370,HAMILTON CHURCH RD,,,,879.00,Feet,South,BELL RIDGE TRC,,,,0.00,N,Not at Intersection, ,Non-Junction,None,,,         ,Sandra,Fly,Clear,Not Collision with Motor Vehicle in Transport,no,no,no,no,no,False
101919131,METROPOLITAN NASHVILLE POLICE DEPT,20180159277,Davidson,Nashville,2/18/2018 3:01:00 AM,2,0,0,36.151820,-86.627550,BLACKWOOD DR,,,,0.00,,,,,,,0.00,,,N,Non-Junction,None,,,         ,Bradley,Pope,Clear,Angle,no,no,no,yes,yes,False
101919140,METROPOLITAN NASHVILLE POLICE DEPT,20180159295,Davidson,Nashville,2/18/2018 3:20:00 AM,1,0,0,36.245250,-86.730920,SAUNDERS AV,,,,10.00,Feet,South,FREDA VILLA,,,,0.00,N,Not at Intersection,N,Non-Junction,None,,,         ,Coleman,McKellar,Clear,Not Collision with Motor Vehicle in Transport,no,no,no,no,no,False
101919145,METROPOLITAN NASHVILLE POLICE DEPT,20180159391,Davidson,Nashville,2/18/2018 4:47:00 AM,1,0,0,36.180270,-86.800520,I 65,,,,0.00,,,,,,,85.00,N,Not at Intersection,N,Non-Junction,None,,,         ,Myriah,Iles,Clear,Not Collision with Motor Vehicle in Transport,no,no,no,no,yes,False
101919148,METROPOLITAN NASHVILLE POLICE DEPT,20180159255,Davidson,Not in City Limit,2/18/2018 12:00:00 AM,1,0,0,36.034620,-86.982810,OLD HARDING PKE,,,,185.00,Feet,North,HIGHWAY 100,,,,0.00,N,Not at Intersection,N,Non-Junction,None,,,         ,Micah,Wright,Clear,Not Collision with Motor Vehicle in Transport,no,no,no,no,yes,False
101919156,METROPOLITAN NASHVILLE POLICE DEPT,20180159413,Davidson,Nashville,2/18/2018 5:06:00 AM,2,0,0,36.069270,-86.690870,I24 E EXT RAMP,,,,0.00,,,I 24,,,,0.00,Y,OTHER,N,Entrance/Exit Ramp Related,None,,,         ,Kyle,Burks,Clear,HeadOn,no,no,no,no,no,False
101919162,METROPOLITAN NASHVILLE POLICE DEPT,20180159430,Davidson,Nashville,2/18/2018 5:30:00 AM,1,0,0,36.141390,-86.733870,I 40,,,,0.00,,,,,,,212.90,N,Not at Intersection, ,Non-Junction,None,,,         ,Kyle,Berkheiser,Clear,Not Collision with Motor Vehicle in Transport,no,no,no,no,no,False
101919166,METROPOLITAN NASHVILLE POLICE DEPT,20180159323,Davidson,Nashville,2/17/2018 6:45:00 PM,2,0,0,36.065330,-86.621970,ROUNDWOOD FOREST DR,,,,0.00,,,CALAIS CIR,,,,0.00,Y,Four-Way, ,Non-Junction,None,,,         ,Nopel,Stella,Clear,Other,no,no,no,yes,yes,False
101919175,METROPOLITAN NASHVILLE POLICE DEPT,20180159407,Davidson,Nashville,2/18/2018 4:56:00 AM,2,1,0,36.174850,-86.800350,I65 N ENT RAMP,,,,0.00,Feet,East,MARY ST,,,,0.00,N,Not at Intersection,N,Non-Junction,None,,,         ,James,Murphy,Clear,Not Collision with Motor Vehicle in Transport,no,no,no,no,no,False
101919216,METROPOLITAN NASHVILLE POLICE DEPT,20180159315,Davidson,Nashville,2/18/2018 2:50:00 AM,1,0,0,36.111190,-86.789280,WOODMONT BLVD,,,,527.00,Feet,West,LEALAND LN,,,,0.00,N,Not at Intersection,N,Non-Junction,None,,,         ,Joshua,Billotte,Clear,Not Collision with Motor Vehicle in Transport,no,no,no,no,no,False
101919242,METROPOLITAN NASHVILLE POLICE DEPT,20180159607,Davidson,Nashville,2/18/2018 12:00:00 AM,2,0,0,36.086910,-86.648680,UNA ANTIOCH PKE,,,,0.00,Feet,,NASHBORO BLVD,,,,0.00,Y,Four-Way,N,Intersection,None,,,         ,Honorio,Canchola,Clear,Other,no,no,no,no,no,False
101919299,METROPOLITAN NASHVILLE POLICE DEPT,20180159815,Davidson,Nashville,2/18/2018 12:00:00 AM,1,0,0,36.052890,-86.667230,HICKORY HOLLOW PKWY,,,,1624.00,Feet,East,MT VIEW RD,,,,0.00,N,Not at Intersection,N,Non-Junction,None,,,         ,Roderic,Williams,Unknown,Not Collision with Motor Vehicle in Transport,no,no,no,no,yes,False
101919353,METROPOLITAN NASHVILLE POLICE DEPT,20180159564,Davidson,Not in City Limit,2/18/2018 7:16:00 AM,2,0,0,35.996870,-86.689890,NOLENSVILLE PKE,,,,0.00,,,CONCORD RD,,,,0.00,Y,Four-Way,N,Intersection,None,,,         ,Brian,Etchison,Clear,Front to Rear,no,no,no,no,no,False
101919410,METROPOLITAN NASHVILLE POLICE DEPT,20180160015,Davidson,Nashville,2/18/2018 11:59:00 AM,2,0,0,36.110560,-86.740730,SIMMONS AV,,,,0.00,,,THOMPSON LN,,,,0.00,Y,Four-Way,N,Intersection,None,,,         ,Charles,Wakefield,Clear,Angle,no,no,no,no,yes,False
101919411,METROPOLITAN NASHVILLE POLICE DEPT,20180160065,Davidson,Not in City Limit,2/18/2018 11:28:00 AM,2,0,0,36.001400,-86.647440,OLD HICKORY BLVD,,,,1802.00,Feet,East,WHITTEMORE LN,,,,0.00,N,Not at Intersection,N,"Driveway, Alley Access, etc",None,,,         ,Stephen,Soule,Clear,"Sideswipe, Same Direction",no,no,no,no,yes,False
101919444,METROPOLITAN NASHVILLE POLICE DEPT,20180160024,Davidson,Nashville,2/18/2018 12:00:00 PM,2,0,0,36.156310,-86.807250,22ND AVN,,,,0.00,,,CHARLOTTE AV,,,,0.00,Y,T-Intersection, ,Intersection,None,,,         ,Justan,Vance,Clear,Angle,no,no,no,no,no,False
101919466,METROPOLITAN NASHVILLE POLICE DEPT,2018-0160027,Davidson,Nashville,2/18/2018 12:02:00 PM,2,0,0,36.059510,-86.641110,BELL RD,,,,27.00,Feet,South,CAMBRIDGE APTS PVTDR,,,,0.00,N,Not at Intersection,N,Non-Junction,None,,,         ,Stanley,Collins,Clear,Angle,no,no,no,no,no,False
101919467,METROPOLITAN NASHVILLE POLICE DEPT,20180160168,Davidson,Nashville,2/18/2018 1:47:00 PM,2,0,0,36.154160,-86.757790,I24 W ENT RAMP,,,,0.00,Feet,East,I 40,,,,0.00,N,Not at Intersection, ,Entrance/Exit Ramp Related,None,,,         ,Tien,Nguyen,Clear,Front to Rear,no,no,no,no,no,False
101919469,METROPOLITAN NASHVILLE POLICE DEPT,2018-0160118,Davidson,Not in City Limit,2/18/2018 1:20:00 PM,2,1,0,36.263660,-86.687150,STATE RT 45,,,,0.00,,,ARCHWOOD DR,,,,0.00,Y,Four-Way,N,Intersection,None,,,         ,Travis,Baxter,Clear,Angle,no,no,no,no,no,False
101919477,METROPOLITAN NASHVILLE POLICE DEPT,20180160167,Davidson,Nashville,2/18/2018 1:45:00 PM,2,0,0,36.152610,-86.790480,DEMONBREUN ST,,,,301.00,Feet,East,DIVISION ST,,,,0.00,N,Not at Intersection, ,Non-Junction,None,,,         ,Walter,Cothran,Clear,Angle,no,no,no,no,no,False
101919491,METROPOLITAN NASHVILLE POLICE DEPT,20180160200,Davidson,Nashville,2/18/2018 1:58:00 PM,2,0,0,36.148790,-86.746030,I 40,,,,0.00,,,,,,,211.85,N,Not at Intersection,N,Non-Junction,None,,,         ,Tien,Nguyen,Clear,Front to Rear,no,no,no,no,yes,False
101919500,METROPOLITAN NASHVILLE POLICE DEPT,20180160121,Davidson,Nashville,2/18/2018 1:15:00 PM,1,0,0,36.195400,-86.773190,FERN AV,,,,52.00,Feet,East,ELMHURST AV,,,,0.00,N,Not at Intersection,N,Non-Junction,None,,,         ,Steven,Spillers,Clear,Not Collision with Motor Vehicle in Transport,no,no,no,no,no,False
101919506,METROPOLITAN NASHVILLE POLICE DEPT,20180160122,Davidson,Nashville,2/18/2018 1:28:00 PM,2,0,0,36.206690,-86.779040,W TRINITY LN,,,,177.00,Feet,West,HAMPTON ST,,,,0.00,N,Not at Intersection, ,Non-Junction,None,,,         ,Patrick,Taylor,Clear,Not Collision with Motor Vehicle in Transport,no,no,no,no,no,False
101919532,METROPOLITAN NASHVILLE POLICE DEPT,20180160170,Davidson,Nashville,2/18/2018 1:13:00 PM,2,0,0,36.037400,-86.786570,FRANKLIN PKE,,,,0.00,,,OLD HICKORY BLVD,,,,0.00,Y,Four-Way,N,Intersection,None,,,         ,Raymond,Flaherty,Clear,Front to Rear,no,no,no,no,no,False
101919533,METROPOLITAN NASHVILLE POLICE DEPT,20180160100,Davidson,Nashville,2/18/2018 1:11:00 PM,2,1,0,36.252250,-86.693900,NEELYS BEND RD,,,,0.00,,,RANDY RD,,,,0.00,Y,T-Intersection,N,Intersection,None,,,         ,Michelle,Steidl,Clear,Angle,no,no,no,no,no,False
101919598,METROPOLITAN NASHVILLE POLICE DEPT,20180160242,Davidson,Nashville,2/18/2018 2:35:00 PM,2,0,0,36.161830,-86.779440,COMMERCE ST,,,,33.00,Feet,West,5TH AVN,,,,0.00,N,Not at Intersection, ,Non-Junction,None,,,         ,Kevin,Johnson,Clear,Front to Rear,no,no,no,no,no,False
101919618,METROPOLITAN NASHVILLE POLICE DEPT,20180160343,Davidson,Nashville,2/18/2018 3:31:00 PM,2,0,0,36.200110,-86.757990,ONEIDA AV,,,,155.00,Feet,East,JONES AV,,,,0.00,N,Not at Intersection, ,Non-Junction,None,,,         ,Ethan,Usherwood,Clear,Angle,no,no,no,no,no,False
101919642,METROPOLITAN NASHVILLE POLICE DEPT,20180160346,Davidson,Nashville,2/18/2018 3:40:00 PM,2,0,0,36.237400,-86.757910,DICKERSON PKE,,,,0.00,,,I65 N EXT RAMP,,,,0.00,Y,OTHER, ,Non-Junction,None,,,         ,Adam,Crutcher,Clear,"Sideswipe, Same Direction",no,no,no,no,no,False
101919656,METROPOLITAN NASHVILLE POLICE DEPT,20180160240,Davidson,Nashville,2/18/2018 2:55:00 PM,1,1,0,36.216630,-86.692630,BRILEY PKWYS,,,,0.00,,,MCGAVOCK PKE WB EXT RAMP,,,,0.00,Y,OTHER,N,Intersection-Related,None,,,         ,John,Kelley,Clear,Not Collision with Motor Vehicle in Transport,no,no,no,no,no,False
101919657,METROPOLITAN NASHVILLE POLICE DEPT,20180160376,Davidson,Goodlettsville,2/18/2018 4:00:00 PM,2,1,0,36.296910,-86.699160,GALLATIN PKEN,,,,0.00,,,RIVERGATE PKWY,,,,0.00,Y,Four-Way,Y,Intersection-Related,None,,,         ,Michael,Thompson,Clear,Front to Rear,no,no,no,no,no,False
101919664,METROPOLITAN NASHVILLE POLICE DEPT,20180160333,Davidson,Not in City Limit,2/18/2018 1:51:00 PM,2,0,0,36.269600,-86.693970,ROOSEVELT AV,,,,125.00,Feet,West,NIX DR,,,,0.00,N,Not at Intersection, ,Non-Junction,None,,,         ,Bradley,Campbell,Clear,Rear to Side,no,no,no,no,no,False
101919666,VANDERBILT UNIVERSITY POLICE,20180148572,Davidson,Nashville,2/14/2018 6:35:00 PM,2,0,0,36.148770,-86.805930,WEST END AV,,,,0.00,,,,,,,0.00,,, ,Non-Junction,None,,,         ,Cedric,Edwards,Rain,Rear to Rear,no,no,no,yes,no,Campus
101919672,METROPOLITAN NASHVILLE POLICE DEPT,20180160320,Davidson,Nashville,2/18/2018 3:27:00 PM,2,1,0,36.051260,-86.715130,OCALA DR,,,,246.00,Feet,West,NOLENSVILLE PKE,,,,0.00,N,Not at Intersection,N,Non-Junction,None,,,         ,Nicholas,Carroll,Clear,Angle,no,no,no,no,no,False
101919675,METROPOLITAN NASHVILLE POLICE DEPT,20180160313,Davidson,Nashville,2/18/2018 3:32:00 PM,2,0,0,36.200180,-86.769890,GATEWOOD AV,,,,0.00,,,DICKERSON PKE,,,,0.00,Y,T-Intersection,N,Non-Junction,None,,,         ,Gregory,Cenicola,Clear,Angle,no,no,no,no,no,False
101919709,METROPOLITAN NASHVILLE POLICE DEPT,20180160564,Davidson,Nashville,2/18/2018 5:50:00 PM,2,0,0,36.171430,-86.769040,JAMES ROBERTSON PKWY,,,,0.00,,,INTERSTATE DR,,,,0.00,Y,Four-Way, ,Intersection,None,,,         ,Roy,Sain Jr.,Clear,Front to Rear,no,no,no,no,no,False
101919722,METROPOLITAN NASHVILLE POLICE DEPT,20180160316,Davidson,Nashville,2/18/2018 2:49:00 PM,2,0,0,36.086870,-86.696830,HARDING PL,,,,259.00,Feet,West,S PERIMETER PARK DR,,,,0.00,N,Not at Intersection, ,Non-Junction,None,,,         ,Madison,Meiss,Clear,Front to Rear,no,no,no,no,no,False
101919724,METROPOLITAN NASHVILLE POLICE DEPT,20180160569,Davidson,Nashville,2/18/2018 6:03:00 PM,1,1,0,36.169920,-86.756200,S 8TH ST,,,,0.00,,,SHELBY AV,,,,0.00,Y,Four-Way,N,Intersection-Related,None,,,         ,Tyler,Adcock,Clear,Not Collision with Motor Vehicle in Transport,yes,no,no,no,yes,False
101919751,METROPOLITAN NASHVILLE POLICE DEPT,20180160331,Davidson,Nashville,2/18/2018 2:16:00 PM,2,0,0,36.105130,-86.741540,RADNOR ST,,,,228.00,Feet,East,NOLENSVILLE PKE,,,,0.00,N,Not at Intersection, ,Non-Junction,None,,,         ,Ciarra,Rench,Clear,"Sideswipe, Same Direction",no,no,no,no,no,False
101919753,METROPOLITAN NASHVILLE POLICE DEPT,20180160664,Davidson,Nashville,2/18/2018 6:42:00 PM,2,0,0,36.166490,-86.782320,5TH AVN,,,,261.00,Feet,North,6TH AVN,,,,0.00,N,Not at Intersection, ,,None,,,         ,Phillip,Box,,,no,no,no,no,no,False
101919761,METROPOLITAN NASHVILLE POLICE DEPT,20180160342,Davidson,Nashville,2/18/2018 3:35:00 PM,2,1,0,36.145490,-86.662460,ROYAL PKWY,,,,156.00,Feet,East,AIRPORT CENTER DR,,,,0.00,N,Not at Intersection,N,Non-Junction,None,,,         ,Darci,Stechman,Clear,Front to Rear,no,no,no,no,no,False
101919767,METROPOLITAN NASHVILLE POLICE DEPT,20180160687,Davidson,Nashville,2/18/2018 7:00:00 PM,2,0,0,36.206250,-86.773540,I65 N EXT RAMP,,,,0.00,,,W TRINITY LN,,,,0.00,Y,T-Intersection,N,Non-Junction,None,,,         ,Gregory,Cenicola,Clear,Angle,no,no,no,no,yes,False
101919768,METROPOLITAN NASHVILLE POLICE DEPT,20180160684,Davidson,Nashville,2/18/2018 6:41:00 PM,2,0,0,36.142090,-86.816070,WEST END AV,,,,247.00,Feet,South,31ST AVN,,,,0.00,N,Not at Intersection,N,Non-Junction,None,,,         ,Jed,Baldoni,Clear,Front to Rear,no,no,no,no,yes,Campus
101919770,METROPOLITAN NASHVILLE POLICE DEPT,20180160512,Davidson,Not in City Limit,2/18/2018 4:13:00 PM,1,0,0,36.137780,-86.949510,RIVER ROAD PKE,,,,1871.00,Feet,East,INDIAN CREEK RD,,,,0.00,N,Not at Intersection,N,Non-Junction,None,,,         ,Adam,Reese,Clear,Not Collision with Motor Vehicle in Transport,no,no,no,no,no,False
101919771,METROPOLITAN NASHVILLE POLICE DEPT,20180160397,Davidson,Not in City Limit,2/18/2018 4:13:00 PM,2,1,0,36.137780,-86.949510,RIVER ROAD PKE,,,,1871.00,Feet,East,INDIAN CREEK RD,,,,0.00,N,Not at Intersection,N,Non-Junction,None,,,         ,Adam,Reese,Clear,Not Collision with Motor Vehicle in Transport,no,no,no,no,no,False
101919772,METROPOLITAN NASHVILLE POLICE DEPT,20180160654,Davidson,Nashville,2/18/2018 6:45:00 PM,2,0,0,36.154780,-86.762320,I40 W ENT RAMP,,,,0.00,,,I 40,,,,0.00,Y,OTHER,N,Non-Junction,None,,,         ,Seth,Quiles,Cloudy,"Sideswipe, Same Direction",no,no,no,no,yes,False
101919773,METROPOLITAN NASHVILLE POLICE DEPT,20180160670,Davidson,Nashville,2/18/2018 6:49:00 PM,2,0,0,36.112400,-86.746000,NOLENSVILLE PKE,,,,123.00,Feet,South,MCCLAIN AV,,,,0.00,N,Not at Intersection,N,Non-Junction,None,,,         ,Douglas,Sykes,Clear,"Sideswipe, Opposite Direction",no,no,no,no,no,False
101919799,METROPOLITAN NASHVILLE POLICE DEPT,20180160598,Davidson,Nashville,2/18/2018 5:30:00 PM,2,1,0,36.070200,-86.693850,EZELL RD,,,,222.00,Feet,North,HAYWOOD LN,,,,0.00,N,Not at Intersection,N,Non-Junction,None,,,         ,Ian,Swander,Clear,Front to Rear,no,no,no,no,no,False
101919811,METROPOLITAN NASHVILLE POLICE DEPT,20180160756,Davidson,Nashville,2/18/2018 7:30:00 PM,2,2,0,36.131990,-86.857640,BROOKWOOD PL,,,,0.00,,,WHITE BRIDGE PKE,,,,0.00,Y,Four-Way,N,Intersection-Related,None,,,         ,Torian,Cox,Clear,Front to Rear,no,no,no,no,no,False
101919817,METROPOLITAN NASHVILLE POLICE DEPT,20180160677,Davidson,Nashville,2/18/2018 7:13:00 PM,2,3,0,36.218390,-86.838050,KINGS LN,,,,303.00,Feet,West,CLARKSVILLE PKE,,,,0.00,N,Not at Intersection,N,Non-Junction,None,,,         ,Sara,Lober,Clear,Front to Rear,no,no,no,no,no,False
101919821,METROPOLITAN NASHVILLE POLICE DEPT,20180160689,Davidson,Nashville,2/18/2018 4:40:00 PM,2,0,0,36.143170,-86.791270,EDGEHILL AV,,,,177.00,Feet,East,VILLA PL,,,,0.00,N,Not at Intersection, ,Non-Junction,None,,,         ,Darryl,Williams,Clear,Angle,no,no,no,no,no,False
101919846,METROPOLITAN NASHVILLE POLICE DEPT,20180160728,Davidson,Nashville,2/18/2018 7:22:00 PM,2,2,0,36.241830,-86.675400,NEELYS BEND RD,,,,73.00,Feet,East,ALLEN PASS,,,,0.00,N,Not at Intersection,N,Non-Junction,None,,,         ,Kevin,Crawford,Clear,HeadOn,no,no,no,no,no,False
101919867,METROPOLITAN NASHVILLE POLICE DEPT,20180161000,Davidson,Nashville,2/18/2018 9:40:00 PM,2,0,0,36.151760,-86.768630,2ND AVS,,,,0.00,Feet,,I40 W EXT RAMP,,,,0.00,Y,OTHER, ,Intersection,None,,,         ,Robert,Crow,Cloudy,"Sideswipe, Same Direction",no,no,no,no,no,False
101919870,METROPOLITAN NASHVILLE POLICE DEPT,20180160987,Davidson,Nashville,2/18/2018 8:00:00 PM,2,0,0,36.101880,-86.745390,MEADE AV,,,,0.00,,,DRAKE AV,,,,0.00,Y,T-Intersection,Y,Non-Junction,None,,,         ,Nicholas,Carroll,Clear,HeadOn,no,no,no,no,no,False
101919873,METROPOLITAN NASHVILLE POLICE DEPT,20180160589,Davidson,Nashville,2/18/2018 6:13:00 PM,3,3,0,36.163630,-86.779100,CHURCH ST,,,,40.00,Feet,West,4TH AVN,,,,0.00,N,Not at Intersection,N,Non-Junction,None,,,         ,Kevin,Johnson,Clear,HeadOn,no,no,no,no,no,False
101919883,METROPOLITAN NASHVILLE POLICE DEPT,20180161043,Davidson,Nashville,2/18/2018 9:59:00 PM,2,0,0,36.172720,-86.769160,I 24,,,,0.00,,,,,,,48.25,N,Not at Intersection, ,Non-Junction,None,,,         ,Gregory,Cenicola,Clear,"Sideswipe, Same Direction",no,no,no,no,no,False
101919922,METROPOLITAN NASHVILLE POLICE DEPT,20180160955,Davidson,Nashville,2/18/2018 8:23:00 PM,2,0,0,36.103250,-86.815950,WARFIELD DR,,,,56.00,Feet,East,HILLSBORO PKE,,,,0.00,N,Not at Intersection, ,Non-Junction,None,,,         ,Austin,Kendrick,Clear,Front to Rear,no,no,no,no,no,False
101919927,METROPOLITAN NASHVILLE POLICE DEPT,20180161038,Davidson,Nashville,2/18/2018 9:51:00 PM,2,0,0,36.157990,-86.790700,I40 W ENT RAMP,,,,0.00,Feet,East,I 40,,,,0.00,N,Not at Intersection,Y,Entrance/Exit Ramp Related,None,,,         ,Phillip,Box,Clear,Front to Rear,no,no,no,no,no,False
101919929,METROPOLITAN NASHVILLE POLICE DEPT,20180161082,Davidson,Nashville,2/18/2018 10:20:00 PM,1,0,0,36.095050,-86.762680,I 65,,,,0.00,,,,,,,78.70,N,Not at Intersection,N,Non-Junction,None,,,         ,John,Tyree,Clear,Not Collision with Motor Vehicle in Transport,no,no,no,no,no,False
101919941,METROPOLITAN NASHVILLE POLICE DEPT,20180161102,Davidson,Nashville,2/18/2018 10:33:00 PM,2,0,0,36.154000,-86.762910,I24 W ENT RAMP,,,,0.00,,,I 40,,,,0.00,Y,Y-Intersection,Y,Non-Junction,None,,,         ,Trenton,Searcy,Clear,Not Collision with Motor Vehicle in Transport,no,no,no,no,no,False
101919945,METROPOLITAN NASHVILLE POLICE DEPT,20180161163,Davidson,Nashville,2/18/2018 11:18:00 PM,1,1,0,36.041090,-86.778970,OLD HICKORY BLVD,,,,138.00,Feet,East,STONE BROOK DR,,,,0.00,N,Not at Intersection,N,Non-Junction,None,,,         ,Alyson,Cook,Clear,Not Collision with Motor Vehicle in Transport,no,no,no,yes,no,False
101919947,METROPOLITAN NASHVILLE POLICE DEPT,20180161183,Davidson,Nashville,2/18/2018 11:29:00 PM,2,2,0,36.153790,-86.794410,WEST END AV,,,,0.00,,,17TH AVN,,,,0.00,Y,Four-Way,Y,Intersection,None,,,         ,Jonathan,Hadley,Clear,Angle,no,no,no,no,no,False
101919977,METROPOLITAN NASHVILLE POLICE DEPT,20180161294,Davidson,Nashville,2/19/2018 12:21:00 AM,2,0,0,36.104090,-86.715910,I 24,,,,0.00,,,,,,,54.20,N,Not at Intersection,Y,Non-Junction,None,,,         ,Derrick,Toney,Clear,"Sideswipe, Same Direction",no,no,no,no,yes,False
101919988,METROPOLITAN NASHVILLE POLICE DEPT,20180161507,Davidson,Nashville,2/19/2018 2:11:00 AM,1,0,0,36.209130,-86.691190,OPRYLAND DR,,,,584.00,Feet,West,BRILEY PKWYS,,,,0.00,N,Not at Intersection,N,Non-Junction,None,,,         ,Tyler,Manivong,Clear,Not Collision with Motor Vehicle in Transport,no,no,no,no,no,False
101919989,METROPOLITAN NASHVILLE POLICE DEPT,20180161171,Davidson,Nashville,2/18/2018 11:21:00 PM,2,1,0,36.134220,-86.776370,I65 S ENT RAMP,,,,0.00,,,I65 S EXT RAMP,,,,0.00,Y,Four-Way,Y,Entrance/Exit Ramp Related,None,,,         ,Joshua,Billotte,Clear,Angle,no,no,no,no,yes,False
101919995,METROPOLITAN NASHVILLE POLICE DEPT,20180161556,Davidson,Nashville,2/19/2018 1:31:00 AM,2,0,0,36.124970,-86.786340,10TH AVS,,,,177.00,Feet,North,GILMORE AV,,,,0.00,N,Not at Intersection,N,Non-Junction,None,,,         ,Steven,Wiser,Clear,Front to Rear,no,no,no,no,yes,False
101920004,GOODLETTSVILLE POLICE DEPT,18-06414,Davidson,Goodlettsville,2/18/2018 9:07:00 PM,2,0,0,36.325580,-86.701210,LONG HOLLOW PKE,,,,233.00,Feet,North,CONFERENCE DR,,,,0.00,N,Not at Intersection,N,Non-Junction,None,,,         ,Jeffery,Hunter,Cloudy,Angle,no,no,no,no,yes,False
101920019,METROPOLITAN NASHVILLE POLICE DEPT,20180161472,Davidson,Nashville,2/19/2018 12:00:00 AM,2,0,0,36.219510,-86.759170,CAPITOL VIEW AV,,,,250.00,Feet,East,ALHAMBRA CIR,,,,0.00,N,Not at Intersection,N,Non-Junction,None,,,         ,Amanda,Hane,,Unknown,no,no,no,no,yes,False
101920029,METROPOLITAN NASHVILLE POLICE DEPT,20180161879,Davidson,Nashville,2/19/2018 4:50:00 AM,1,1,0,36.144460,-86.692450,I40 W EXT RAMP,,,,0.00,Feet,East,I 40,,,,0.00,N,Not at Intersection,N,Non-Junction,None,,,         ,Christopher,Lawson,Clear,Not Collision with Motor Vehicle in Transport,no,no,no,no,no,False
101920074,METROPOLITAN NASHVILLE POLICE DEPT,20180162158,Davidson,Nashville,2/19/2018 7:22:00 AM,2,0,0,36.128320,-86.852530,WHITE BRIDGE PKE,,,,204.00,Feet,West,POST PL,,,,0.00,N,Not at Intersection,N,Non-Junction,None,,,         ,Curtis,Rich,Cloudy,Front to Rear,no,no,no,no,no,False
101920082,METROPOLITAN NASHVILLE POLICE DEPT,20180162170,Davidson,Not in City Limit,2/19/2018 7:20:00 AM,1,1,0,36.073750,-87.008600,MCCRORY LN,,,,0.57,Miles,East,NEWSOM STATION RD,,,,0.00,N,Not at Intersection,N,Non-Junction,None,,,         ,Douglas,Atwood,Clear,Not Collision with Motor Vehicle in Transport,no,no,no,no,no,False