master_record_number,agency,agency_tracking_number,county,city,collision_date,vehicles_involved,number_injured,number_dead,latitude,longitude,roadway_name,roadway_suffix,roadway_number,roadway_local_id,distance_from_reference,miles-feet_indicator,direction_from_reference,intersection_road_name,intersection_road_name_suffix,intersection_road_number,intersection_local_id,mile_marker,intersection_indicator,intersect_type,interchange_related_indicator,relation_to_junction,work_zone_type,construction_maintenance_zone,construction_maintenance_zone_location,fatal_case_number,officer_first_name,officer_last_name,weather_condition(s),manner_of_crash,pedestrian,bicycle,scooter,parking,hitrun,mou
101920090,METROPOLITAN NASHVILLE POLICE DEPT,20180162135,Davidson,Nashville,2/19/2018 5:12:00 AM,2,0,0,36.098840,-86.659750,MURFREESBORO PKE,,,,140.00,Feet,West,HARDING PL,,,,0.00,N,Not at Intersection,N,Non-Junction,None,,,         ,Brandon,Vance,Clear,"Sideswipe, Same Direction",no,no,no,no,yes,False
101920136,METROPOLITAN NASHVILLE POLICE DEPT,20180162299,Davidson,Nashville,2/19/2018 8:22:00 AM,2,1,0,36.091360,-86.828510,HARDING PL,,,,0.00,,,HILLSBORO PKE,,,,0.00,Y,Four-Way,N,Intersection,None,,,         ,Justin,Pinkelton,Clear,Front to Rear,no,no,no,no,no,False
101920153,METROPOLITAN NASHVILLE POLICE DEPT,3230 BRICK CHUR,Davidson,Nashville,2/19/2018 8:00:00 AM,2,0,0,36.241260,-86.780610,BRICK CHURCH PKE,,,,135.00,Feet,North,BRILEY PARK BLVDS,,,,0.00,N,Not at Intersection, ,Non-Junction,None,,,         ,Peter,Lynch,Cloudy,"Sideswipe, Same Direction",no,no,no,no,no,False
101920173,METROPOLITAN NASHVILLE POLICE DEPT,20180162331,Davidson,Nashville,2/19/2018 8:39:00 AM,2,0,0,36.200070,-86.594760,WAYNEWOOD LN,,,,80.00,Feet,South,BROOKSIDE WOODS BLVD,,,,0.00,N,Not at Intersection, ,Non-Junction,None,,,         ,James,Curtis,Clear,HeadOn,no,no,no,no,no,False
101920218,METROPOLITAN NASHVILLE POLICE DEPT,20180160154,Davidson,Nashville,2/18/2018 12:31:00 PM,1,0,0,36.151050,-86.800690,WEST END AV,,,,260.00,Feet,North,21ST AVN,,,,0.00,N,Not at Intersection, ,OtherLocation,None,,,         ,David,Hazzard,Clear,Not Collision with Motor Vehicle in Transport,no,no,no,yes,no,Campus
101920219,METROPOLITAN NASHVILLE POLICE DEPT,20180162596,Davidson,Nashville,2/19/2018 10:25:00 AM,2,0,0,36.110910,-86.744760,THOMPSON LN,,,,138.00,Feet,East,NOLENSVILLE PKE,,,,0.00,N,Not at Intersection, ,,None,,,         ,Justin,Pinkelton,,,no,no,no,no,no,False
101920237,METROPOLITAN NASHVILLE POLICE DEPT,20180162632,Davidson,Nashville,2/19/2018 10:41:00 AM,1,0,0,36.127790,-86.799890,LINDEN AV,,,,46.00,Feet,East,ALTURA PL,,,,0.00,N,Not at Intersection, ,Non-Junction,None,,,         ,Walter,Cothran,Clear,Not Collision with Motor Vehicle in Transport,no,no,no,no,no,False
101920238,METROPOLITAN NASHVILLE POLICE DEPT,20180162410,Davidson,Nashville,2/19/2018 9:15:00 AM,2,0,0,36.069440,-86.689620,I 24,,,,0.00,,,,,,,57.00,N,Not at Intersection,N,Non-Junction,None,,,         ,Brandon,Vance,Clear,Not Collision with Motor Vehicle in Transport,no,no,no,no,no,False
101920259,METROPOLITAN NASHVILLE POLICE DEPT,20180162625,Davidson,Nashville,2/19/2018 10:37:00 AM,2,0,0,36.135860,-86.725010,SPENCE LN,,,,0.00,,,MURFREESBORO PKE,,,,0.00,Y,Four-Way, ,Intersection-Related,None,,,         ,James,Curtis,Clear,Other,no,no,no,no,no,False
101920279,METROPOLITAN NASHVILLE POLICE DEPT,20180162803,Davidson,Nashville,2/19/2018 11:45:00 AM,1,0,0,36.090010,-86.809730,HARDING PL,,,,62.00,Feet,East,SHYS HILL RD,,,,0.00,N,Not at Intersection, ,Non-Junction,Utility Zone,,,         ,Justin,Pinkelton,Clear,Not Collision with Motor Vehicle in Transport,no,no,no,no,no,False
101920289,METROPOLITAN NASHVILLE POLICE DEPT,20180162758,Davidson,Nashville,2/19/2018 9:00:00 AM,1,0,0,36.140870,-86.817430,WEST END AV,,,,0.00,,,ACKLEN PARK DR,,,,0.00,Y,T-Intersection, ,,None,,,         ,Brian,Murphy,,,no,no,no,no,no,False
101920292,METROPOLITAN NASHVILLE POLICE DEPT,20180162829,Davidson,Nashville,2/19/2018 12:13:00 PM,2,0,0,36.127570,-86.843880,WOODLAWN DR,,,,0.00,,,HARDING PKE,,,,0.00,Y,Four-Way, ,,None,,,         ,Curtis,Rich,,,no,no,no,no,no,False
101920301,METROPOLITAN NASHVILLE POLICE DEPT,20180162581,Davidson,Nashville,2/19/2018 10:17:00 AM,2,2,0,36.110150,-86.744810,NOLENSVILLE PKE,,,,11.00,Feet,South,COLLIER AV,,,,0.00,N,Not at Intersection,N,Non-Junction,None,,,         ,Jessie,Meadows,Clear,Front to Rear,no,no,no,no,no,False
101920302,METROPOLITAN NASHVILLE POLICE DEPT,20180162540,Davidson,Nashville,2/19/2018 10:07:00 AM,2,0,0,36.071400,-86.684070,ANTIOCH PKE,,,,70.00,Feet,North,HAYSTACK LN,,,,0.00,N,Not at Intersection,N,Non-Junction,None,,,         ,Jessie,Meadows,Clear,Angle,no,no,no,no,yes,False
101920311,METROPOLITAN NASHVILLE POLICE DEPT,20180162925,Davidson,Nashville,2/19/2018 12:44:00 PM,2,0,0,36.149090,-86.857910,WHITE BRIDGE PKE,,,,243.00,Feet,North,LENOX AV,,,,0.00,N,Not at Intersection, ,Non-Junction,None,,,         ,Curtis,Rich,Cloudy,Angle,no,no,no,no,no,False
101920312,METROPOLITAN NASHVILLE POLICE DEPT,20180162891,Davidson,Nashville,2/19/2018 12:26:00 PM,2,0,0,36.156020,-86.789550,I 40,,,,0.00,,,,,,,209.10,N,Not at Intersection, ,Non-Junction,None,,,         ,Walter,Cothran,Clear,"Sideswipe, Same Direction",no,no,no,no,yes,False
101920315,METROPOLITAN NASHVILLE POLICE DEPT,20180162821,Davidson,Nashville,2/19/2018 10:53:00 AM,2,0,0,36.193660,-86.831220,CLARKSVILLE PKE,,,,0.00,,,BUENA VISTA PKE,,,,0.00,Y,Four-Way,N,Intersection-Related,None,,,         ,Patrick,Taylor,Clear,"Sideswipe, Same Direction",no,no,no,no,yes,False
101920316,METROPOLITAN NASHVILLE POLICE DEPT,20180162907,Davidson,Nashville,2/19/2018 12:28:00 PM,2,0,0,36.151340,-86.768360,2ND AVS,,,,0.00,,,I40 E ENT RAMP,,,,0.00,Y,OTHER,N,Entrance/Exit Ramp Related,None,,,         ,Michael,Dance,Clear,Angle,no,no,no,no,yes,False
101920318,METROPOLITAN NASHVILLE POLICE DEPT,20180162627,Davidson,Nashville,2/19/2018 11:30:00 AM,2,0,0,36.199950,-86.776320,I 65,,,,0.00,,,,,,,86.85,N,Not at Intersection, ,,None,,,         ,Cary,Briley,,,no,no,no,no,no,False
101920337,METROPOLITAN NASHVILLE POLICE DEPT,20180162645,Davidson,Nashville,2/19/2018 10:20:00 AM,3,1,0,36.203140,-86.776840,I 65,,,,0.00,,,,,,,87.10,N,Not at Intersection,Y,Non-Junction,None,,,         ,Jeanine,Sarno,Clear,"Sideswipe, Same Direction",no,no,no,no,no,False
101920353,METROPOLITAN NASHVILLE POLICE DEPT,20180162909,Davidson,Not in City Limit,2/19/2018 12:35:00 PM,2,0,0,36.279820,-86.708620,GALLATIN PKEN,,,,52.00,Feet,South,ELMORE AV,,,,0.00,N,Not at Intersection, ,Non-Junction,None,,,         ,Brian,Otto,Cloudy,Angle,no,no,no,no,no,False
101920410,METROPOLITAN NASHVILLE POLICE DEPT,20180163028,Davidson,Nashville,2/19/2018 1:36:00 PM,2,0,0,36.140140,-86.722980,I 40,,,,0.00,,,,,,,213.50,N,Not at Intersection, ,,None,,,         ,James,Curtis,,,no,no,no,no,no,False
101920414,METROPOLITAN NASHVILLE POLICE DEPT,20180163025,Davidson,Nashville,2/19/2018 1:44:00 PM,2,0,0,36.148970,-86.863830,CHARLOTTE PKE,,,,401.00,Feet,East,LELLYETT ST,,,,0.00,N,Not at Intersection, ,Non-Junction,None,,,         ,Curtis,Rich,Cloudy,Front to Rear,no,no,no,no,no,False
101920427,METROPOLITAN NASHVILLE POLICE DEPT,20180162932,Davidson,Nashville,2/19/2018 11:45:00 AM,2,0,0,36.180160,-86.745310,ORDWAY PL,,,,0.00,,,N 14TH ST,,,,0.00,Y,Four-Way, ,Intersection-Related,None,,,         ,Doyle,Price,Cloudy,Front to Rear,no,no,no,no,no,False
101920437,METROPOLITAN NASHVILLE POLICE DEPT,20180163077,Davidson,Nashville,2/19/2018 2:00:00 PM,2,0,0,36.152200,-86.842220,CHARLOTTE AV,,,,0.00,,,46TH AVN,,,,0.00,Y,Four-Way, ,,None,,,         ,Michael,Pyle,,,no,no,no,no,no,False
101920463,METROPOLITAN NASHVILLE POLICE DEPT,20180163106,Davidson,Nashville,2/19/2018 1:30:00 PM,2,0,0,36.190780,-86.615320,OLD HICKORY BLVD,,,,23.00,Feet,South,OLD LEBANON DIRT RD,,,,0.00,N,Not at Intersection, ,,None,,,         ,Steven,Folliard,,,no,no,no,no,no,False
101920547,METROPOLITAN NASHVILLE POLICE DEPT,20180163093,Davidson,Not in City Limit,2/19/2018 2:09:00 PM,2,1,0,36.263460,-86.684270,STATE RT 45,,,,0.00,Feet,,LARKIN SPRINGS RD,,,,0.00,Y,T-Intersection,N,Intersection,None,,,         ,Brian,Manning,Clear,Front to Rear,no,no,no,no,yes,False
101920551,GOODLETTSVILLE POLICE DEPT,18-06526,Davidson,Goodlettsville,2/19/2018 1:00:00 PM,2,0,0,36.312180,-86.677750,VIETNAM VETERANS BLVDS,,,,1.00,Miles,East,CONFERENCE DR,,,,0.00,N,Not at Intersection,N,Non-Junction,None,,,         ,George,Forbes,Cloudy,Not Collision with Motor Vehicle in Transport,no,no,no,no,no,False
101920570,METROPOLITAN NASHVILLE POLICE DEPT,20180163200,Davidson,Nashville,2/19/2018 12:00:00 AM,2,0,0,36.160410,-86.815280,26TH AVN,,,,137.00,Feet,South,BOOKER ST,,,,0.00,N,Not at Intersection, ,Non-Junction,None,,,         ,Melvin,Taylor,Clear,"Sideswipe, Opposite Direction",no,no,no,no,no,False
101920586,METROPOLITAN NASHVILLE POLICE DEPT,20180163019,Davidson,Nashville,2/19/2018 1:40:00 PM,2,0,0,36.045470,-86.658660,BELL RD,,,,72.00,Feet,West,I24 W ENT RAMP,,,,0.00,N,Not at Intersection,N,Non-Junction,None,,,         ,Jessie,Meadows,Clear,Angle,no,no,no,no,no,False
101920614,METROPOLITAN NASHVILLE POLICE DEPT,20180163155,Davidson,Nashville,2/19/2018 2:20:00 PM,1,0,0,36.155320,-86.760720,I24 W ENT RAMP,,,,0.00,,,HERMITAGE AV,,,,0.00,Y,OTHER, ,,None,,,         ,Allyson,Reis,,,no,no,no,no,no,False
101920625,METROPOLITAN NASHVILLE POLICE DEPT,20180163146,Davidson,Nashville,2/19/2018 2:08:00 PM,2,0,0,36.143500,-86.702500,I 40,,,,0.00,,,,,,,214.60,N,Not at Intersection, ,Non-Junction,None,,,         ,Zachariah,Bush,Clear,Front to Rear,no,no,no,no,no,False
101920629,METROPOLITAN NASHVILLE POLICE DEPT,20180163255,Davidson,Not in City Limit,2/19/2018 3:30:00 PM,2,1,0,36.261670,-86.712380,GALLATIN PKES,,,,164.00,Feet,North,MAPLE ST,,,,0.00,N,Not at Intersection,N,Non-Junction,None,,,         ,Christopher,Littles,Cloudy,Rear to Rear,no,no,no,yes,no,False
101920630,METROPOLITAN NASHVILLE POLICE DEPT,20180163302,Davidson,Nashville,2/19/2018 12:00:00 AM,2,0,0,36.172840,-86.793140,JEFFERSON ST,,,,231.00,Feet,West,9TH AVN,,,,0.00,N,Not at Intersection, ,Non-Junction,None,,,         ,Melvin,Taylor,Clear,"Sideswipe, Opposite Direction",no,no,no,no,no,False
101920631,METROPOLITAN NASHVILLE POLICE DEPT,20180163191,Davidson,Nashville,2/19/2018 3:00:00 PM,2,1,0,36.148590,-86.665330,ELM HILL PKE,,,,292.00,Feet,East,DONELSON PKE,,,,0.00,N,Not at Intersection,N,Non-Junction,None,,,         ,Darci,Stechman,Cloudy,Other,no,no,no,no,yes,False
101920636,METROPOLITAN NASHVILLE POLICE DEPT,20180163229,Davidson,Nashville,2/19/2018 3:14:00 PM,2,0,0,36.157370,-86.774840,4TH AVS,,,,107.00,Feet,North,KOREAN VETERANS BLVD,,,,0.00,N,Not at Intersection, ,Non-Junction,Construction Zone,,,         ,Phillip,Box,Clear,"Sideswipe, Same Direction",no,no,no,no,no,False
101920637,METROPOLITAN NASHVILLE POLICE DEPT,20180163221,Davidson,Nashville,2/19/2018 12:00:00 AM,2,0,0,36.184980,-86.775170,I 24,,,,0.00,,,,,,,47.25,N,Not at Intersection, ,Non-Junction,None,,,         ,Gordon,Stovall,Cloudy,"Sideswipe, Same Direction",no,no,no,no,no,False
101920639,METROPOLITAN NASHVILLE POLICE DEPT,20180163248,Davidson,Nashville,2/19/2018 12:00:00 AM,1,0,0,36.255340,-86.703240,NEELYS BEND RD,,,,0.00,,,,,,,0.00,,,N,Non-Junction,Unknown,,,         ,Adam,Nicholson,Unknown,Not Collision with Motor Vehicle in Transport,no,no,no,no,yes,False
101920655,METROPOLITAN NASHVILLE POLICE DEPT,20180163287,Davidson,Nashville,2/19/2018 12:00:00 AM,1,0,0,36.243860,-86.736380,BRIARVILLE RD,,,,273.00,Feet,South,LEWIS RD,,,,0.00,N,Not at Intersection,N,Non-Junction,None,,,         ,Peter,Vaught,Unknown,Not Collision with Motor Vehicle in Transport,no,no,no,no,yes,False
101920658,BERRY HILL POLICE DEPT,18-0587,Davidson,Berry Hill,2/19/2018 3:41:00 PM,2,0,0,36.112180,-86.765530,THOMPSON LN,,,,333.00,Feet,South,COLUMBINE PL,,,,0.00,N,Not at Intersection, ,,None,,,         ,Stephen,Reece,,,no,no,no,yes,no,False
101920677,METROPOLITAN NASHVILLE POLICE DEPT,20180163326,Davidson,Nashville,2/19/2018 3:50:00 PM,2,0,0,36.066830,-86.916940,DEVON VALLEY DR,,,,0.00,,,OLD HICKORY BLVD,,,,0.00,Y,Four-Way,N,Intersection-Related,None,,,         ,Robert,Crow,Cloudy,Angle,no,no,no,no,no,False
101920691,METROPOLITAN NASHVILLE POLICE DEPT,20180163450,Davidson,Goodlettsville,2/19/2018 4:12:00 PM,2,0,0,36.298140,-86.699850,RIVERGATE PKWY,,,,0.00,,,GLEAVES ST,,,,0.00,Y,T-Intersection,N,Intersection,None,,,         ,Christopher,Littles,Clear,Angle,no,no,no,no,no,False
101920694,METROPOLITAN NASHVILLE POLICE DEPT,20180163485,Davidson,Nashville,2/19/2018 4:45:00 PM,2,0,0,36.192070,-86.739020,DOUGLAS AV,,,,208.00,Feet,East,CHAPEL AV,,,,0.00,N,Not at Intersection,N,Non-Junction,None,,,         ,Gregory,Cenicola,Clear,"Sideswipe, Same Direction",no,no,no,no,no,False
101920695,METROPOLITAN NASHVILLE POLICE DEPT,20180163531,Davidson,Nashville,2/19/2018 5:00:00 PM,2,0,0,36.070060,-86.699100,HAYWOOD LN,,,,90.00,Feet,West,EAST RIDGE DR,,,,0.00,N,Not at Intersection,N,Non-Junction,None,,,         ,Jessie,Meadows,Clear,"Sideswipe, Same Direction",no,no,no,no,yes,False
101920698,METROPOLITAN NASHVILLE POLICE DEPT,20180163232,Davidson,Nashville,2/19/2018 3:15:00 PM,3,3,0,36.129850,-86.901620,CHARLOTTE PKE,,,,261.00,Feet,West,CABOT DR,,,,0.00,N,Not at Intersection,Y,Non-Junction,None,,,         ,John,Hoesli,Clear,Angle,no,no,no,no,no,False
101920699,METROPOLITAN NASHVILLE POLICE DEPT,20180163418,Davidson,Nashville,2/19/2018 4:24:00 PM,2,1,0,36.134240,-86.776600,WEDGEWOOD AV,,,,66.00,Feet,West,I65 S EXT RAMP,,,,0.00,N,Not at Intersection,N,Non-Junction,None,,,         ,Brandon,Hughes,Clear,Front to Rear,no,no,no,no,no,False
101920703,METROPOLITAN NASHVILLE POLICE DEPT,20180163532,Davidson,Nashville,2/19/2018 4:47:00 PM,2,0,0,36.147030,-86.779050,8TH AVS,,,,130.00,Feet,North,SOUTH ST,,,,0.00,N,Not at Intersection,N,Non-Junction,None,,,         ,Brandon,Hughes,Clear,"Sideswipe, Same Direction",no,no,no,no,yes,False
101920704,METROPOLITAN NASHVILLE POLICE DEPT,20180163625,Davidson,Nashville,2/19/2018 5:42:00 PM,2,0,0,36.248870,-86.719770,GALLATIN PKES,,,,340.00,Feet,North,DUE WEST AVE,,,,0.00,N,Not at Intersection,N,Non-Junction,None,,,         ,Christopher,Littles,Clear,"Sideswipe, Same Direction",no,no,no,yes,yes,False
101920710,METROPOLITAN NASHVILLE POLICE DEPT,20180163211,Davidson,Nashville,2/19/2018 3:11:00 PM,2,0,0,36.209590,-86.870360,ASHLAND CITY HWY,,,,0.00,Feet,,ASHLAND CITY HWY WB ENT RAMP,,,,0.00,Y,T-Intersection,Y,Intersection,None,,,         ,Sara,Lober,Clear,Angle,no,no,no,no,yes,False
101920712,METROPOLITAN NASHVILLE POLICE DEPT,20180163579,Davidson,Nashville,2/19/2018 5:20:00 PM,3,2,0,36.123940,-86.745730,I 440,,,,0.00,,,,,,,6.50,N,Not at Intersection,N,Non-Junction,None,,,         ,Eric,Keller,Clear,Front to Rear,no,no,no,no,no,False
101920716,METROPOLITAN NASHVILLE POLICE DEPT,20180163560,Davidson,Nashville,2/19/2018 5:16:00 PM,2,0,0,36.162790,-86.761290,I 24,,,,0.00,,,,,,,49.30,N,Not at Intersection, ,Non-Junction,None,,,         ,Michael,Moss,Clear,Front to Rear,no,no,no,no,no,False
101920718,METROPOLITAN NASHVILLE POLICE DEPT,20180163719,Davidson,Nashville,2/19/2018 6:23:00 PM,2,0,0,36.105830,-86.763930,POWELL AV,,,,240.00,Feet,North,ARMORY OAKS DR,,,,0.00,N,Not at Intersection,N,Non-Junction,None,,,         ,Austin,Kendrick,Clear,Angle,no,no,no,yes,no,False
101920720,METROPOLITAN NASHVILLE POLICE DEPT,20180163644,Davidson,Nashville,2/19/2018 5:52:00 PM,2,0,0,36.162260,-86.618500,I 40,,,,0.00,,,,,,,219.75,N,Not at Intersection,N,Non-Junction,None,,,         ,David,Stanley,Clear,Angle,no,no,no,no,no,False
101920721,METROPOLITAN NASHVILLE POLICE DEPT,20180128122,Davidson,Nashville,2/9/2018 7:00:00 AM,2,0,0,36.101240,-86.867310,HARDING PL,,,,0.00,,,WINDSOR DR,,,,0.00,Y,OTHER, ,Non-Junction,None,,,         ,Edward,Rucker,Other,Angle,no,no,no,no,no,False
101920722,METROPOLITAN NASHVILLE POLICE DEPT,20180163303,Davidson,Nashville,2/19/2018 3:50:00 PM,2,0,0,36.129190,-86.727660,I440 W ENT RAMP,,,,0.00,Feet,East,I 24,,,,0.00,N,Not at Intersection, ,Non-Junction,None,,,         ,Aimee,Ortiz,Cloudy,Front to Rear,no,no,no,no,no,False
101920731,METROPOLITAN NASHVILLE POLICE DEPT,20180163757,Davidson,Nashville,2/19/2018 6:30:00 PM,2,1,0,36.129850,-86.901620,CHARLOTTE PKE,,,,261.00,Feet,West,CABOT DR,,,,0.00,N,Not at Intersection,N,Non-Junction,None,,,         ,Brandon,Pedigo,Clear,Front to Rear,no,no,no,no,no,False
101920736,METROPOLITAN NASHVILLE POLICE DEPT,20180163612,Davidson,Nashville,2/19/2018 5:40:00 PM,2,1,0,36.179670,-86.772550,LANE GARDEN APTS PVTDR,,,,22.00,Feet,West,RIVERCHASE APTS PVTDR,,,,0.00,N,Not at Intersection,N,OtherLocation,None,,,         ,Cody,Jaworski,Clear,"Sideswipe, Opposite Direction",no,no,no,yes,no,False
101920744,METROPOLITAN NASHVILLE POLICE DEPT,20180163577,Davidson,Nashville,2/19/2018 5:24:00 PM,2,0,0,36.115890,-86.784810,I 440,,,,0.00,,,,,,,4.25,N,Not at Intersection,N,Non-Junction,None,,,         ,Jacob,Paul,Clear,Front to Rear,no,no,no,no,no,False
101920765,METROPOLITAN NASHVILLE POLICE DEPT,20180163636,Davidson,Nashville,2/19/2018 5:49:00 PM,2,0,0,36.154890,-86.779150,8TH AVS,,,,0.00,,,KOREAN VETERANS BLVD,,,,0.00,Y,Roundabout, ,Intersection,None,,,         ,Phillip,Box,Clear,"Sideswipe, Same Direction",no,no,no,no,no,False
101920771,METROPOLITAN NASHVILLE POLICE DEPT,20180163572,Davidson,Nashville,2/19/2018 5:23:00 PM,2,1,0,36.155960,-86.773920,4TH AVS,,,,0.00,,,PEABODY ST,,,,0.00,Y,Four-Way,N,Non-Junction,None,,,         ,Michael,Douglas,Clear,"Sideswipe, Same Direction",no,no,no,no,no,False
101920777,METROPOLITAN NASHVILLE POLICE DEPT,20180163755,Davidson,Nashville,2/19/2018 6:30:00 PM,2,0,0,36.032760,-86.641240,I 24,,,,0.00,,,,,,,60.75,N,Not at Intersection, ,Non-Junction,None,,,         ,Eric,Keller,Clear,Front to Rear,no,no,no,no,no,False
101920782,METROPOLITAN NASHVILLE POLICE DEPT,20180163705,Davidson,Nashville,2/19/2018 6:15:00 PM,2,1,0,36.122090,-86.753420,I 440,,,,0.00,,,,,,,6.15,N,Not at Intersection, ,Non-Junction,None,,,         ,Darryl,Williams,Clear,Front to Rear,no,no,no,no,no,False
101920794,METROPOLITAN NASHVILLE POLICE DEPT,20180163844,Davidson,Nashville,2/19/2018 7:15:00 PM,2,2,0,36.052460,-86.671070,I 24,,,,0.00,,,,,,,58.60,N,Not at Intersection,N,Non-Junction,None,,,         ,Eric,Keller,Clear,"Sideswipe, Same Direction",no,no,no,no,no,False
101920801,METROPOLITAN NASHVILLE POLICE DEPT,2018-0163672,Davidson,Nashville,2/19/2018 5:38:00 PM,2,1,0,36.110980,-86.746140,THOMPSON LN,,,,69.00,Feet,West,ELIZABETH ST,,,,0.00,N,Not at Intersection,N,"Driveway, Alley Access, etc",None,,,         ,William,King,Clear,Angle,no,no,no,no,no,False
101920803,BERRY HILL POLICE DEPT,18-0589,Davidson,Berry Hill,2/19/2018 8:05:00 PM,2,0,0,36.112330,-86.767020,THOMPSON LN,,,,0.00,,,BRANSFORD AV,,,,0.00,Y,Four-Way, ,Intersection,None,,,         ,Stephen,Reece,Clear,Front to Rear,no,no,no,no,no,False
101920817,METROPOLITAN NASHVILLE POLICE DEPT,20180163825,Davidson,Nashville,2/19/2018 6:58:00 PM,3,1,0,36.045570,-86.701650,BENZING RD,,,,97.00,Feet,North,BELL RD,,,,0.00,N,Not at Intersection,N,Non-Junction,None,,,         ,Andrew,Brazee,Clear,Rear to Rear,no,no,no,no,no,False
101920823,METROPOLITAN NASHVILLE POLICE DEPT,20180163834,Davidson,Nashville,2/19/2018 6:00:00 PM,2,0,0,36.045200,-86.715150,OLD HICKORY BLVD,,,,105.00,Feet,West,BRENTWOOD EAST DR,,,,0.00,N,Not at Intersection,N,Non-Junction,None,,,         ,Jacob,Paul,Clear,Angle,no,no,no,no,no,False
101920836,METROPOLITAN NASHVILLE POLICE DEPT,20180164152,Davidson,Nashville,2/19/2018 8:50:00 PM,2,0,0,36.044770,-86.661530,CANE RIDGE RD,,,,0.00,,,BELL RD,,,,0.00,Y,OTHER, ,Non-Junction,None,,,         ,Eric,Keller,Clear,Angle,no,no,no,no,yes,False
101920888,METROPOLITAN NASHVILLE POLICE DEPT,20180163281,Davidson,Nashville,2/19/2018 3:24:00 PM,2,0,0,36.132950,-86.727150,I 24,,,,0.00,,,,,,,52.00,N,Not at Intersection,N,Non-Junction,None,,,         ,Je-Marc,Sears,Clear,Front to Rear,no,no,no,no,no,False
101920909,METROPOLITAN NASHVILLE POLICE DEPT,20180164112,Davidson,Nashville,2/19/2018 8:56:00 PM,2,0,0,36.171890,-86.768350,I 24,,,,0.00,,,,,,,48.35,N,Not at Intersection, ,Non-Junction,Construction Zone,,,         ,Cody,Jaworski,Clear,Angle,no,no,no,no,no,False
101920914,METROPOLITAN NASHVILLE POLICE DEPT,2018-0164090,Davidson,Nashville,2/19/2018 8:57:00 PM,1,0,0,36.148280,-86.778760,I 40,,,,0.00,,,,,,,209.90,N,Not at Intersection, ,Non-Junction,None,,,         ,Brandon,Hughes,Clear,Not Collision with Motor Vehicle in Transport,no,no,no,no,no,False
101920915,METROPOLITAN NASHVILLE POLICE DEPT,20180164086,Davidson,Antioch,2/19/2018 8:50:00 PM,2,1,0,36.066880,-86.599780,MT VIEW RD,,,,10.00,Feet,West,TRU LONG DR,,,,0.00,N,Not at Intersection,N,Non-Junction,None,,,         ,William,Durham,Clear,Angle,no,no,no,no,yes,False
101920942,METROPOLITAN NASHVILLE POLICE DEPT,20180163829,Davidson,Nashville,2/19/2018 6:24:00 PM,2,0,0,36.111240,-86.749960,THOMPSON LN,,,,0.00,,,SEABOARD DR,,,,0.00,Y,T-Intersection,N,Intersection-Related,None,,,         ,William,King,Clear,Angle,no,no,no,no,no,False
101920965,METROPOLITAN NASHVILLE POLICE DEPT,20180164105,Davidson,Nashville,2/19/2018 8:48:00 PM,1,0,0,36.161950,-86.793470,I 40,,,,0.00,,,,,,,208.65,N,Not at Intersection,N,Non-Junction,None,,,         ,Andrey,Volfson,Clear,Not Collision with Motor Vehicle in Transport,no,no,no,no,no,False
101920979,METROPOLITAN NASHVILLE POLICE DEPT,20180164350,Davidson,Nashville,2/19/2018 10:45:00 PM,2,0,0,36.140510,-86.785840,11TH AVS,,,,467.00,Feet,North,HORTON AV,,,,0.00,N,Not at Intersection,N,Non-Junction,None,,,         ,Steven,Wiser,Clear,"Sideswipe, Same Direction",no,no,no,no,yes,False
101920996,METROPOLITAN NASHVILLE POLICE DEPT,20180164318,Davidson,Nashville,2/19/2018 9:58:00 PM,2,0,0,36.091900,-86.704560,I 24,,,,0.00,,,,,,,55.25,N,Not at Intersection, ,Non-Junction,None,,,         ,Kurt,Lewton,Clear,Front to Rear,no,no,no,no,no,False
101920998,METROPOLITAN NASHVILLE POLICE DEPT,20180164202,Davidson,Nashville,2/19/2018 9:41:00 PM,3,0,0,36.143600,-86.877390,WILCLAY DR,,,,362.00,Feet,South,COUGAR DR,,,,0.00,N,Not at Intersection,N,Non-Junction,None,,,         ,Jeremy,Huffine,Clear,Angle,no,no,no,no,no,False
101920999,METROPOLITAN NASHVILLE POLICE DEPT,20180163997,Davidson,Nashville,2/19/2018 8:00:00 PM,2,1,0,36.135800,-86.725040,I24 W EXT RAMP,,,,0.00,,,SPENCE LN,,,,0.00,Y,Four-Way,N,Intersection-Related,None,,,         ,Zachariah,Bush,Clear,Front to Rear,no,no,no,no,no,False
101921008,METROPOLITAN NASHVILLE POLICE DEPT,20180164070,Davidson,Nashville,2/19/2018 7:45:00 PM,2,0,0,36.154290,-86.792840,BROADWAY,,,,18.00,Feet,East,WEST END AV,,,,0.00,N,Not at Intersection, ,Non-Junction,None,,,         ,Darryl,Williams,Clear,Front to Rear,no,no,no,no,no,False
101921010,METROPOLITAN NASHVILLE POLICE DEPT,20180164360,Davidson,Nashville,2/19/2018 10:15:00 PM,3,0,0,36.182270,-86.607960,OLD HICKORY BLVD,,,,0.00,,,ANDREW JACKSON WAY,,,,0.00,Y,Four-Way,N,Intersection,None,,,         ,Leonard,Spadavecchia,Clear,Front to Rear,no,no,no,no,yes,False