master_record_number,agency,agency_tracking_number,county,city,collision_date,vehicles_involved,number_injured,number_dead,latitude,longitude,roadway_name,roadway_suffix,roadway_number,roadway_local_id,distance_from_reference,miles-feet_indicator,direction_from_reference,intersection_road_name,intersection_road_name_suffix,intersection_road_number,intersection_local_id,mile_marker,intersection_indicator,intersect_type,interchange_related_indicator,relation_to_junction,work_zone_type,construction_maintenance_zone,construction_maintenance_zone_location,fatal_case_number,officer_first_name,officer_last_name,weather_condition(s),manner_of_crash,pedestrian,bicycle,scooter,parking,hitrun,mou
101921011,METROPOLITAN NASHVILLE POLICE DEPT,20180164387,Davidson,Nashville,2/19/2018 11:00:00 PM,2,0,0,36.153960,-86.818220,28TH AVN,,,,0.00,Feet,,CHARLOTTE AV,,,,0.00,Y,Four-Way,N,Intersection-Related,None,,,         ,Nicholas,MacDougall,Clear,Angle,no,no,no,no,no,False
101921015,METROPOLITAN NASHVILLE POLICE DEPT,20180164405,Davidson,Nashville,2/19/2018 11:35:00 PM,4,0,0,36.200920,-86.823470,BUENA VISTA PKE,,,,858.00,Feet,East,EAST LN,,,,0.00,N,Not at Intersection,N,Non-Junction,None,,,         ,James,Murphy,Clear,Angle,no,no,no,yes,yes,False
101921029,METROPOLITAN NASHVILLE POLICE DEPT,20180164664,Davidson,Not in City Limit,2/20/2018 1:20:00 AM,2,0,0,36.256900,-86.738280,I 65,,,,0.00,,,,,,,91.70,N,Not at Intersection,N,Non-Junction,None,,,         ,Bryant,Presley,Clear,"Sideswipe, Same Direction",no,no,no,no,yes,False
101921042,GOODLETTSVILLE POLICE DEPT,18-06579,Davidson,Goodlettsville,2/19/2018 9:15:00 PM,2,1,0,36.326060,-86.705950,I 65,,,,0.00,,,,,,,97.15,N,Not at Intersection,N,Non-Junction,None,,,         ,Andre,Sanders,Clear,Front to Rear,no,no,no,no,yes,False
101921066,METROPOLITAN NASHVILLE POLICE DEPT,2018165048,Davidson,Nashville,2/20/2018 4:15:00 AM,1,0,0,36.051090,-86.882390,OLD HICKORY BLVD,,,,207.00,Feet,West,CHICKERING CIR,,,,0.00,N,Not at Intersection, ,Non-Junction,None,,,         ,Kenneth,Bray,Clear,Not Collision with Motor Vehicle in Transport,no,no,no,no,no,False
101921079,METROPOLITAN NASHVILLE POLICE DEPT,20180165001,Davidson,Nashville,2/20/2018 3:47:00 AM,1,0,0,36.133440,-86.896280,I40 W EXT RAMP,,,,0.00,,East,I 40,,,,0.00,N,Not at Intersection,N,Entrance/Exit Ramp Related,None,,,         ,Joanna,D'Agostino,Clear,Not Collision with Motor Vehicle in Transport,no,no,no,no,yes,False
101921084,METROPOLITAN NASHVILLE POLICE DEPT,20180165205,Davidson,Nashville,2/20/2018 5:37:00 AM,1,0,0,36.213480,-86.775450,I 65,,,,0.00,,,,,,,87.85,N,Not at Intersection,N,Non-Junction,None,,,         ,Harris,Smith,Clear,Not Collision with Motor Vehicle in Transport,no,no,no,no,no,False
101921089,METROPOLITAN NASHVILLE POLICE DEPT,20180165007,Davidson,Not in City Limit,2/20/2018 3:45:00 AM,1,0,0,36.322950,-86.910370,CLARKSVILLE PKE,,,,0.00,,,OLD CLARKSVILLE PKE,,,,0.00,Y,Y-Intersection,N,Intersection,None,,,         ,Charles,Duke,Clear,Not Collision with Motor Vehicle in Transport,no,no,no,no,no,False
101921117,METROPOLITAN NASHVILLE POLICE DEPT,2018-0162659,Davidson,Nashville,2/19/2018 10:50:00 AM,2,0,0,36.176750,-86.772460,SPRING ST,,,,0.00,,,I24 W EXT RAMP,,,,0.00,Y,Traffic Circle, ,Entrance/Exit Ramp Related,None,,,         ,Cory,West,Clear,"Sideswipe, Same Direction",no,no,no,no,no,False
101921143,METROPOLITAN NASHVILLE POLICE DEPT,20180165336,Davidson,Nashville,2/20/2018 6:51:00 AM,2,2,0,36.169510,-86.582410,I 40,,,,0.00,,,,,,,221.85,N,Not at Intersection, ,Non-Junction,None,,,         ,Michael,Dance,Clear,Front to Rear,no,no,no,no,no,False
101921145,METROPOLITAN NASHVILLE POLICE DEPT,20180162419,Davidson,Nashville,2/19/2018 9:33:00 AM,2,1,0,36.161690,-86.784010,ROSA L PARKS BLVD,,,,29.00,Feet,West,ROSA L PARKS AV,,,,0.00,N,Not at Intersection, ,OtherLocation,None,,,         ,Cody,O'Quinn,Clear,"Sideswipe, Same Direction",no,no,no,no,no,False
101921146,METROPOLITAN NASHVILLE POLICE DEPT,2018-0165314,Davidson,Nashville,2/20/2018 6:45:00 AM,2,0,0,36.067040,-86.630850,MURFREESBORO PKE,,,,180.00,Feet,South,FOREST VIEW DR,,,,0.00,N,Not at Intersection, ,Non-Junction,None,,,         ,William,Whitworth,Clear,"Sideswipe, Same Direction",no,no,no,no,no,False
101921162,METROPOLITAN NASHVILLE POLICE DEPT,20180165353,Davidson,Nashville,2/20/2018 6:51:00 AM,2,0,0,36.179470,-86.762940,ELLINGTON PKWYS,,,,564.00,Feet,North,ELLINGTON PKWYN,,,,0.00,N,Not at Intersection, ,Non-Junction,None,,,         ,Nicholas,Silinsky,Clear,Front to Rear,no,no,no,no,no,False
101921163,METROPOLITAN NASHVILLE POLICE DEPT,20180165534,Davidson,Not in City Limit,2/20/2018 8:00:00 AM,2,0,0,36.111150,-86.931360,CHARLOTTE PKE,,,,665.00,Feet,West,CHARLOTTE PKE PVTDR,,,,0.00,N,Not at Intersection, ,Non-Junction,None,,,         ,Curtis,Rich,Clear,Front to Rear,no,no,no,no,no,False
101921165,METROPOLITAN NASHVILLE POLICE DEPT,20180165409,Davidson,Nashville,2/20/2018 7:22:00 AM,3,1,0,36.089760,-86.623910,SMITH SPRINGS RD,,,,525.00,Feet,West,RURAL HILL RD,,,,0.00,N,Not at Intersection, ,Non-Junction,None,,,         ,Michael,Dance,Clear,Front to Rear,no,no,no,no,no,False
101921168,METROPOLITAN NASHVILLE POLICE DEPT,20180165337,Davidson,Not in City Limit,2/20/2018 6:52:00 AM,2,0,0,36.021030,-86.627710,I 24,,,,0.00,,,,,,,62.00,N,Not at Intersection, ,,None,,,         ,Brandon,Vance,,,no,no,no,no,no,False
101921218,METROPOLITAN NASHVILLE POLICE DEPT,2018-0165604,Davidson,Nashville,2/20/2018 8:25:00 AM,2,0,0,36.096650,-86.708420,I 24,,,,0.00,,,,,,,54.85,N,Not at Intersection, ,Non-Junction,None,,,         ,William,Whitworth,Clear,Front to Rear,no,no,no,no,no,False
101921236,METROPOLITAN NASHVILLE POLICE DEPT,20180165496,Davidson,Nashville,2/20/2018 7:55:00 AM,2,0,0,36.168890,-86.793740,WARREN ST,,,,194.00,Feet,North,HERMAN ST,,,,0.00,N,Not at Intersection, ,Non-Junction,None,,,         ,Wesley,Young,Clear,"Sideswipe, Same Direction",no,no,no,no,no,False
101921240,METROPOLITAN NASHVILLE POLICE DEPT,2018-0165518,Davidson,Nashville,2/20/2018 7:58:00 AM,2,0,0,36.165960,-86.764330,I 24,,,,0.00,,,,,,,49.00,N,Not at Intersection, ,Non-Junction,None,,,         ,William,Caillouette,Clear,"Sideswipe, Same Direction",no,no,no,no,no,False
101921241,METROPOLITAN NASHVILLE POLICE DEPT,20180165635,Davidson,Nashville,2/20/2018 12:00:00 AM,2,0,0,36.154630,-86.779160,LAFAYETTE ST,,,,0.00,,,8TH AVS,,,,0.00,Y,Traffic Circle, ,Intersection-Related,None,,,         ,Trevor,Taylor,Clear,"Sideswipe, Same Direction",no,no,no,no,no,False
101921242,METROPOLITAN NASHVILLE POLICE DEPT,2018-0165416,Davidson,Nashville,2/20/2018 7:27:00 AM,3,1,0,36.238150,-86.738310,BRILEY PKWYW,,,,101.00,Feet,North,BRILEY PKWYE,,,,0.00,N,Not at Intersection,N,Non-Junction,None,,,         ,Arthur,Hipp,Clear,Front to Rear,no,no,no,no,no,False
101921251,METROPOLITAN NASHVILLE POLICE DEPT,20180165662,Davidson,Nashville,2/20/2018 8:45:00 AM,2,0,0,36.207020,-86.791600,BAPTIST WORLD CENTER DR,,,,0.00,,,W TRINITY LN,,,,0.00,Y,Four-Way,N,Intersection,None,,,         ,Wesley,Young,Clear,Front to Rear,no,no,no,no,no,False
101921253,METROPOLITAN NASHVILLE POLICE DEPT,20180165665,Davidson,Nashville,2/20/2018 8:53:00 AM,2,0,0,36.173590,-86.602150,CENTRAL PKE,,,,0.00,,,OLD HICKORY BLVD,,,,0.00,Y,Four-Way,N,Intersection,None,,,         ,Michael,Dance,Clear,Front to Rear,no,no,no,no,yes,False
101921254,VANDERBILT UNIVERSITY POLICE,20180165675,Davidson,Nashville,2/20/2018 9:00:00 AM,1,0,0,36.146180,-86.803440,VANDERBILT PL PVTDR,,,,327.00,Feet,East,VANDERBILT PL,,,,0.00,N,Not at Intersection, ,Non-Junction,None,,,         ,Casey,Clark,Clear,Not Collision with Motor Vehicle in Transport,no,no,no,no,no,Campus
101921255,METROPOLITAN NASHVILLE POLICE DEPT,20180165693,Davidson,Goodlettsville,2/20/2018 8:51:00 AM,2,0,0,36.293140,-86.702350,RIVERGATE STATION PVTDR,,,,0.00,,,GALLATIN PKEN,,,,0.00,Y,Four-Way, ,,None,,,         ,Cyretha,Frazier,,,no,no,no,no,no,False
101921260,METROPOLITAN NASHVILLE POLICE DEPT,20180165715,Davidson,Nashville,2/20/2018 9:03:00 AM,2,0,0,36.166200,-86.795030,I 40,,,,0.00,,,,,,,208.30,N,Not at Intersection, ,Non-Junction,None,,,         ,Raymond,Heymann,Clear,Front to Rear,no,no,no,no,no,False
101921261,METROPOLITAN NASHVILLE POLICE DEPT,20180165632,Davidson,Nashville,2/20/2018 8:07:00 AM,2,0,0,36.145950,-86.666600,ROYAL PKWY,,,,0.00,,,DONELSON PKE,,,,0.00,Y,Four-Way,N,Intersection,None,,,         ,Michael,Dance,Clear,Front to Rear,no,no,no,no,yes,False
101921263,METROPOLITAN NASHVILLE POLICE DEPT,20180165274,Davidson,Not in City Limit,2/20/2018 5:55:00 AM,2,1,0,36.078550,-86.961830,I 40,,,,0.00,,,,,,,196.00,N,Not at Intersection,N,Non-Junction,None,,,         ,Christopher,Upchurch,Clear,Front to Rear,no,no,no,no,no,False
101921273,METROPOLITAN NASHVILLE POLICE DEPT,20180165628,Davidson,Nashville,2/20/2018 8:35:00 AM,4,1,0,36.152780,-86.825760,CHARLOTTE AV,,,,62.00,Feet,East,35TH AVN,,,,0.00,N,Not at Intersection,N,Non-Junction,None,,,         ,Michael,Pyle,Clear,Front to Rear,no,no,no,no,no,False
101921300,METROPOLITAN NASHVILLE POLICE DEPT,2018-0165512,Davidson,Nashville,2/20/2018 7:27:00 AM,2,0,0,36.215400,-86.588510,LEBANON PKE,,,,0.00,,,BIG HORN DR,,,,0.00,Y,Four-Way, ,Non-Junction,None,,,         ,Kelsey,Hemminger,Clear,Front to Rear,no,no,no,no,no,False
101921309,METROPOLITAN NASHVILLE POLICE DEPT,20180165870,Davidson,Nashville,2/20/2018 10:03:00 AM,2,0,0,36.139140,-86.776090,I 65,,,,0.00,,,,,,,81.75,N,Not at Intersection, ,Non-Junction,None,,,         ,Raymond,Flaherty,Clear,Not Collision with Motor Vehicle in Transport,no,no,no,no,no,False
101921319,VANDERBILT UNIVERSITY POLICE,20180165656,Davidson,Nashville,2/20/2018 8:35:00 AM,2,0,0,36.143360,-86.806450,GARLAND AV,,,,0.00,,,25TH AVS,,,,0.00,Y,T-Intersection, ,Intersection,Construction Zone,,,         ,Yasemine,Lomax,Clear,"Sideswipe, Same Direction",no,no,no,no,no,Campus
101921320,METROPOLITAN NASHVILLE POLICE DEPT,20180165532,Davidson,Nashville,2/20/2018 8:05:00 AM,2,3,0,36.124790,-86.755940,ROSEDALE AV,,,,0.00,,,WINFORD AV,,,,0.00,Y,T-Intersection,N,Intersection-Related,None,,,         ,Jon,Mcvey,Clear,Angle,no,no,no,no,no,False
101921321,METROPOLITAN NASHVILLE POLICE DEPT,20180165793,Davidson,Nashville,2/20/2018 8:50:00 AM,3,2,0,36.069060,-86.770130,I 65,,,,0.00,,,,,,,76.85,N,Not at Intersection,N,Non-Junction,None,,,         ,Jon,Mcvey,Cloudy,Front to Rear,no,no,no,no,no,False
101921331,METROPOLITAN NASHVILLE POLICE DEPT,20180165653,Davidson,Nashville,2/20/2018 8:27:00 AM,2,0,0,36.157050,-86.708980,LEBANON PKE,,,,0.00,,,OMOHUNDRO DR,,,,0.00,Y,T-Intersection, ,Intersection,None,,,         ,James,Curtis,Clear,Front to Rear,no,no,no,no,no,False
101921335,METROPOLITAN NASHVILLE POLICE DEPT,20180165966,Davidson,Nashville,2/20/2018 10:53:00 AM,2,0,0,36.156500,-86.849000,INDIANA AV,,,,50.00,Feet,West,51ST AVN,,,,0.00,N,Not at Intersection, ,Non-Junction,None,,,         ,Walter,Gray II,Cloudy,Angle,no,no,no,no,no,False
101921338,METROPOLITAN NASHVILLE POLICE DEPT,20180165410,Davidson,Nashville,2/20/2018 7:20:00 AM,2,0,0,36.148040,-86.744880,I 40,,,,0.00,,,,,,,211.95,N,Not at Intersection, ,Non-Junction,None,,,         ,James,Curtis,Clear,Front to Rear,no,no,no,no,no,False
101921344,METROPOLITAN NASHVILLE POLICE DEPT,2018-0165936,Davidson,Nashville,2/20/2018 10:39:00 AM,2,2,0,36.033520,-86.712980,NOLENSVILLE PKE,,,,0.00,,,BARNES RD,,,,0.00,Y,Four-Way,N,Intersection,None,,,         ,William,Whitworth,Clear,Front to Rear,no,no,no,no,no,False
101921364,METROPOLITAN NASHVILLE POLICE DEPT,20180166111,Davidson,Nashville,2/20/2018 11:58:00 AM,2,0,0,36.082020,-86.758290,TROUSDALE DR,,,,333.00,Feet,North,HARDING PL,,,,0.00,N,Not at Intersection, ,Non-Junction,None,,,         ,Jon,Mcvey,Cloudy,Angle,no,no,no,no,no,False
101921374,METROPOLITAN NASHVILLE POLICE DEPT,20180166182,Davidson,Nashville,2/20/2018 12:00:00 PM,2,0,0,36.123390,-86.846160,WOODMONT BLVD,,,,90.00,Feet,North,PARK MANOR BLVD,,,,0.00,N,Not at Intersection, ,Non-Junction,None,,,         ,Curtis,Rich,Cloudy,Front to Rear,no,no,no,no,no,False
101921399,METROPOLITAN NASHVILLE POLICE DEPT,20180166195,Davidson,Nashville,2/20/2018 12:25:00 PM,2,0,0,36.169550,-86.601000,I40 E EXT RAMP,,,,0.00,,,I 40,,,,0.00,Y,T-Intersection, ,Intersection,None,,,         ,Michael,Dance,Clear,Angle,no,no,no,no,no,False
101921415,METROPOLITAN NASHVILLE POLICE DEPT,20180165990,Davidson,Antioch,2/12/2018 2:30:00 PM,2,0,0,36.046910,-86.598215,1900 HOBSON PIKE,,,,0.00,,,,,,,0.00,,Not at Intersection, ,OtherLocation,None,,,         ,Devon,Morgan,Clear,Front to Rear,no,no,no,yes,yes,False
101921450,METROPOLITAN NASHVILLE POLICE DEPT,20180166257,Davidson,Goodlettsville,2/20/2018 12:30:00 PM,2,1,0,36.298880,-86.697520,GALLATIN PKEN,,,,426.00,Feet,South,CUDE LN,,,,0.00,N,Not at Intersection,N,Non-Junction,None,,,         ,Cyretha,Frazier,Cloudy,Front to Rear,no,no,no,no,yes,False
101921451,METROPOLITAN NASHVILLE POLICE DEPT,2018-0165431,Davidson,Nashville,2/20/2018 7:27:00 AM,2,0,0,36.072130,-86.732890,EDMONDSON PKE,,,,0.00,Feet,East,BLACKMAN RD,,,,0.00,N,Not at Intersection, ,Non-Junction,None,,,         ,Sean,Williams,Cloudy,"Sideswipe, Same Direction",no,no,no,no,no,False
101921452,METROPOLITAN NASHVILLE POLICE DEPT,2018-0165877,Davidson,Nashville,2/20/2018 9:56:00 AM,2,0,0,36.080040,-86.726460,NOLENSVILLE PKE,,,,164.00,Feet,North,HARDING PL,,,,0.00,N,Not at Intersection, ,Non-Junction,None,,,         ,Sean,Williams,Clear,Front to Rear,no,no,no,no,yes,False
101921489,GOODLETTSVILLE POLICE DEPT,18-06664,Davidson,Goodlettsville,2/20/2018 12:38:00 PM,1,1,0,36.308320,-86.691730,VIETNAM VETERANS BLVD NB ENT R,,,,943.00,Feet,East,CONFERENCE DR,,,,0.00,N,Not at Intersection,Y,Entrance/Exit Ramp Related,None,,,         ,George,Forbes,Cloudy,Not Collision with Motor Vehicle in Transport,no,no,no,no,no,False
101921493,METROPOLITAN NASHVILLE POLICE DEPT,20180166230,Davidson,Nashville,2/20/2018 12:38:00 PM,1,0,0,36.143360,-86.686740,I 40,,,,0.00,,,,,,,215.50,N,Not at Intersection,N,Unknown,None,,,         ,Michael,Dance,Clear,Unknown,no,no,no,no,no,False
101921498,METROPOLITAN NASHVILLE POLICE DEPT,20180166255,Davidson,Nashville,2/20/2018 12:46:00 PM,2,1,0,36.199200,-86.776510,I 65,,,,0.00,,,,,,,86.80,N,Not at Intersection,N,Non-Junction,None,,,         ,William,Coy,Cloudy,Front to Rear,no,no,no,no,no,False
101921504,METROPOLITAN NASHVILLE POLICE DEPT,20180166389,Davidson,Nashville,2/20/2018 1:30:00 PM,3,0,0,36.152130,-86.843920,CHARLOTTE AV,,,,129.00,Feet,West,47TH AVN,,,,0.00,N,Not at Intersection,N,Non-Junction,None,,,         ,Curtis,Rich,Cloudy,Angle,no,no,no,no,no,False
101921513,METROPOLITAN NASHVILLE POLICE DEPT,2018-0165678,Davidson,Nashville,2/20/2018 8:44:00 AM,1,0,0,36.088320,-86.791000,BATTERY LN,,,,0.00,Feet,West,LEALAND LN,,,,0.00,N,Not at Intersection, ,Non-Junction,None,,,         ,Sean,Williams,Clear,Not Collision with Motor Vehicle in Transport,no,no,no,no,no,False
101921518,METROPOLITAN NASHVILLE POLICE DEPT,20180166429,Davidson,Nashville,2/20/2018 12:00:00 AM,2,0,0,36.206880,-86.781770,W TRINITY LN,,,,228.00,Feet,West,SCRUGGS LN,,,,0.00,N,Not at Intersection, ,Non-Junction,None,,,         ,Brian,Mclarty,Clear,Angle,no,no,no,no,no,False
101921521,METROPOLITAN NASHVILLE POLICE DEPT,20180166405,Davidson,Nashville,2/20/2018 1:35:00 PM,2,0,0,36.161860,-86.855600,LOUISIANA AV,,,,0.00,,,56TH AVN,,,,0.00,Y,Four-Way, ,Intersection,None,,,         ,Michael,Pyle,Clear,Angle,no,no,no,no,no,False
101921525,METROPOLITAN NASHVILLE POLICE DEPT,20180166215,Davidson,Nashville,2/20/2018 11:20:00 AM,2,0,0,36.176730,-86.772310,SPRING ST,,,,0.00,,,I24 W EXT RAMP,,,,0.00,Y,OTHER, ,Entrance/Exit Ramp Related,None,,,         ,Frank,Campbell,Cloudy,"Sideswipe, Same Direction",no,no,no,no,no,False
101921625,METROPOLITAN NASHVILLE POLICE DEPT,20180166334,Davidson,Nashville,2/20/2018 1:10:00 PM,3,0,0,36.195380,-86.723370,PORTER RD,,,,0.00,,,RIVERSIDE DR,,,,0.00,Y,Four-Way, ,Intersection-Related,None,,,         ,Byron,Boelter,Clear,Front to Rear,no,no,no,no,no,False
101921627,METROPOLITAN NASHVILLE POLICE DEPT,20180166529,Davidson,Nashville,2/20/2018 1:00:00 PM,2,0,0,36.079410,-86.764670,I 65,,,,0.00,,,,,,,77.60,N,Not at Intersection,N,Non-Junction,None,,,         ,Jon,Mcvey,Cloudy,"Sideswipe, Same Direction",no,no,no,no,yes,False
101921644,METROPOLITAN NASHVILLE POLICE DEPT,20180166563,Davidson,Not in City Limit,2/20/2018 2:43:00 PM,2,0,0,36.265740,-86.739360,I65 S ENT RAMP,,,,375.00,Feet,West,I 65,,,,0.00,N,Not at Intersection,N,Entrance/Exit Ramp Related,None,,,         ,Christopher,Littles,Cloudy,Front to Rear,no,no,no,no,no,False
101921664,METROPOLITAN NASHVILLE POLICE DEPT,2018-0166394,Davidson,Nashville,2/20/2018 1:34:00 PM,3,1,0,36.143630,-86.701500,I 40,,,,0.00,Feet,East,I40 E EXT RAMP,,,,0.00,N,Not at Intersection,N,Non-Junction,None,,,         ,William,Whitworth,Cloudy,Front to Rear,no,no,no,no,yes,False
101921677,METROPOLITAN NASHVILLE POLICE DEPT,20180166609,Davidson,Nashville,2/17/2018 12:00:00 AM,1,0,0,36.145500,-86.623840,LINCOYA CREEK DR,,,,0.00,,,,,,,0.00,,,N,"Driveway, Alley Access, etc",None,,,         ,Kimberly,Annson,Unknown,Not Collision with Motor Vehicle in Transport,no,no,no,yes,yes,False
101921679,METROPOLITAN NASHVILLE POLICE DEPT,20180166668,Davidson,Nashville,2/20/2018 1:46:00 PM,2,0,0,36.176570,-86.753050,WOODLAND ST,,,,414.00,Feet,South,MAIN ST,,,,0.00,N,Not at Intersection,N,OtherLocation,None,,,         ,Barrett,Teague,Clear,"Sideswipe, Same Direction",no,no,no,yes,yes,False
101921682,METROPOLITAN NASHVILLE POLICE DEPT,20180166730,Davidson,Nashville,2/20/2018 12:00:00 AM,2,0,0,36.175910,-86.786880,4TH AVN,,,,45.00,Feet,North,MADISON ST,,,,0.00,N,Not at Intersection, ,Non-Junction,None,,,         ,Melvin,Taylor,Clear,"Sideswipe, Same Direction",no,no,no,no,yes,False
101921683,METROPOLITAN NASHVILLE POLICE DEPT,20180166567,Davidson,Nashville,2/20/2018 2:29:00 PM,2,1,0,36.218950,-86.748900,HART LN,,,,0.00,,,ELLINGTON PKWY S EXT RAMP,,,,0.00,Y,T-Intersection,N,Intersection,None,,,         ,Christopher,Valdez,Cloudy,Front to Rear,no,no,no,no,no,False
101921684,METROPOLITAN NASHVILLE POLICE DEPT,20180166490,Davidson,Nashville,2/20/2018 2:05:00 PM,2,1,0,36.164510,-86.781060,5TH AVN,,,,0.00,,,UNION ST,,,,0.00,Y,Four-Way,N,Intersection,None,,,         ,Gregory,Julia,Clear,Angle,no,no,no,no,no,False
101921688,METROPOLITAN NASHVILLE POLICE DEPT,20180166709,Davidson,Nashville,2/20/2018 3:34:00 PM,2,0,0,36.150320,-86.625380,BELL RD,,,,701.00,Feet,South,STEWARTS FERRY PKE,,,,0.00,N,Not at Intersection,N,Non-Junction,None,,,         ,Thomas,Odom,Clear,Front to Rear,no,no,no,no,no,False
101921693,METROPOLITAN NASHVILLE POLICE DEPT,20180166683,Davidson,Nashville,2/20/2018 3:25:00 PM,2,1,0,36.115990,-86.788040,I 440,,,,0.00,,,,,,,3.90,N,Not at Intersection,N,Non-Junction,None,,,         ,Edin,Plancic,Clear,Front to Rear,no,no,no,no,no,False
101921698,METROPOLITAN NASHVILLE POLICE DEPT,20180166744,Davidson,Nashville,2/20/2018 3:44:00 PM,2,0,0,36.077220,-86.725350,WALLACE RD,,,,75.00,Feet,East,EDMONDSON PKE,,,,0.00,N,Not at Intersection, ,,None,,,         ,Johnathon,Birdwell,,,no,no,no,no,no,False
101921730,METROPOLITAN NASHVILLE POLICE DEPT,2018-0166929,Davidson,Nashville,2/20/2018 4:41:00 PM,1,0,0,36.124120,-86.814700,23RD AVS,,,,0.00,,,SHARONDALE DR,,,,0.00,Y,T-Intersection,N,Intersection,None,,,         ,Ryan,Allen,Clear,Not Collision with Motor Vehicle in Transport,no,no,no,no,no,False
101921731,METROPOLITAN NASHVILLE POLICE DEPT,20180166920,Davidson,Nashville,2/20/2018 4:20:00 PM,2,0,0,36.109380,-86.721350,I 24,,,,0.00,,,,,,,53.75,N,Not at Intersection,N,Non-Junction,None,,,         ,Eric,Keller,Clear,Front to Rear,no,no,no,no,no,False
101921746,METROPOLITAN NASHVILLE POLICE DEPT,20180166935,Davidson,Not in City Limit,2/20/2018 4:45:00 PM,2,0,0,36.264210,-86.733860,HEAD DR,,,,0.00,,,OLD HICKORY BLVDW,,,,0.00,Y,T-Intersection,N,Intersection,None,,,         ,Christopher,Littles,Cloudy,Angle,no,no,no,no,no,False
101921754,METROPOLITAN NASHVILLE POLICE DEPT,20180166738,Davidson,Nashville,2/20/2018 2:50:00 PM,2,0,0,36.119580,-86.808750,STOKES LN,,,,0.00,Feet,West,HILLSBORO PKE,,,,0.00,N,Not at Intersection, ,,None,,,         ,Gregory,Scott,,,no,no,no,no,no,False
101921785,THP District 9 - Administrative,318010756,Davidson,Nashville,2/20/2018 4:39:00 PM,2,0,0,36.178630,-86.790230,5TH AVN,,,,55.00,Feet,North,TAYLOR ST,,,,0.00,N,Not at Intersection, ,Non-Junction,None,,,         ,Julio,Lassalle,Cloudy,Angle,no,no,no,no,no,False
101921789,METROPOLITAN NASHVILLE POLICE DEPT,20180167043,Davidson,Nashville,2/20/2018 5:27:00 PM,2,1,0,36.120950,-86.630700,BELL RD,,,,408.00,Feet,West,WOODLAND POINTE DR,,,,0.00,N,Not at Intersection,N,Non-Junction,None,,,         ,Kimberly,Annson,Clear,Front to Rear,no,no,no,no,no,False
101921791,METROPOLITAN NASHVILLE POLICE DEPT,20180166954,Davidson,Nashville,2/20/2018 4:44:00 PM,2,0,0,36.174390,-86.783020,JUNIOR GILLIAM WAY,,,,0.00,,,2ND AVN,,,,0.00,Y,T-Intersection,Y,Intersection,None,,,         ,Robert,Schohn,Clear,Angle,no,no,no,no,no,False
101921792,METROPOLITAN NASHVILLE POLICE DEPT,20180167067,Davidson,Nashville,2/20/2018 3:00:00 PM,2,0,0,36.045370,-86.713260,NOLENSVILLE PKE,,,,0.00,,,OLD HICKORY BLVD,,,,0.00,Y,Four-Way,N,Intersection,None,,,         ,Matthew,Turppa,Cloudy,Front to Rear,no,no,no,no,yes,False
101921804,METROPOLITAN NASHVILLE POLICE DEPT,20180167093,Davidson,Nashville,2/20/2018 12:00:00 AM,3,1,0,36.238780,-86.757710,DICKERSON PKE,,,,134.00,Feet,South,I65 S ENT RAMP,,,,0.00,N,Not at Intersection,N,Non-Junction,None,,,         ,Gordon,Stovall,Clear,Front to Rear,no,no,no,no,no,False
101921810,METROPOLITAN NASHVILLE POLICE DEPT,20180166576,Davidson,Nashville,2/20/2018 2:41:00 PM,1,0,0,36.059320,-86.773020,I 65,,,,0.00,,,,,,,75.20,N,Not at Intersection, ,Non-Junction,None,,,         ,Akira,McSwain,Clear,Not Collision with Motor Vehicle in Transport,no,no,no,no,no,False
101921811,METROPOLITAN NASHVILLE POLICE DEPT,20180167042,Davidson,Nashville,2/20/2018 12:00:00 AM,2,0,0,36.207020,-86.791600,BAPTIST WORLD CENTER DR,,,,0.00,Feet,,W TRINITY LN,,,,0.00,Y,Four-Way, ,Intersection,None,,,         ,Melvin,Taylor,Clear,"Sideswipe, Same Direction",no,no,no,no,no,False
101921822,METROPOLITAN NASHVILLE POLICE DEPT,20180167087,Davidson,Nashville,2/20/2018 5:03:00 PM,4,0,0,36.142670,-86.707700,I 40,,,,0.00,,,,,,,214.35,N,Not at Intersection,N,Non-Junction,None,,,         ,Seth,Vaughn,Clear,Front to Rear,no,no,no,no,no,False
101921823,METROPOLITAN NASHVILLE POLICE DEPT,20180166696,Davidson,Nashville,2/20/2018 3:25:00 PM,2,1,0,36.150410,-86.749000,I 40,,,,0.00,,,,,,,211.65,N,Not at Intersection,Y,Non-Junction,None,,,         ,Johnathan,Pannell,Clear,Angle,no,no,no,no,no,False
101921836,METROPOLITAN NASHVILLE POLICE DEPT,20180167033,Davidson,Nashville,2/20/2018 5:20:00 PM,3,1,0,36.063320,-86.637390,BELL RD,,,,0.00,,,RICE RD,,,,0.00,Y,Four-Way,N,Intersection,None,,,         ,Eric,Keller,Clear,Angle,no,no,no,no,no,False