master_record_number,agency,agency_tracking_number,county,city,collision_date,vehicles_involved,number_injured,number_dead,latitude,longitude,roadway_name,roadway_suffix,roadway_number,roadway_local_id,distance_from_reference,miles-feet_indicator,direction_from_reference,intersection_road_name,intersection_road_name_suffix,intersection_road_number,intersection_local_id,mile_marker,intersection_indicator,intersect_type,interchange_related_indicator,relation_to_junction,work_zone_type,construction_maintenance_zone,construction_maintenance_zone_location,fatal_case_number,officer_first_name,officer_last_name,weather_condition(s),manner_of_crash,pedestrian,bicycle,scooter,parking,hitrun,mou
101921839,METROPOLITAN NASHVILLE POLICE DEPT,20180167162,Davidson,Nashville,2/20/2018 6:06:00 PM,2,2,0,36.248920,-86.731990,DUE WEST AVW,,,,100.00,Feet,East,ACRE TRL,,,,0.00,N,Not at Intersection,N,Non-Junction,None,,,         ,Christopher,Littles,Clear,Front to Rear,no,no,no,no,no,False
101921840,METROPOLITAN NASHVILLE POLICE DEPT,20180167223,Davidson,Not in City Limit,2/20/2018 6:27:00 PM,2,0,0,36.283030,-86.730650,I 65,,,,0.00,,,,,,,93.60,N,Not at Intersection, ,Non-Junction,None,,,         ,Christopher,Littles,Clear,Front to Rear,no,no,no,no,no,False
101921844,METROPOLITAN NASHVILLE POLICE DEPT,20180167183,Davidson,Nashville,2/20/2018 6:01:00 PM,2,0,0,36.156150,-86.788970,I40 W ENT RAMP,,,,0.00,Feet,East,GEORGE L DAVIS BLVD,,,,0.00,N,Not at Intersection, ,Non-Junction,None,,,         ,Kevin,Johnson,Clear,Angle,no,no,no,no,no,False
101921845,METROPOLITAN NASHVILLE POLICE DEPT,20180167208,Davidson,Nashville,2/20/2018 6:19:00 PM,3,0,0,36.065210,-86.636920,BELL RD,,,,497.00,Feet,South,RICE RD,,,,0.00,N,Not at Intersection,N,Non-Junction,None,,,         ,William,Durham,Clear,Front to Rear,no,no,no,no,no,False
101921868,METROPOLITAN NASHVILLE POLICE DEPT,20180167249,Davidson,Nashville,2/20/2018 6:40:00 PM,3,1,0,36.099370,-86.710880,I 24,,,,0.00,,,,,,,54.60,N,Not at Intersection,N,Non-Junction,None,,,         ,Eric,Keller,Clear,Front to Rear,no,no,no,no,no,False
101921874,METROPOLITAN NASHVILLE POLICE DEPT,20180167234,Davidson,Nashville,2/20/2018 12:00:00 AM,2,0,0,36.126970,-86.711440,MURFREESBORO PKE,,,,138.00,Feet,West,THOMPSON PL,,,,0.00,N,Not at Intersection, ,Non-Junction,None,,,         ,Adam,Gartner,Clear,Angle,no,no,no,no,no,False
101921876,METROPOLITAN NASHVILLE POLICE DEPT,20180167211,Davidson,Nashville,2/20/2018 6:25:00 PM,2,1,0,36.231600,-86.781520,EWING DR,,,,0.00,,,BRICK CHURCH PKE,,,,0.00,Y,Four-Way,N,Intersection,None,,,         ,Bradley,Campbell,Clear,Front to Rear,no,no,no,no,no,False
101921878,METROPOLITAN NASHVILLE POLICE DEPT,20180167291,Davidson,Nashville,2/20/2018 12:00:00 AM,2,0,0,36.233170,-86.814710,BRILEY PKWY E EXT RAMP,,,,0.00,,,BRILEY PKWY E ENT RAMP,,,,0.00,Y,Four-Way, ,Intersection,None,,,         ,Melvin,Taylor,Clear,Front to Rear,no,no,no,no,no,False
101921884,METROPOLITAN NASHVILLE POLICE DEPT,20180167423,Davidson,Goodlettsville,2/20/2018 7:56:00 PM,2,0,0,36.304710,-86.688980,NORTHSIDE FESTIVAL PVTDR,,,,0.00,,,LIBERTY LN,,,,0.00,Y,Four-Way, ,Intersection,None,,,         ,Adam,Crutcher,Clear,Front to Rear,no,no,no,no,no,False
101921893,GOODLETTSVILLE POLICE DEPT,18-06701,Davidson,Goodlettsville,2/20/2018 5:50:00 PM,3,0,0,36.300330,-86.711260,I 65,,,,0.00,,,,,,,95.20,N,Not at Intersection, ,Non-Junction,None,,,         ,Charles,Hauskin,Clear,Front to Rear,no,no,no,no,no,False
101921894,METROPOLITAN NASHVILLE POLICE DEPT,20180167343,Davidson,Nashville,2/20/2018 6:29:00 PM,3,0,0,36.115860,-86.784280,I 440,,,,0.00,,,,,,,4.30,N,Not at Intersection, ,Non-Junction,None,,,         ,Brandon,Hughes,Clear,Front to Rear,no,no,no,no,no,False
101921938,METROPOLITAN NASHVILLE POLICE DEPT,20180167014,Davidson,Nashville,2/20/2018 4:18:00 PM,2,0,0,36.155710,-86.789770,14TH AVN,,,,0.00,,,I40 E ENT RAMP,,,,0.00,Y,T-Intersection, ,Intersection-Related,None,,,         ,Jacob,Paul,Clear,"Sideswipe, Same Direction",no,no,no,no,no,False
101921940,METROPOLITAN NASHVILLE POLICE DEPT,2018-0167159,Davidson,Nashville,2/20/2018 12:00:00 AM,2,0,0,36.112850,-86.922820,OLD HICKORY BLVD,,,,143.00,Feet,North,I40 W EXT RAMP,,,,0.00,N,Not at Intersection,N,Non-Junction,None,,,         ,Ryan,Allen,Clear,Other,no,no,no,yes,yes,False
101921950,METROPOLITAN NASHVILLE POLICE DEPT,20180167478,Davidson,Nashville,2/20/2018 7:50:00 PM,2,0,0,36.116250,-86.789240,I 440,,,,0.00,,,,,,,4.00,N,Not at Intersection, ,Non-Junction,None,,,         ,Jacob,Paul,Clear,"Sideswipe, Same Direction",no,no,no,no,no,False
101921964,GOODLETTSVILLE POLICE DEPT,18-06707,Davidson,Goodlettsville,2/20/2018 7:00:00 PM,2,0,0,36.325920,-86.699210,NORTHCREEK BLVD,,,,0.00,,,,,,,0.00,,,N,SharedUsePathOrTrail,None,,,         ,Charles,Hauskin,Clear,Rear to Rear,no,no,no,yes,yes,False
101921979,METROPOLITAN NASHVILLE POLICE DEPT,20180167507,Davidson,Not in City Limit,2/20/2018 8:33:00 PM,2,2,0,36.259320,-86.757780,DICKERSON PKE,,,,0.00,Feet,,VILLAGE HILLS PVTDR,,,,0.00,Y,Four-Way,N,Intersection-Related,None,,,         ,Christopher,Littles,Clear,HeadOn,no,no,no,no,no,False
101921987,METROPOLITAN NASHVILLE POLICE DEPT,20180167213,Davidson,Not in City Limit,2/20/2018 12:00:00 AM,4,0,0,36.269980,-86.736460,I 65,,,,0.00,,,,,,,92.65,N,Not at Intersection,N,Non-Junction,None,,,         ,Joel,Callies,Clear,Front to Rear,no,no,no,no,no,False
101921999,METROPOLITAN NASHVILLE POLICE DEPT,20180167527,Davidson,Nashville,2/20/2018 8:40:00 PM,3,0,0,36.090120,-86.703120,I 24,,,,0.00,,,,,,,55.40,N,Not at Intersection,N,Non-Junction,None,,,         ,Eric,Keller,Clear,"Sideswipe, Same Direction",no,no,no,no,no,False
101922002,METROPOLITAN NASHVILLE POLICE DEPT,20180167271,Davidson,Nashville,2/20/2018 6:30:00 PM,2,0,0,36.075510,-86.725070,NOLENSVILLE PKE,,,,172.00,Feet,North,FLORA MAXWELL RD,,,,0.00,N,Not at Intersection, ,Non-Junction,None,,,         ,Jacob,Paul,Clear,Front to Rear,no,no,no,no,no,False
101922015,METROPOLITAN NASHVILLE POLICE DEPT,20180167613,Davidson,Nashville,2/20/2018 9:23:00 PM,2,0,0,36.084830,-86.728190,NOLENSVILLE PKE,,,,0.00,,,PARAGON MILLS RD,,,,0.00,Y,Four-Way, ,Intersection,None,,,         ,Patrick,Martin,Clear,Angle,no,no,no,no,no,False
101922016,METROPOLITAN NASHVILLE POLICE DEPT,20180167273,Davidson,Nashville,2/20/2018 5:59:00 PM,2,0,0,36.088060,-86.771800,FRANKLIN PKE,,,,0.00,,,S CURTISWOOD LN,,,,0.00,Y,OTHER, ,,None,,,         ,Austin,Kendrick,,,no,no,no,no,no,False
101922024,METROPOLITAN NASHVILLE POLICE DEPT,2018-0167406,Davidson,Nashville,2/20/2018 7:50:00 PM,1,0,0,36.083830,-86.728770,NOLENSVILLE PKE,,,,403.00,Feet,South,PARAGON MILLS RD,,,,0.00,N,Not at Intersection,N,Non-Junction,None,,,         ,William,King,Clear,Not Collision with Motor Vehicle in Transport,no,no,no,yes,no,False
101922032,METROPOLITAN NASHVILLE POLICE DEPT,2018-0167508,Davidson,Nashville,2/20/2018 7:50:00 PM,3,0,0,36.153710,-86.788030,I 40,,,,0.00,,,,,,,209.30,N,Not at Intersection,N,Non-Junction,None,,,         ,John,Roberson,Clear,Front to Rear,no,no,no,no,no,False
101922065,METROPOLITAN NASHVILLE POLICE DEPT,20180167744,Davidson,Nashville,2/20/2018 10:15:00 PM,2,0,0,36.169250,-86.757870,S 7TH ST,,,,0.00,,,SHELBY AV,,,,0.00,Y,Four-Way,Y,Intersection,None,,,         ,Barrett,Teague,Clear,Angle,no,no,no,no,no,False
101922066,METROPOLITAN NASHVILLE POLICE DEPT,20180167775,Davidson,Not in City Limit,2/20/2018 12:00:00 AM,1,0,0,36.137800,-86.948930,RIVER ROAD PKE,,,,2026.00,Feet,East,INDIAN CREEK RD,,,,0.00,N,Not at Intersection,N,Non-Junction,None,,,         ,Jackson,Smythe,Cloudy,Unknown,no,no,no,no,yes,False
101922076,METROPOLITAN NASHVILLE POLICE DEPT,20180167785,Davidson,Nashville,2/20/2018 10:35:00 PM,2,0,0,36.085560,-86.701430,HARDING PL,,,,0.00,,,I24 E EXT RAMP,,,,0.00,Y,Four-Way,N,Entrance/Exit Ramp Related,None,,,         ,Patrick,Martin,Clear,Angle,no,no,no,no,yes,False
101922077,METROPOLITAN NASHVILLE POLICE DEPT,20180167799,Davidson,Nashville,2/20/2018 10:19:00 PM,2,2,0,36.195580,-86.621710,LEBANON PKE,,,,0.00,Feet,,BONNASPRING DR,,,,0.00,Y,T-Intersection,N,Intersection,None,,,         ,Leonard,Spadavecchia,Clear,Angle,no,no,no,no,no,False
101922081,METROPOLITAN NASHVILLE POLICE DEPT,2018-0167621,Davidson,Nashville,2/20/2018 9:28:00 PM,1,1,0,36.142740,-86.825970,NEBRASKA AV,,,,143.00,Feet,West,SYLVAN PARK LN,,,,0.00,N,Not at Intersection,N,Non-Junction,None,,,         ,Ryan,Allen,Clear,Not Collision with Motor Vehicle in Transport,no,no,no,no,no,False
101922087,METROPOLITAN NASHVILLE POLICE DEPT,2018-0167861,Davidson,Nashville,2/20/2018 10:10:00 PM,1,0,0,36.038970,-86.782640,OLD HICKORY BLVD,,,,19.00,Feet,South,I65 N EXT RAMP,,,,0.00,N,Not at Intersection, ,,None,,,         ,Thomas,Miller,,,no,no,no,no,no,False
101922088,METROPOLITAN NASHVILLE POLICE DEPT,20180167936,Davidson,Nashville,2/20/2018 11:40:00 PM,2,0,0,36.054790,-86.747800,PLAYERS CT,,,,0.00,Feet,East,COCHRAN DR,,,,0.00,N,Not at Intersection, ,Non-Junction,None,,,         ,Brandon,Rardin,Clear,Other,no,no,no,no,no,False
101922093,METROPOLITAN NASHVILLE POLICE DEPT,20180167804,Davidson,Nashville,2/20/2018 10:23:00 PM,2,0,0,36.163960,-86.746810,S 14TH ST,,,,339.00,Feet,North,DAVIDSON ST,,,,0.00,N,Not at Intersection,N,Non-Junction,None,,,         ,Eric,Hall,Clear,Front to Rear,no,no,no,no,no,False
101922132,METROPOLITAN NASHVILLE POLICE DEPT,20180168290,Davidson,Nashville,2/21/2018 2:00:00 AM,1,0,0,36.141840,-86.733620,I 40,,,,0.00,,,,,,,212.90,N,Not at Intersection,N,Non-Junction,None,,,         ,Nicholas,Berens,Cloudy,Not Collision with Motor Vehicle in Transport,no,no,no,no,no,False
101922133,METROPOLITAN NASHVILLE POLICE DEPT,20180168260,Davidson,Nashville,2/21/2018 12:00:00 AM,2,0,0,36.137460,-86.734730,HILL AV,,,,277.00,Feet,West,ARLINGTON AV,,,,0.00,N,Not at Intersection,N,Non-Junction,None,,,         ,Dale,Dameron,Clear,"Sideswipe, Same Direction",no,no,no,yes,yes,False
101922142,METROPOLITAN NASHVILLE POLICE DEPT,20180168052,Davidson,Nashville,2/21/2018 12:32:00 AM,1,0,0,36.190180,-86.758980,EVANSTON AV,,,,228.00,Feet,East,N 7TH ST,,,,0.00,N,Not at Intersection,N,Non-Junction,None,,,         ,Michael,Wolterbeek,Cloudy,Unknown,no,no,no,no,yes,False
101922170,METROPOLITAN NASHVILLE POLICE DEPT,20180168569,Davidson,Nashville,2/21/2018 3:52:00 AM,1,0,0,36.144360,-86.694500,I 40,,,,0.00,,,,,,,215.00,N,Not at Intersection,N,Non-Junction,None,,,         ,Bridget,Griepentrog,Clear,Not Collision with Motor Vehicle in Transport,no,no,no,no,no,False
101922229,METROPOLITAN NASHVILLE POLICE DEPT,20180166537,Davidson,Nashville,2/20/2018 1:30:00 PM,2,0,0,36.163710,-86.797600,CLINTON ST,,,,275.00,Feet,West,14TH AVN,,,,0.00,N,Not at Intersection,N,Non-Junction,None,,,         ,Wesley,Henderson,Cloudy,"Sideswipe, Opposite Direction",no,no,no,no,yes,False
101922280,THP District 9 - Administrative,318009273,Davidson,Nashville,2/13/2018 12:00:00 AM,2,0,0,36.172930,-86.782070,2ND AVN,,,,116.00,Feet,North,STOCKYARD ST,,,,0.00,N,Not at Intersection, ,Non-Junction,None,,,         ,William,Goodman,Cloudy,Rear to Side,no,no,no,yes,no,False
101922291,METROPOLITAN NASHVILLE POLICE DEPT,2018-0168942,Davidson,Nashville,2/21/2018 7:09:00 AM,2,0,0,36.069160,-86.691020,I24 E EXT RAMP,,,,0.00,,East,HAYWOOD LN,,,,0.00,N,Not at Intersection,N,Entrance/Exit Ramp Related,None,,,         ,Stanley,Collins,Cloudy,Front to Rear,no,no,no,no,no,False
101922292,METROPOLITAN NASHVILLE POLICE DEPT,20180169046,Davidson,Nashville,2/21/2018 12:00:00 AM,2,0,0,36.074400,-86.748760,SALEM DR,,,,47.00,Feet,South,BLACKMAN RD,,,,0.00,N,Not at Intersection,N,Non-Junction,None,,,         ,Jon,Mcvey,Unknown,"Sideswipe, Same Direction",no,no,no,no,yes,False
101922294,METROPOLITAN NASHVILLE POLICE DEPT,20180169144,Davidson,Nashville,2/21/2018 8:13:00 AM,2,0,0,36.143690,-86.737810,I 40,,,,0.00,,,,,,,212.60,N,Not at Intersection, ,Non-Junction,None,,,         ,Michael,Dance,Cloudy,"Sideswipe, Same Direction",no,no,no,no,no,False
101922298,METROPOLITAN NASHVILLE POLICE DEPT,20180169062,Davidson,Nashville,2/21/2018 7:45:00 AM,2,0,0,36.170610,-86.767500,I 24,,,,0.00,,,,,,,48.65,N,Not at Intersection, ,Non-Junction,None,,,         ,Gregory,Julia,Cloudy,Front to Rear,no,no,no,no,no,False
101922305,METROPOLITAN NASHVILLE POLICE DEPT,20180169108,Davidson,Nashville,2/21/2018 8:10:00 AM,2,1,0,36.110300,-86.738320,THOMPSON LN,,,,0.00,,,ST EDWARDS DR,,,,0.00,Y,T-Intersection,N,Non-Junction,None,,,         ,Kaleb,Stella,Cloudy,Front to Rear,no,no,no,no,yes,False
101922309,METROPOLITAN NASHVILLE POLICE DEPT,20180169109,Davidson,Nashville,2/21/2018 8:10:00 AM,2,0,0,36.123030,-86.742700,FOSTER AV,,,,1.00,Feet,South,ROSE ST,,,,0.00,N,Not at Intersection, ,Non-Junction,None,,,         ,James,Thomas,Cloudy,Angle,no,no,no,no,no,False
101922311,METROPOLITAN NASHVILLE POLICE DEPT,20180168902,Davidson,Nashville,2/21/2018 6:10:00 AM,2,0,0,36.153790,-86.794410,WEST END AV,,,,0.00,,,17TH AVN,,,,0.00,Y,Four-Way, ,Intersection,None,,,         ,William,Caillouette,Cloudy,Angle,no,no,no,no,no,False
101922317,METROPOLITAN NASHVILLE POLICE DEPT,20180169038,Davidson,Nashville,2/21/2018 7:30:00 AM,2,2,0,36.053030,-86.671980,I 24,,,,0.00,,,,,,,58.50,N,Not at Intersection,N,Non-Junction,None,,,         ,Barry,Demonbreun,Cloudy,Front to Rear,no,no,no,no,no,False
101922328,METROPOLITAN NASHVILLE POLICE DEPT,2018-0168915,Davidson,Antioch,2/21/2018 7:00:00 AM,2,0,0,36.054320,-86.618743,MURFREESBORO,PIKE,US70 S,,0.00,,,MT VIEW,RD,,,0.00,Y,Four-Way,N,Intersection,None,,,         ,William,Whitworth,Cloudy,HeadOn,no,no,no,no,no,False
101922329,METROPOLITAN NASHVILLE POLICE DEPT,20180167092,Davidson,Nashville,2/20/2018 5:15:00 PM,2,0,0,36.152930,-86.765150,I 40,,,,0.00,,,,,,,210.70,N,Not at Intersection, ,Non-Junction,None,,,         ,Jessie,Loy,Clear,"Sideswipe, Same Direction",no,no,no,no,no,False
101922333,METROPOLITAN NASHVILLE POLICE DEPT,2018-0169227,Davidson,Not in City Limit,2/21/2018 8:55:00 AM,2,0,0,36.275320,-86.735510,I 65,,,,0.00,,,,,,,93.00,N,Not at Intersection, ,Non-Junction,None,,,         ,John,Pryor,Rain,"Sideswipe, Same Direction",no,no,no,no,yes,False
101922341,METROPOLITAN NASHVILLE POLICE DEPT,20180169103,Davidson,Nashville,2/21/2018 8:03:00 AM,2,0,0,36.227610,-86.759650,DICKERSON PKE,,,,652.00,Feet,South,BROADMOOR DR,,,,0.00,N,Not at Intersection,N,Non-Junction,None,,,         ,Michael,Agee,Rain,HeadOn,no,no,no,no,no,False
101922352,METROPOLITAN NASHVILLE POLICE DEPT,20180169367,Davidson,Nashville,2/21/2018 9:48:00 AM,1,1,0,36.173440,-86.689240,BRILEY PKWYN,,,,435.00,Feet,North,BRILEY PKWYS,,,,0.00,N,Not at Intersection,N,Non-Junction,None,,,         ,Michael,Dance,Rain,Not Collision with Motor Vehicle in Transport,no,no,no,no,no,False
101922355,METROPOLITAN NASHVILLE POLICE DEPT,20180169427,Davidson,Nashville,2/21/2018 10:00:00 AM,1,0,0,36.154650,-86.831580,I 40,,,,0.00,,,,,,,205.40,N,Not at Intersection,N,Non-Junction,None,,,         ,Curtis,Rich,Rain,Not Collision with Motor Vehicle in Transport,no,no,no,no,no,False
101922361,METROPOLITAN NASHVILLE POLICE DEPT,20180169376,Davidson,Nashville,2/21/2018 9:50:00 AM,2,0,0,36.105380,-86.795720,GRANNY WHITE PKE,,,,63.00,Feet,South,MORROW AV,,,,0.00,N,Not at Intersection, ,Non-Junction,None,,,         ,Jon,Mcvey,Rain,Front to Rear,no,no,no,no,no,False
101922367,METROPOLITAN NASHVILLE POLICE DEPT,20180169045,Davidson,Nashville,2/21/2018 7:50:00 AM,2,0,0,36.168570,-86.686700,LEBANON PKE,,,,376.00,Feet,East,BRILEY PKWY N ENT RAMP,,,,0.00,N,Not at Intersection, ,,None,,,         ,James,Curtis,,,no,no,no,no,no,False
101922370,METROPOLITAN NASHVILLE POLICE DEPT,2018-0169400,Davidson,Nashville,2/21/2018 8:19:00 AM,2,0,0,36.047350,-86.655720,HICKORY HOLLOW PKWY,,,,95.00,Feet,South,BELL RD,,,,0.00,N,Not at Intersection, ,Non-Junction,None,,,         ,William,Whitworth,Cloudy,Front to Rear,no,no,no,no,no,False
101922378,METROPOLITAN NASHVILLE POLICE DEPT,20180169365,Davidson,Nashville,2/21/2018 8:59:00 AM,2,0,0,36.179340,-86.797920,DELTA AV,,,,191.00,Feet,East,GARFIELD ST,,,,0.00,N,Not at Intersection,N,Non-Junction,None,,,         ,Raymond,Heymann,Rain,"Sideswipe, Same Direction",no,no,no,no,no,False
101922379,METROPOLITAN NASHVILLE POLICE DEPT,20180169424,Davidson,Nashville,2/21/2018 7:18:00 AM,2,0,0,36.109970,-86.744700,NOLENSVILLE PKE,,,,80.00,Feet,North,COLLIER AV,,,,0.00,N,Not at Intersection, ,Non-Junction,None,,,         ,Jessie,Meadows,Rain,"Sideswipe, Same Direction",no,no,no,no,no,False
101922385,METROPOLITAN NASHVILLE POLICE DEPT,20180169474,Davidson,Nashville,2/21/2018 12:00:00 AM,2,0,0,36.148330,-86.780030,I 40,,,,0.00,,,,,,,209.80,N,Not at Intersection,N,Non-Junction,None,,,         ,Michael,Dance,Rain,"Sideswipe, Same Direction",no,no,no,no,yes,False
101922394,METROPOLITAN NASHVILLE POLICE DEPT,20180169201,Davidson,Nashville,2/21/2018 8:46:00 AM,1,1,0,36.228480,-86.851840,BRILEY PKWYW,,,,566.00,Feet,West,BRILEY PKWYE,,,,0.00,N,Not at Intersection,N,Non-Junction,None,,,         ,Royce,McLester,Rain,Not Collision with Motor Vehicle in Transport,no,no,no,no,no,False
101922395,METROPOLITAN NASHVILLE POLICE DEPT,20180169538,Davidson,Nashville,2/21/2018 10:55:00 AM,2,0,0,36.134280,-86.778900,WEDGEWOOD AV,,,,56.00,Feet,East,8TH AVS,,,,0.00,N,Not at Intersection, ,,None,,,         ,Jon,Mcvey,,,no,no,no,no,no,False
101922402,METROPOLITAN NASHVILLE POLICE DEPT,20180168972,Davidson,Nashville,2/21/2018 7:26:00 AM,3,2,0,36.214180,-86.838140,CLARKSVILLE PKE,,,,77.00,Feet,South,CEDAR CIR,,,,0.00,N,Not at Intersection,N,Non-Junction,None,,,         ,Victor,Alexander,Clear,Front to Rear,no,no,no,no,no,False
101922411,METROPOLITAN NASHVILLE POLICE DEPT,20180169621,Davidson,Nashville,2/21/2018 11:42:00 AM,2,0,0,36.186770,-86.631640,CENTRAL PKE,,,,0.00,,,LEBANON PKE,,,,0.00,Y,Four-Way, ,Intersection,None,,,         ,Michael,Dance,Rain,Front to Rear,no,no,no,no,no,False
101922431,BERRY HILL POLICE DEPT,18-0609,Davidson,Berry Hill,2/21/2018 10:03:00 AM,2,0,0,36.111930,-86.762920,THOMPSON LN,,,,0.00,,,E IRIS DR,,,,0.00,Y,T-Intersection, ,Intersection-Related,None,,,         ,Larry,Carter,Rain,HeadOn,no,no,no,no,no,False
101922432,METROPOLITAN NASHVILLE POLICE DEPT,20180169219,Davidson,Nashville,2/21/2018 8:16:00 AM,2,0,0,36.233680,-86.723770,BRILEY PKWY E ENT RAMP,,,,0.00,Feet,East,BRILEY PKWY E EXT RAMP,,,,0.00,N,Not at Intersection,N,Non-Junction,None,,,         ,Faye,Denson,Cloudy,Front to Rear,no,no,no,no,no,False
101922433,METROPOLITAN NASHVILLE POLICE DEPT,20180169723,Davidson,Nashville,2/21/2018 12:00:00 PM,2,0,0,36.133410,-86.891370,CHARLOTTE PKE,,,,331.00,Feet,North,OLD CHARLOTTE PKE,,,,0.00,N,Not at Intersection, ,Non-Junction,None,,,         ,Curtis,Rich,Rain,Front to Rear,no,no,no,no,no,False
101922439,METROPOLITAN NASHVILLE POLICE DEPT,20180169448,Davidson,Nashville,2/21/2018 8:06:00 AM,2,0,0,36.109470,-86.744440,NOLENSVILLE PKE,,,,116.00,Feet,South,COLLIER AV,,,,0.00,N,Not at Intersection, ,Non-Junction,None,,,         ,Jessie,Meadows,Rain,"Sideswipe, Same Direction",no,no,no,no,no,False
101922446,METROPOLITAN NASHVILLE POLICE DEPT,20180169722,Davidson,Not in City Limit,2/21/2018 12:15:00 PM,2,0,0,36.256860,-86.714120,GALLATIN PKES,,,,152.00,Feet,South,HARRINGTON AV,,,,0.00,N,Not at Intersection, ,Non-Junction,None,,,         ,Brian,Otto,Rain,Angle,no,no,no,no,no,False
101922447,METROPOLITAN NASHVILLE POLICE DEPT,20180169535,Davidson,Nashville,2/21/2018 11:00:00 AM,2,0,0,36.164870,-86.782530,DEADERICK ST,,,,86.00,Feet,East,6TH AVN,,,,0.00,N,Not at Intersection, ,,None,,,         ,Gregory,Julia,,,no,no,no,no,no,False
101922472,METROPOLITAN NASHVILLE POLICE DEPT,2018-169557,Davidson,Not in City Limit,2/21/2018 11:00:00 AM,2,0,0,36.273440,-86.710040,GALLATIN PKEN,,,,0.00,,,ANDERSON LN,,,,0.00,Y,T-Intersection, ,,None,,,         ,John,Pryor,,,no,no,no,no,no,False
101922477,METROPOLITAN NASHVILLE POLICE DEPT,20180169771,Davidson,Nashville,2/21/2018 12:15:00 PM,1,0,0,36.109550,-86.728530,THOMPSON LN,,,,300.00,Feet,West,BRILEY PKWYN,,,,0.00,N,Not at Intersection, ,OtherLocation,None,,,         ,Charles,Coe,Rain,Not Collision with Motor Vehicle in Transport,no,no,no,no,no,False
101922488,METROPOLITAN NASHVILLE POLICE DEPT,20180169710,Davidson,Nashville,2/21/2018 12:12:00 PM,2,0,0,36.071280,-86.636400,BELL RD,,,,224.00,Feet,South,MURFREESBORO PKE,,,,0.00,N,Not at Intersection, ,Non-Junction,None,,,         ,Jessie,Meadows,Rain,Angle,no,no,no,no,no,False
101922489,METROPOLITAN NASHVILLE POLICE DEPT,20180169761,Davidson,Nashville,2/21/2018 12:23:00 PM,2,1,0,36.156130,-86.681130,LAKELAND DR,,,,0.00,,,MCGAVOCK PKE,,,,0.00,Y,T-Intersection, ,Intersection,None,,,         ,Michael,Dance,Rain,Front to Rear,no,no,no,no,no,False
101922490,METROPOLITAN NASHVILLE POLICE DEPT,20180169465,Davidson,Nashville,2/21/2018 10:28:00 AM,2,0,0,36.169160,-86.779620,2ND AVN,,,,0.00,,,GAY ST,,,,0.00,Y,OTHER,N,OtherLocation,None,,,         ,Donald,Davidson,Rain,Other,no,no,no,no,yes,False
101922503,METROPOLITAN NASHVILLE POLICE DEPT,20180169848,Davidson,Nashville,2/21/2018 1:05:00 PM,2,0,0,36.167920,-86.820780,ED TEMPLE BLVD,,,,49.00,Feet,North,JEFFERSON ST,,,,0.00,N,Not at Intersection, ,,None,,,         ,Chase,Burnett,,,no,no,no,no,no,False
101922505,METROPOLITAN NASHVILLE POLICE DEPT,20180169764,Davidson,Nashville,2/21/2018 12:35:00 PM,2,0,0,36.128990,-86.795230,ASHWOOD AV,,,,0.00,,,BELMONT BLVD,,,,0.00,Y,Four-Way, ,Intersection-Related,None,,,         ,Jon,Mcvey,Rain,Angle,no,no,no,no,no,False
101922506,METROPOLITAN NASHVILLE POLICE DEPT,20180169780,Davidson,Nashville,2/21/2018 10:30:00 AM,1,0,0,36.086870,-86.730230,NOLENSVILLE PKE,,,,0.00,,,ELYSIAN FIELDS CT,,,,0.00,Y,OTHER,N,OtherLocation,None,,,         ,John,Nicholson,Rain,Not Collision with Motor Vehicle in Transport,no,no,no,yes,yes,False
101922536,METROPOLITAN NASHVILLE POLICE DEPT,20180169827,Davidson,Nashville,2/21/2018 12:50:00 PM,2,0,0,36.168920,-86.683630,LEBANON PKE,,,,0.00,,,THE CROSSINGS PVTDR,,,,0.00,Y,T-Intersection,N,Intersection,None,,,         ,Michael,Dance,Rain,Angle,no,no,no,no,no,False
101922539,METROPOLITAN NASHVILLE POLICE DEPT,20180169519,Davidson,Nashville,2/21/2018 10:48:00 AM,2,0,0,36.176890,-86.751440,S 10TH ST,,,,24.00,Feet,South,WOODLAND ST,,,,0.00,N,Not at Intersection,N,Non-Junction,None,,,         ,Michael,Agee,Rain,Angle,no,no,no,no,no,False
101922581,METROPOLITAN NASHVILLE POLICE DEPT,2018-0169852,Davidson,Nashville,2/21/2018 1:02:00 PM,2,1,0,36.132020,-86.726870,I24E,,,,628.00,Feet,North,I24 W EXT RAMP,,,,0.00,N,Not at Intersection,N,Non-Junction,None,,,         ,William,Whitworth,Rain,Front to Rear,no,no,no,no,no,False
101922582,METROPOLITAN NASHVILLE POLICE DEPT,20180169701,Davidson,Nashville,2/21/2018 12:00:00 AM,2,0,0,36.149730,-86.773060,I 40,,,,0.00,,,,,,,210.25,N,Not at Intersection, ,Non-Junction,None,,,         ,James,Thornton,Rain,"Sideswipe, Same Direction",no,no,no,no,no,False
101922587,TENNESSEE STATE UNIVERSITY ,18-TSU-11646,Davidson,Nashville,2/21/2018 12:00:00 AM,1,0,0,36.163950,-86.830300,CLARE AV,,,,200.00,Feet,South,ALAMEDA ST,,,,0.00,N,Not at Intersection,N,Non-Junction,None,,,         ,Ashley,Boleyjack,Unknown,Unknown,no,no,no,yes,yes,False
101922638,METROPOLITAN NASHVILLE POLICE DEPT,20180170055,Davidson,Nashville,2/21/2018 2:20:00 PM,2,0,0,36.114750,-86.786680,BATTLEFIELD DR,,,,0.00,,,LEALAND LN,,,,0.00,Y,Four-Way, ,Intersection,None,,,         ,Jon,Mcvey,Cloudy,Angle,no,no,no,no,no,False