master_record_number,agency,agency_tracking_number,county,city,collision_date,vehicles_involved,number_injured,number_dead,latitude,longitude,roadway_name,roadway_suffix,roadway_number,roadway_local_id,distance_from_reference,miles-feet_indicator,direction_from_reference,intersection_road_name,intersection_road_name_suffix,intersection_road_number,intersection_local_id,mile_marker,intersection_indicator,intersect_type,interchange_related_indicator,relation_to_junction,work_zone_type,construction_maintenance_zone,construction_maintenance_zone_location,fatal_case_number,officer_first_name,officer_last_name,weather_condition(s),manner_of_crash,pedestrian,bicycle,scooter,parking,hitrun,mou
101926954,METROPOLITAN NASHVILLE POLICE DEPT,20180183112,Davidson,Not in City Limit,2/25/2018 4:19:00 PM,3,3,0,36.263910,-86.690300,STATE RT 45,,,,0.00,,,MYATT DR,,,,0.00,Y,Four-Way,Y,Intersection,None,,,         ,Michael,Quinn,Clear,Angle,no,no,no,no,no,False
101926967,METROPOLITAN NASHVILLE POLICE DEPT,20180183294,Davidson,Nashville,2/25/2018 6:07:00 PM,2,0,0,36.150290,-86.857370,CHARLOTTE PKE,,,,0.00,,,ORLANDO AV,,,,0.00,Y,T-Intersection, ,Intersection,None,,,         ,Robert,Crow,Clear,Angle,no,no,no,no,no,False
101926975,METROPOLITAN NASHVILLE POLICE DEPT,20180183251,Davidson,Nashville,2/25/2018 3:33:00 PM,1,0,0,36.131280,-86.726550,I24 W EXT RAMP,,,,0.00,Feet,East,I 24,,,,0.00,N,Not at Intersection, ,Entrance/Exit Ramp Related,None,,,         ,Je-Marc,Sears,Cloudy,Not Collision with Motor Vehicle in Transport,no,no,no,no,no,False
101927032,METROPOLITAN NASHVILLE POLICE DEPT,20180183413,Davidson,Nashville,2/25/2018 7:09:00 PM,2,1,0,36.055010,-86.642410,ZELIDA AV,,,,0.00,,,BELL RD,,,,0.00,Y,Four-Way,N,Intersection,None,,,         ,Luis,De Los Santos,Clear,Angle,no,no,no,no,no,False
101927039,METROPOLITAN NASHVILLE POLICE DEPT,20180183503,Davidson,Nashville,2/25/2018 8:04:00 PM,1,0,0,36.241430,-86.736810,ELLINGTON PKWYN,,,,152.00,Feet,North,ELLINGTON PKWYS,,,,0.00,N,Not at Intersection, ,,None,,,         ,DuJuan,Kendrick,,,no,no,no,no,no,False
101927048,METROPOLITAN NASHVILLE POLICE DEPT,20180183432,Davidson,Nashville,2/25/2018 7:20:00 PM,2,0,0,36.077910,-86.642490,MURFREESBORO PKE,,,,216.00,Feet,East,MARTWAY DR,,,,0.00,N,Not at Intersection, ,Non-Junction,None,,,         ,Brady,Reynolds,Clear,Angle,no,no,no,no,no,False
101927094,METROPOLITAN NASHVILLE POLICE DEPT,20180183464,Davidson,Nashville,2/25/2018 7:39:00 PM,2,0,0,36.155570,-86.766170,ACADEMY PL,,,,0.00,,,HERMITAGE AV,,,,0.00,Y,Four-Way,N,Intersection,None,,,         ,Phillip,Box,Clear,Angle,no,no,no,no,no,False
101927095,METROPOLITAN NASHVILLE POLICE DEPT,20180183526,Davidson,Nashville,2/25/2018 7:50:00 PM,2,0,0,36.048390,-86.638410,BABY RUTH LN,,,,755.00,Feet,East,WILD OAKS CT,,,,0.00,N,Not at Intersection,N,Non-Junction,None,,,         ,Ian,Swander,Clear,Angle,no,no,no,no,yes,False
101927147,METROPOLITAN NASHVILLE POLICE DEPT,20180181676,Davidson,Nashville,2/25/2018 1:39:00 AM,2,0,0,36.165130,-86.777250,2ND AVN,,,,0.00,Feet,East,BANK ST,,,,0.00,N,Not at Intersection,N,Non-Junction,None,,,         ,Mekisha,Page,Rain,"Sideswipe, Same Direction",no,no,no,no,yes,False
101927166,METROPOLITAN NASHVILLE POLICE DEPT,20180183599,Davidson,Nashville,2/25/2018 8:55:00 PM,2,1,0,36.215120,-86.597670,LEBANON PKE,,,,0.00,,,ANDREW JACKSON PKWY,,,,0.00,Y,Four-Way,N,Intersection,None,,,         ,Zachariah,Bush,Clear,Angle,no,no,no,no,no,False
101927169,METROPOLITAN NASHVILLE POLICE DEPT,20180183183,Davidson,Nashville,2/25/2018 4:57:00 PM,3,0,0,36.248200,-86.720230,GALLATIN PKES,,,,61.00,Feet,North,DUE WEST AVE,,,,0.00,N,Not at Intersection, ,Non-Junction,None,,,         ,Bradley,Campbell,Clear,Front to Rear,no,no,no,no,no,False
101927178,METROPOLITAN NASHVILLE POLICE DEPT,20180183293,Davidson,Nashville,2/25/2018 5:56:00 PM,2,1,0,36.046540,-86.700710,BENZING RD,,,,354.00,Feet,East,BELL RD,,,,0.00,N,Not at Intersection,N,Non-Junction,None,,,         ,Melissa,Flores,Clear,"Sideswipe, Same Direction",no,no,no,no,no,False
101927198,METROPOLITAN NASHVILLE POLICE DEPT,20180183909,Davidson,Nashville,2/25/2018 11:20:00 PM,2,0,0,36.134280,-86.779390,WEDGEWOOD AV,,,,89.00,Feet,West,8TH AVS,,,,0.00,N,Not at Intersection, ,Non-Junction,None,,,         ,Steven,Wiser,Rain,Angle,no,no,no,no,no,False
101927234,METROPOLITAN NASHVILLE POLICE DEPT,20180184116,Davidson,Nashville,2/25/2018 11:55:00 PM,1,0,0,36.063280,-86.637410,BELL RD,,,,18.00,Feet,North,RICE RD,,,,0.00,N,Not at Intersection,N,Non-Junction,None,,,         ,David,Smith,Rain,Not Collision with Motor Vehicle in Transport,no,no,no,no,yes,False
101927401,VANDERBILT UNIVERSITY POLICE,20180182897,Davidson,Nashville,2/25/2018 2:10:00 PM,2,1,0,36.139580,-86.810760,NATCHEZ TRC,,,,0.00,,,CHILDRENS WAY,,,,0.00,Y,Four-Way,N,Intersection,None,,,         ,Casey,Clark,Clear,"Sideswipe, Opposite Direction",no,no,no,no,no,Campus
101927496,VANDERBILT UNIVERSITY POLICE,20180176932,Davidson,Nashville,2/23/2018 12:20:00 PM,2,0,0,36.108710,-86.763690,POWELL AV,,,,0.00,,,,,,,0.00,,, ,Non-Junction,None,,,         ,Roger,Tidwell,Clear,Angle,no,no,no,yes,no,OHO
101927579,THP District 9 - Administrative,318010923,Davidson,Nashville,2/21/2018 2:10:00 PM,1,1,0,36.164790,-86.784370,7TH AVN,,,,0.00,,,CHARLOTTE AV,,,,0.00,Y,OTHER,N,Non-Junction,None,,,         ,William,Gregory,Rain,Not Collision with Motor Vehicle in Transport,no,no,no,no,no,False
101927590,THP District 3 - Nashville,318011783,Davidson,Madison,2/25/2018 11:00:00 AM,2,0,0,36.237800,-86.590610,REBEL RD,,,,455.00,Feet,East,WOODSIDE DR,,,,0.00,N,Not at Intersection, ,Non-Junction,None,,,         ,De'Wunya,Topps,Clear,"Sideswipe, Opposite Direction",no,no,no,no,no,False
101927744,METROPOLITAN NASHVILLE POLICE DEPT,20180183031,Davidson,Nashville,2/25/2018 3:46:00 PM,1,0,0,36.234610,-86.807970,BRILEY PKWYE,,,,564.00,Feet,East,BRILEY PKWYW,,,,0.00,N,Not at Intersection,N,Non-Junction,None,,,         ,Sara,Lober,Clear,Not Collision with Motor Vehicle in Transport,no,no,no,no,no,False
101927966,METROPOLITAN NASHVILLE POLICE DEPT,20180183557,Davidson,Nashville,2/25/2018 7:20:00 PM,2,0,0,36.218290,-86.837100,CLARKSVILLE PKE,,,,79.00,Feet,South,KINGS LN,,,,0.00,N,Not at Intersection,N,Non-Junction,None,,,         ,Sara,Lober,Clear,Front to Rear,no,no,no,no,no,False
101928152,METROPOLITAN NASHVILLE POLICE DEPT,20180174260,Davidson,Old Hickory,2/22/2018 6:32:00 PM,6,7,1,36.263180,-86.661940,ROBINSON RD,,,,65.00,Feet,South,INDUSTRIAL DR,,,,0.00,N,Not at Intersection,N,Non-Junction,None,,,18-0103  ,Christopher,Augustin,Fog,Front to Rear,no,no,no,no,no,False
101928373,METROPOLITAN NASHVILLE POLICE DEPT,20180188173,Davidson,Nashville,2/22/2018 12:00:00 AM,1,0,0,36.203720,-86.809460,ALICE ST,,,,21.00,Feet,South,YOUNGS LN,,,,0.00,N,Not at Intersection,N,Non-Junction,None,,,         ,Victor,Alexander,Unknown,Not Collision with Motor Vehicle in Transport,no,no,no,yes,yes,False
101928693,METROPOLITAN NASHVILLE POLICE DEPT,20180177617,Davidson,Nashville,2/23/2018 5:15:00 PM,2,0,0,36.157660,-86.790820,I 40,,,,0.00,,,,,,,209.00,N,Not at Intersection, ,Non-Junction,None,,,         ,Jacob,Paul,Clear,"Sideswipe, Same Direction",no,no,no,no,no,False
101928804,METROPOLITAN NASHVILLE POLICE DEPT,20180182235,Davidson,Nashville,2/25/2018 6:35:00 AM,1,0,0,36.054860,-86.729290,MCMURRAY DR,,,,195.00,Feet,East,HILSON RD,,,,0.00,N,Not at Intersection,N,"Driveway, Alley Access, etc",None,,,         ,William,King,Unknown,Not Collision with Motor Vehicle in Transport,no,no,no,no,yes,False
101928815,Nashville Airport Police,2018-00720,Davidson,Nashville,2/24/2018 12:00:00 AM,2,0,0,36.140190,-86.669060,I40 E EXT RAMP,,,,0.00,,,,,,,0.00,,, ,Non-Junction,None,,,         ,Steve,Wright,Clear,Unknown,no,no,no,yes,yes,False
101929137,Nashville Airport Police,2018-00716,Davidson,Nashville,2/24/2018 3:00:00 PM,3,0,0,36.133320,-86.665670,TERMINAL DR,,,,0.00,,,,,,,0.00,,Not at Intersection, ,Non-Junction,None,,,         ,Steve,Wright,Clear,Rear to Rear,no,no,no,yes,no,False
101929793,METROPOLITAN NASHVILLE POLICE DEPT,20180111419,Davidson,Nashville,2/2/2018 12:00:00 AM,2,1,0,36.191080,-86.615470,OLD HICKORY BLVD,,,,94.00,Feet,North,OLD LEBANON DIRT RD,,,,0.00,N,Not at Intersection,N,Non-Junction,None,,,         ,Craig,Gentry,Clear,Front to Rear,no,no,no,no,no,False
101929858,METROPOLITAN NASHVILLE POLICE DEPT,20180173632,Davidson,Nashville,2/22/2018 3:00:00 PM,2,0,0,36.173990,-86.602310,OLD HICKORY BLVD,,,,154.00,Feet,North,CENTRAL PKE,,,,0.00,N,Not at Intersection,N,Non-Junction,None,,,         ,Christopher,Augustin,Cloudy,Front to Rear,no,no,no,no,no,False
101935375,METROPOLITAN NASHVILLE POLICE DEPT,20180210560,Davidson,Nashville,2/20/2018 6:40:00 AM,1,1,0,36.151070,-86.784340,DIVISION ST,,,,0.00,,,12TH AVS,,,,0.00,Y,Four-Way,N,Intersection,None,,,         ,Phillip,Murphy,Clear,Not Collision with Motor Vehicle in Transport,no,yes,no,no,yes,False
101937158,THP District 9 - Administrative,318009037,Davidson,Nashville,2/12/2018 8:39:00 AM,2,0,0,36.164030,-86.786240,CHARLOTTE AV,,,,0.00,,,ROSA L PARKS BLVD,,,,0.00,Y,OTHER, ,OtherLocation,None,,,         ,Tara,Lee,Clear,Rear to Side,no,no,no,yes,no,False
101946261,METROPOLITAN NASHVILLE POLICE DEPT,2018-0144059,Davidson,Nashville,2/13/2018 2:15:00 PM,2,0,0,36.198990,-86.620430,OLD HICKORY BLVD,,,,189.00,Feet,South,LEBANON PKE WB EXT RAMP,,,,0.00,N,Not at Intersection, ,Non-Junction,None,,,         ,Seth,Vaughn,Clear,Angle,no,no,no,no,no,False
101957960,METROPOLITAN NASHVILLE POLICE DEPT,2018-0180566,Davidson,Nashville,2/24/2018 7:18:00 PM,1,1,0,36.149020,-86.762990,LAFAYETTE ST,,,,165.00,Feet,West,CHARLES E DAVIS BLVD,,,,0.00,N,Not at Intersection,N,Non-Junction,None,,,         ,Aimee,Ortiz,Clear,Not Collision with Motor Vehicle in Transport,yes,no,no,no,no,False
101971975,METROPOLITAN NASHVILLE POLICE DEPT,20180178129,Davidson,Nashville,2/23/2018 7:58:00 PM,3,3,0,36.241580,-86.723310,GALLATIN PKES,,,,1023.00,Feet,North,GALLATIN PKE,,,,0.00,N,Not at Intersection,N,Non-Junction,None,,,         ,Brian,Theriac,Rain,"Sideswipe, Opposite Direction",no,no,no,no,no,False
101927204,METROPOLITAN NASHVILLE POLICE DEPT,20180184000,Davidson,Nashville,2/26/2018 12:00:00 AM,3,0,0,36.223040,-86.773820,I24 W ENT RAMP,,,,0.00,Feet,East,I 65,,,,0.00,N,Not at Intersection,N,Non-Junction,None,,,         ,Landon,Bagwell,Rain,"Sideswipe, Same Direction",no,no,no,no,yes,False
101927301,METROPOLITAN NASHVILLE POLICE DEPT,20180184510,Davidson,Nashville,2/26/2018 12:00:00 AM,1,0,0,36.083340,-86.726610,WELCH RD,,,,255.00,Feet,East,NOLENSVILLE PKE,,,,0.00,N,Not at Intersection,N,Non-Junction,None,,,         ,Zachary,Lang,Rain,Not Collision with Motor Vehicle in Transport,no,no,no,no,yes,False
101927303,METROPOLITAN NASHVILLE POLICE DEPT,20180184627,Davidson,Nashville,2/26/2018 5:58:00 AM,2,0,0,36.192400,-86.742760,DOUGLAS AV,,,,20.00,Feet,West,N 12TH ST,,,,0.00,N,Not at Intersection,N,Non-Junction,None,,,         ,Edward,Holden,Clear,Front to Rear,no,no,no,no,yes,False
101927326,METROPOLITAN NASHVILLE POLICE DEPT,2018-0184743,Davidson,Nashville,2/26/2018 4:00:00 AM,1,0,0,36.109100,-86.727490,TALLWOOD DR,,,,206.00,Feet,East,BRILEY PKWYN,,,,0.00,N,Not at Intersection,N,Non-Junction,None,,,         ,William,Whitworth,Clear,Not Collision with Motor Vehicle in Transport,no,no,no,no,no,False
101927341,METROPOLITAN NASHVILLE POLICE DEPT,20180184802,Davidson,Nashville,2/26/2018 12:00:00 AM,2,0,0,36.158290,-86.771890,HERMITAGE AV,,,,0.00,,,KOREAN VETERANS BLVD,,,,0.00,Y,Four-Way, ,Intersection-Related,None,,,         ,Trevor,Taylor,Clear,Front to Rear,no,no,no,no,no,False
101927362,METROPOLITAN NASHVILLE POLICE DEPT,20180184940,Davidson,Nashville,2/26/2018 8:22:00 AM,2,0,0,36.116010,-86.788970,I 440,,,,0.00,,,,,,,4.00,N,Not at Intersection, ,Non-Junction,None,,,         ,Curtis,Rich,Clear,Front to Rear,no,no,no,no,no,False
101927367,METROPOLITAN NASHVILLE POLICE DEPT,18-0184824,Davidson,Nashville,2/26/2018 7:30:00 AM,2,0,0,36.102180,-86.756270,ARMORY DR,,,,0.00,,,SIDCO DR,,,,0.00,Y,Four-Way, ,Intersection,None,,,         ,Kaleb,Stella,Clear,Angle,no,no,no,no,no,False
101927373,METROPOLITAN NASHVILLE POLICE DEPT,20180184748,Davidson,Nashville,2/26/2018 6:51:00 AM,2,0,0,36.121350,-86.630650,BELL RD,,,,505.00,Feet,South,WOODLAND POINTE DR,,,,0.00,N,Not at Intersection, ,Non-Junction,None,,,         ,James,Curtis,Cloudy,Front to Rear,no,no,no,no,no,False
101927378,METROPOLITAN NASHVILLE POLICE DEPT,20180184905,Davidson,Nashville,2/26/2018 12:00:00 AM,1,0,0,36.054400,-86.636780,HICKORY CLUB DR,,,,0.00,Feet,East,HAMILTON CHURCH RD,,,,0.00,N,Not at Intersection,N,Non-Junction,None,,,         ,Brandon,Evans,Unknown,Not Collision with Motor Vehicle in Transport,no,no,no,yes,yes,False
101927382,METROPOLITAN NASHVILLE POLICE DEPT,20180184926,Davidson,Nashville,2/26/2018 8:10:00 AM,2,1,0,36.154510,-86.815630,CHARLOTTE AV,,,,0.00,,,26TH AVN,,,,0.00,Y,Four-Way,N,Intersection,None,,,         ,Chase,Burnett,Clear,Front to Rear,no,no,no,no,no,False
101927385,METROPOLITAN NASHVILLE POLICE DEPT,20180184777,Davidson,Nashville,2/26/2018 7:18:00 AM,2,0,0,36.069560,-86.693630,HAYWOOD LN,,,,83.00,Feet,East,EZELL RD,,,,0.00,N,Not at Intersection, ,,None,,,         ,Ryan,Howard,,,no,no,no,no,no,False
101927387,METROPOLITAN NASHVILLE POLICE DEPT,20180184876,Davidson,Nashville,2/26/2018 7:52:00 AM,2,0,0,36.192710,-86.744370,DOUGLAS AV,,,,0.00,Feet,,GALLATIN AV,,,,0.00,Y,Four-Way, ,Intersection,None,,,         ,Michael,Agee,Clear,"Sideswipe, Same Direction",no,no,no,no,no,False
101927390,METROPOLITAN NASHVILLE POLICE DEPT,20180184851,Davidson,Nashville,2/26/2018 7:47:00 AM,1,0,0,36.034080,-86.754360,ALMADALE CIR,,,,230.00,Feet,South,CLOVERLAND PARK DR,,,,0.00,N,Not at Intersection,N,Non-Junction,None,,,         ,Samuel,Miller,Clear,Not Collision with Motor Vehicle in Transport,no,no,no,no,no,False
101927391,METROPOLITAN NASHVILLE POLICE DEPT,20180184879,Davidson,Nashville,2/26/2018 7:57:00 AM,2,0,0,36.251920,-86.717690,W WEBSTER ST,,,,0.00,,,GALLATIN PKES,,,,0.00,Y,Four-Way,N,Intersection-Related,None,,,         ,Spencer,Pittman,Clear,"Sideswipe, Same Direction",no,no,no,no,yes,False
101927393,METROPOLITAN NASHVILLE POLICE DEPT,20180184882,Davidson,Nashville,2/26/2018 7:50:00 AM,2,0,0,36.244380,-86.747700,I65 S EXT RAMP,,,,0.00,Feet,East,I 65,,,,0.00,N,Not at Intersection, ,Entrance/Exit Ramp Related,None,,,         ,Peter,Lynch,Clear,Front to Rear,no,no,no,no,no,False
101927402,METROPOLITAN NASHVILLE POLICE DEPT,20180185005,Davidson,Nashville,2/26/2018 8:44:00 AM,2,0,0,36.045570,-86.711140,OLD HICKORY BLVD,,,,632.00,Feet,East,NOLENSVILLE PKE,,,,0.00,N,Not at Intersection,N,Non-Junction,None,,,         ,Thomas,White,Clear,Angle,no,no,no,yes,yes,False
101927408,METROPOLITAN NASHVILLE POLICE DEPT,20180185009,Davidson,Nashville,2/26/2018 12:00:00 AM,3,0,0,36.151040,-86.750360,I 40,,,,0.00,,,,,,,211.60,N,Not at Intersection,N,Non-Junction,None,,,         ,Michael,Dance,Clear,Front to Rear,no,no,no,no,no,False
101927425,METROPOLITAN NASHVILLE POLICE DEPT,20180185107,Davidson,Nashville,2/26/2018 9:34:00 AM,2,0,0,36.175940,-86.751660,S 10TH ST,,,,0.00,,,RUSSELL ST,,,,0.00,Y,T-Intersection, ,Intersection,None,,,         ,Jason,Hees,Clear,Angle,no,no,no,no,no,False
101927435,METROPOLITAN NASHVILLE POLICE DEPT,18-0184192,Davidson,Nashville,2/26/2018 8:13:00 AM,3,0,0,36.116290,-86.772550,I 440,,,,0.00,,,,,,,5.00,N,Not at Intersection, ,Non-Junction,None,,,         ,Kaleb,Stella,Clear,Front to Rear,no,no,no,no,no,False
101927442,METROPOLITAN NASHVILLE POLICE DEPT,20180184999,Davidson,Not in City Limit,2/26/2018 7:45:00 AM,2,0,0,36.314470,-86.832320,I 24,,,,0.00,,,,,,,37.25,N,Not at Intersection,N,Non-Junction,None,,,         ,Jeanine,Sarno,Clear,Front to Rear,no,no,no,no,no,False
101927445,METROPOLITAN NASHVILLE POLICE DEPT,20180185031,Davidson,Nashville,2/26/2018 9:04:00 AM,2,0,0,36.169870,-86.675350,LEBANON PKE,,,,180.00,Feet,East,PARK DR,,,,0.00,N,Not at Intersection, ,Non-Junction,None,,,         ,James,Curtis,Clear,Front to Rear,no,no,no,no,no,False
101927457,METROPOLITAN NASHVILLE POLICE DEPT,20180185024,Davidson,Nashville,2/26/2018 8:30:00 AM,2,0,0,36.149470,-86.806170,ELLISTON PL,,,,295.00,Feet,South,23RD AVN,,,,0.00,N,Not at Intersection, ,Non-Junction,None,,,         ,Justan,Vance,Clear,Angle,no,no,no,no,no,Campus
101927458,METROPOLITAN NASHVILLE POLICE DEPT,20180185135,Davidson,Nashville,2/26/2018 8:24:00 AM,2,0,0,36.141720,-86.778670,CHESTNUT ST,,,,0.00,Feet,,8TH AVS,,,,0.00,Y,Four-Way,N,Intersection,None,,,         ,Kaleb,Stella,Clear,Angle,no,no,no,no,yes,False
101927463,METROPOLITAN NASHVILLE POLICE DEPT,20180184988,Davidson,Antioch,2/26/2018 8:30:00 AM,2,0,0,36.055150,-86.598840,HOBSON PKE,,,,385.00,Feet,West,MARITIME PORT,,,,0.00,N,Not at Intersection,N,"Driveway, Alley Access, etc",None,,,         ,Larry,Williams,Clear,Front to Rear,no,no,no,yes,no,False
101927469,GOODLETTSVILLE POLICE DEPT,18-07423,Davidson,Goodlettsville,2/26/2018 7:51:00 AM,1,1,0,36.325110,-86.701760,LONG HOLLOW PKE,,,,0.00,,,CONFERENCE DR,,,,0.00,Y,Four-Way,N,Intersection,None,,,         ,John,Spencer,Clear,Not Collision with Motor Vehicle in Transport,yes,no,no,no,yes,False
101927472,METROPOLITAN NASHVILLE POLICE DEPT,2018-0184897,Davidson,Nashville,2/26/2018 8:05:00 AM,4,2,0,36.168400,-86.796600,I 40,,,,0.00,,,,,,,208.15,N,Not at Intersection,N,Non-Junction,None,,,         ,Timothy,Edwards,Clear,Front to Rear,no,no,no,no,no,False
101927473,METROPOLITAN NASHVILLE POLICE DEPT,20180185139,Davidson,Nashville,2/26/2018 9:00:00 AM,2,0,0,36.165070,-86.782050,DEADERICK ST,,,,164.00,Feet,West,5TH AVN,,,,0.00,N,Not at Intersection, ,,None,,,         ,Gregory,Julia,,,no,no,no,no,no,False
101927475,METROPOLITAN NASHVILLE POLICE DEPT,20180184795,Davidson,Nashville,2/26/2018 7:22:00 AM,2,1,0,36.121770,-86.794840,BELMONT BLVD,,,,75.00,Feet,North,KIRKWOOD AV,,,,0.00,N,Not at Intersection,N,Non-Junction,None,,,         ,Jon,Mcvey,Clear,Not Collision with Motor Vehicle in Transport,no,no,no,no,no,False
101927476,METROPOLITAN NASHVILLE POLICE DEPT,20180184970,Davidson,Nashville,2/26/2018 7:40:00 AM,2,0,0,36.136000,-86.791940,WEDGEWOOD AV,,,,0.00,,,15TH AVS,,,,0.00,Y,Four-Way,N,Intersection,None,,,         ,Jon,Mcvey,Clear,Front to Rear,no,no,no,no,no,False
101927477,METROPOLITAN NASHVILLE POLICE DEPT,20180184738,Davidson,Nashville,2/26/2018 6:50:00 AM,2,0,0,36.114600,-86.772900,I 65,,,,0.00,,,,,,,80.10,N,Not at Intersection, ,,None,,,         ,Jon,Mcvey,,,no,no,no,no,no,False
101927478,METROPOLITAN NASHVILLE POLICE DEPT,20180185293,Davidson,Nashville,2/26/2018 8:40:00 AM,2,0,0,36.153920,-86.787760,DEMONBREUN ST,,,,0.00,,,I40 W EXT RAMP,,,,0.00,Y,Four-Way, ,Intersection-Related,None,,,         ,Jon,Mcvey,Clear,Angle,no,no,no,no,no,False
101927536,GOODLETTSVILLE POLICE DEPT,18-07443,Davidson,Goodlettsville,2/26/2018 11:45:00 AM,2,0,0,36.310750,-86.696960,NORTHCHASE DR,,,,123.00,Feet,West,CONFERENCE DR,,,,0.00,N,Not at Intersection, ,Non-Junction,None,,,         ,Brian,Hajdu,Cloudy,"Sideswipe, Same Direction",no,no,no,no,no,False
101927538,METROPOLITAN NASHVILLE POLICE DEPT,20180185363,Davidson,Nashville,2/26/2018 9:01:00 AM,2,0,0,36.189820,-86.813930,23RD AVN,,,,0.00,,,23RD AVN,,,,0.00,,OTHER,N,Non-Junction,None,,,         ,Christopher,Butner,Clear,Front to Rear,no,no,no,yes,yes,False
101927551,METROPOLITAN NASHVILLE POLICE DEPT,2018-0185025,Davidson,Nashville,2/26/2018 8:30:00 AM,2,0,0,36.095820,-86.737480,NOLENSVILLE PKE,,,,0.00,,,WHEELER AV,,,,0.00,Y,Four-Way, ,Intersection,None,,,         ,Charles,Coe,Cloudy,Front to Rear,no,no,no,no,yes,False
101927558,METROPOLITAN NASHVILLE POLICE DEPT,2018-0184861,Davidson,Nashville,2/26/2018 7:48:00 AM,2,1,0,36.081570,-86.701700,LINBAR DR,,,,120.00,Feet,South,WALLACE RD,,,,0.00,N,Not at Intersection,N,"Driveway, Alley Access, etc",None,,,         ,William,Whitworth,Clear,Angle,no,no,no,no,no,False
101927559,METROPOLITAN NASHVILLE POLICE DEPT,2018-0185074,Davidson,Nashville,2/26/2018 9:23:00 AM,4,2,0,36.082210,-86.697540,I 24,,,,0.00,,,,,,,56.00,N,Not at Intersection,N,Non-Junction,None,,,         ,William,Whitworth,Clear,Angle,no,no,no,no,no,False
101927594,METROPOLITAN NASHVILLE POLICE DEPT,2018-0185392,Davidson,Goodlettsville,2/26/2018 11:20:00 AM,2,0,0,36.302140,-86.692720,RIVERGATE MALL PVTDR,,,,0.00,,,TWIN HILLS DR,,,,0.00,Y,T-Intersection, ,Intersection,None,,,         ,Travis,Baxter,Clear,"Sideswipe, Same Direction",no,no,no,no,no,False
101927625,METROPOLITAN NASHVILLE POLICE DEPT,20180185667,Davidson,Nashville,2/26/2018 1:20:00 PM,2,0,0,36.206260,-86.773520,I65 N EXT RAMP,,,,0.00,,,W TRINITY LN,,,,0.00,Y,T-Intersection, ,Intersection,None,,,         ,Erik,Nash,Clear,Front to Rear,no,no,no,no,no,False
101927654,METROPOLITAN NASHVILLE POLICE DEPT,20180185463,Davidson,Nashville,2/26/2018 11:00:00 AM,2,0,0,36.160250,-86.782960,COMMERCE ST,,,,0.00,Feet,,ROSA L PARKS BLVD,,,,0.00,Y,Four-Way,N,Intersection,None,,,         ,Gregory,Julia,Clear,Angle,no,no,no,no,no,False
101927720,THP District 9 - Administrative,318011786,Davidson,Nashville,2/26/2018 7:16:00 AM,2,0,0,36.170280,-86.597590,I 40,,,,0.00,,,,,,,221.00,N,Not at Intersection, ,,None,,,         ,Steve,Sakarapanee,,,no,no,no,no,no,False
101927722,METROPOLITAN NASHVILLE POLICE DEPT,20180185324,Davidson,Nashville,2/26/2018 11:25:00 AM,3,0,0,36.086880,-86.696790,HARDING PL,,,,247.00,Feet,West,S PERIMETER PARK DR,,,,0.00,N,Not at Intersection,N,Non-Junction,None,,,         ,Jessie,Meadows,Clear,"Sideswipe, Same Direction",no,no,no,no,no,False
101927723,METROPOLITAN NASHVILLE POLICE DEPT,20180185490,Davidson,Nashville,2/26/2018 12:10:00 PM,2,0,0,36.119790,-86.749660,NOLENSVILLE PKE,,,,273.00,Feet,North,NEWSOME ST,,,,0.00,N,Not at Intersection, ,Non-Junction,None,,,         ,Jessie,Meadows,Clear,"Sideswipe, Same Direction",no,no,no,no,no,False
101927750,METROPOLITAN NASHVILLE POLICE DEPT,20180185828,Davidson,Nashville,2/26/2018 1:30:00 PM,2,0,0,36.158290,-86.771890,HERMITAGE AV,,,,0.00,,,KOREAN VETERANS BLVD,,,,0.00,Y,Four-Way,N,Intersection,None,,,         ,David,Lang,Clear,"Sideswipe, Same Direction",no,no,no,no,yes,False
101927751,METROPOLITAN NASHVILLE POLICE DEPT,20180185747,Davidson,Nashville,2/26/2018 2:05:00 PM,3,2,0,36.103870,-86.815540,HILLSBORO PKE,,,,248.00,Feet,North,WARFIELD DR,,,,0.00,N,Not at Intersection,N,Non-Junction,None,,,         ,Jon,Mcvey,Clear,Front to Rear,no,no,no,no,no,False
101927791,METROPOLITAN NASHVILLE POLICE DEPT,20180185782,Davidson,Nashville,2/26/2018 2:36:00 PM,2,1,0,36.067440,-86.718480,NOLENSVILLE PKE,,,,322.00,Feet,North,NORTHCREST DR,,,,0.00,N,Not at Intersection,N,Non-Junction,None,,,         ,Jessie,Meadows,Clear,"Sideswipe, Same Direction",no,no,no,no,no,False
101927817,METROPOLITAN NASHVILLE POLICE DEPT,20180186014,Davidson,Nashville,2/26/2018 3:57:00 PM,2,0,0,36.168790,-86.766110,I 24,,,,0.00,,,,,,,48.80,N,Not at Intersection,N,Non-Junction,None,,,         ,Hunter,Fikes,Clear,Front to Rear,no,no,no,no,no,False
101927824,METROPOLITAN NASHVILLE POLICE DEPT,20180185965,Davidson,Nashville,2/26/2018 3:30:00 PM,2,0,0,36.157790,-86.791870,CHURCH ST,,,,91.00,Feet,West,14TH AVN,,,,0.00,N,Not at Intersection, ,,None,,,         ,Derek,Betty,,,no,no,no,no,no,False