master_record_number,agency,agency_tracking_number,county,city,collision_date,vehicles_involved,number_injured,number_dead,latitude,longitude,roadway_name,roadway_suffix,roadway_number,roadway_local_id,distance_from_reference,miles-feet_indicator,direction_from_reference,intersection_road_name,intersection_road_name_suffix,intersection_road_number,intersection_local_id,mile_marker,intersection_indicator,intersect_type,interchange_related_indicator,relation_to_junction,work_zone_type,construction_maintenance_zone,construction_maintenance_zone_location,fatal_case_number,officer_first_name,officer_last_name,weather_condition(s),manner_of_crash,pedestrian,bicycle,scooter,parking,hitrun,mou
101928989,METROPOLITAN NASHVILLE POLICE DEPT,20180189276,Davidson,Nashville,2/27/2018 4:35:00 PM,2,0,0,36.170000,-86.592220,I 40,,,,0.00,,,,,,,221.30,N,Not at Intersection, ,Non-Junction,None,,,         ,Marvis,Malone,Clear,"Sideswipe, Same Direction",no,no,no,no,no,False
101929001,METROPOLITAN NASHVILLE POLICE DEPT,20180189577,Davidson,Nashville,2/27/2018 6:40:00 PM,2,0,0,36.149800,-86.748200,I 40,,,,0.00,,,,,,,211.70,N,Not at Intersection,N,Non-Junction,None,,,         ,Samuel,Sundra,Clear,Front to Rear,no,no,no,no,yes,False
101929002,METROPOLITAN NASHVILLE POLICE DEPT,20180189563,Davidson,Nashville,2/27/2018 7:00:00 PM,2,0,0,36.231000,-86.833100,CLARKSVILLE PKE,,,,163.00,Feet,North,CLARKSVILLE PKE SB EXT RAMP,,,,0.00,N,Not at Intersection, ,Non-Junction,None,,,         ,Jerry,Pirtle,Cloudy,Angle,no,no,no,no,no,False
101929007,METROPOLITAN NASHVILLE POLICE DEPT,20180189649,Davidson,Nashville,2/27/2018 7:22:00 PM,2,0,0,36.164950,-86.776090,CHURCH ST,,,,0.00,,,1ST AVN,,,,0.00,Y,Four-Way, ,,None,,,         ,Derek,Betty,,,no,no,no,no,no,False
101929008,METROPOLITAN NASHVILLE POLICE DEPT,20180189643,Davidson,Nashville,2/27/2018 7:56:00 PM,2,1,0,36.129930,-86.798430,BLAIR BLVD,,,,136.00,Feet,East,19TH AVS,,,,0.00,N,Not at Intersection, ,Non-Junction,None,,,         ,Eric,Burford,Clear,Front to Rear,no,no,no,no,no,False
101929009,METROPOLITAN NASHVILLE POLICE DEPT,20180189407,Davidson,Nashville,2/27/2018 6:14:00 PM,2,0,0,36.178870,-86.752090,N 10TH ST,,,,291.00,Feet,North,MAIN ST,,,,0.00,N,Not at Intersection,N,Non-Junction,None,,,         ,Randall,Smith,Clear,Angle,no,no,no,no,yes,False
101929010,METROPOLITAN NASHVILLE POLICE DEPT,2018-0189182,Davidson,Nashville,2/27/2018 4:16:00 PM,2,0,0,36.186970,-86.593550,TULIP GROVE RD,,,,220.00,Feet,South,STROMBURY DR,,,,0.00,N,Not at Intersection,N,Non-Junction,None,,,         ,Sandra,Talavera,Clear,"Sideswipe, Opposite Direction",no,no,no,no,yes,False
101929014,METROPOLITAN NASHVILLE POLICE DEPT,20180189717,Davidson,Nashville,2/27/2018 8:05:00 PM,1,0,0,36.111030,-86.746790,THOMPSON LN,,,,2.00,Feet,East,GRANDVIEW AV,,,,0.00,N,Not at Intersection,N,Non-Junction,None,,,         ,Eric,Keller,Clear,Not Collision with Motor Vehicle in Transport,no,no,no,no,no,False
101929028,METROPOLITAN NASHVILLE POLICE DEPT,20180189496,Davidson,Nashville,2/27/2018 6:47:00 PM,3,1,0,36.165340,-86.794300,I 40,,,,0.00,,,,,,,208.40,N,Not at Intersection,N,Non-Junction,None,,,         ,Robert,Schohn,Clear,"Sideswipe, Same Direction",no,no,no,no,no,False
101929029,METROPOLITAN NASHVILLE POLICE DEPT,20180189379,Davidson,Nashville,2/27/2018 6:02:00 PM,3,0,0,36.091760,-86.630450,SMITH SPRINGS RD,,,,116.00,Feet,East,OLD SMITH SPRINGS RD,,,,0.00,N,Not at Intersection,N,Non-Junction,None,,,         ,Cheri,Cox,Clear,Front to Rear,no,no,no,no,no,False
101929041,METROPOLITAN NASHVILLE POLICE DEPT,20180189725,Davidson,Nashville,2/27/2018 8:23:00 PM,3,0,0,36.045310,-86.701860,OLD HICKORY BLVD,,,,52.00,Feet,West,BELL RD,,,,0.00,N,Not at Intersection,N,Non-Junction,None,,,         ,Nathaniel,Myers,Cloudy,Front to Rear,no,no,no,no,yes,False
101929042,METROPOLITAN NASHVILLE POLICE DEPT,2018-0189440,Davidson,Nashville,2/27/2018 6:27:00 PM,2,0,0,36.170820,-86.601550,OLD HICKORY BLVD,,,,0.00,,,I40 W EXT RAMP,,,,0.00,Y,Four-Way,N,Intersection-Related,None,,,         ,Sandra,Talavera,Clear,Angle,no,no,no,no,no,False
101929049,METROPOLITAN NASHVILLE POLICE DEPT,20180189849,Davidson,Nashville,2/27/2018 12:00:00 AM,3,0,0,36.167210,-86.815000,MEHARRY BLVD,,,,91.00,Feet,West,25TH AVN,,,,0.00,N,Not at Intersection, ,Non-Junction,None,,,         ,Melvin,Taylor,Clear,"Sideswipe, Opposite Direction",no,no,no,no,no,False
101929050,METROPOLITAN NASHVILLE POLICE DEPT,20180189679,Davidson,Not in City Limit,2/27/2018 8:04:00 PM,2,2,0,36.077450,-86.947140,HIGHWAY 70S,,,,0.00,Feet,,BELLEVUE CTR PVTDR,,,,0.00,Y,Four-Way,N,Intersection,None,,,         ,Adam,Reese,Cloudy,Angle,no,no,no,no,no,False
101929052,METROPOLITAN NASHVILLE POLICE DEPT,20180189741,Davidson,Nashville,2/27/2018 8:28:00 PM,1,1,0,36.179990,-86.695840,BRILEY PKWYS,,,,1065.00,Feet,South,BRILEY PKWYN,,,,0.00,N,Not at Intersection,N,Non-Junction,None,,,         ,John,Kelley,Clear,Not Collision with Motor Vehicle in Transport,no,no,no,no,no,False
101929063,METROPOLITAN NASHVILLE POLICE DEPT,20180189175,Davidson,Nashville,2/27/2018 2:27:00 PM,2,0,0,36.109010,-86.818370,CLEGHORN AV,,,,338.00,Feet,South,CRESTMOOR RD,,,,0.00,N,Not at Intersection, ,Non-Junction,None,,,         ,Ryan,Coll,Clear,Front to Rear,no,no,no,no,no,False
101929064,METROPOLITAN NASHVILLE POLICE DEPT,20180189809,Davidson,Nashville,2/27/2018 8:51:00 PM,2,1,0,36.074480,-86.920940,OLD HICKORY BLVD,,,,0.00,,,HIGHWAY 70S,,,,0.00,Y,Four-Way,N,Intersection-Related,None,,,         ,Brandon,Pedigo,Clear,Angle,no,no,no,no,no,False
101929065,METROPOLITAN NASHVILLE POLICE DEPT,20180189595,Davidson,Nashville,2/27/2018 7:13:00 PM,2,1,0,36.086890,-86.730200,ELYSIAN FIELDS CT,,,,11.00,Feet,East,NOLENSVILLE PKE,,,,0.00,N,Not at Intersection,Y,Non-Junction,None,,,         ,Aimee,Ortiz,Clear,"Sideswipe, Same Direction",no,no,no,no,no,False
101929078,METROPOLITAN NASHVILLE POLICE DEPT,20180189956,Davidson,Nashville,2/27/2018 9:43:00 PM,2,0,0,36.188920,-86.776180,I 24,,,,0.00,,,,,,,47.00,N,Not at Intersection, ,Non-Junction,None,,,         ,Robert,Schohn,Cloudy,"Sideswipe, Same Direction",no,no,no,no,no,False
101929083,GOODLETTSVILLE POLICE DEPT,18-07625,Davidson,Goodlettsville,2/27/2018 7:13:00 PM,3,0,0,36.330940,-86.708390,I 65,,,,0.00,,,,,,,97.50,N,Not at Intersection,N,Non-Junction,None,,,         ,Jeffery,Hunter,Clear,Front to Rear,no,no,no,no,no,False
101929092,METROPOLITAN NASHVILLE POLICE DEPT,20180189913,Davidson,Nashville,2/27/2018 9:32:00 PM,1,0,0,36.129100,-86.778070,8TH AVS,,,,193.00,Feet,North,FRANKLIN PKE,,,,0.00,N,Not at Intersection, ,Non-Junction,None,,,         ,Austin,Kendrick,Clear,Not Collision with Motor Vehicle in Transport,no,no,no,yes,no,False
101929101,METROPOLITAN NASHVILLE POLICE DEPT,20180189427,Davidson,Nashville,2/27/2018 6:19:00 PM,2,0,0,36.114260,-86.724230,I 24,,,,0.00,,,,,,,53.35,N,Not at Intersection, ,,None,,,         ,Patrick,Martin,,,no,no,no,no,no,False
101929107,METROPOLITAN NASHVILLE POLICE DEPT,20180189702,Davidson,Nashville,2/27/2018 6:35:00 PM,2,0,0,36.130780,-86.773780,I 65,,,,0.00,,,,,,,81.10,N,Not at Intersection, ,Non-Junction,None,,,         ,Gregory,Scott,Clear,"Sideswipe, Same Direction",no,no,no,no,no,False
101929123,METROPOLITAN NASHVILLE POLICE DEPT,20180189584,Davidson,Nashville,2/27/2018 7:28:00 PM,2,2,0,36.114860,-86.719560,DRUMMOND DR,,,,0.00,Feet,South,EAST THOMPSON LN,,,,0.00,N,Not at Intersection,N,OtherLocation,None,,,         ,Je-Marc,Sears,Clear,HeadOn,no,no,no,no,no,False
101929145,VANDERBILT UNIVERSITY POLICE,20180189799,Davidson,Nashville,2/27/2018 8:50:00 PM,3,0,0,36.144100,-86.799850,21ST AVS,,,,0.00,,,EDGEHILL AV,,,,0.00,Y,T-Intersection, ,Non-Junction,None,,,         ,V,Greene,Clear,HeadOn,no,no,no,no,no,Campus
101929186,METROPOLITAN NASHVILLE POLICE DEPT,20180190637,Davidson,Nashville,2/28/2018 3:15:00 AM,2,0,0,36.151670,-86.751940,I 40,,,,0.00,,,,,,,211.50,N,Not at Intersection,N,Non-Junction,None,,,         ,Steven,Rowlett,Rain,"Sideswipe, Same Direction",no,no,no,no,yes,False
101929193,METROPOLITAN NASHVILLE POLICE DEPT,20180190797,Davidson,Not in City Limit,2/28/2018 4:45:00 AM,2,0,0,36.263120,-86.712510,OLD HICKORY BLVDW,,,,174.00,Feet,West,STATE RT 45,,,,0.00,N,Not at Intersection, ,Non-Junction,None,,,         ,Coleman,McKellar,Rain,"Sideswipe, Same Direction",no,no,no,no,no,False
101929233,METROPOLITAN NASHVILLE POLICE DEPT,20180188827,Davidson,Nashville,2/27/2018 2:35:00 PM,3,1,0,36.105800,-86.672220,MURFREESBORO PKE,,,,289.00,Feet,East,DONELSON PKE,,,,0.00,N,Not at Intersection,N,Non-Junction,None,,,         ,Abigail,Malone,Clear,Front to Rear,no,no,no,no,no,False
101929240,METROPOLITAN NASHVILLE POLICE DEPT,20180190944,Davidson,Nashville,2/28/2018 6:46:00 AM,2,0,0,36.127990,-86.695610,BRILEY PKWY,,,,0.00,,,KENTON PL,,,,0.00,Y,T-Intersection, ,Intersection,None,,,         ,James,Curtis,Rain,Angle,no,no,no,no,no,False
101929245,METROPOLITAN NASHVILLE POLICE DEPT,20180190933,Davidson,Nashville,2/28/2018 6:45:00 AM,2,1,0,36.086580,-86.771970,HARDING PL,,,,0.00,,,FRANKLIN PKE,,,,0.00,Y,Four-Way,N,Intersection,None,,,         ,Nathan,Kemp,Rain,HeadOn,no,no,no,no,no,False
101929248,METROPOLITAN NASHVILLE POLICE DEPT,20180190995,Davidson,Nashville,2/28/2018 7:07:00 AM,2,0,0,36.082780,-86.628700,MOSSDALE DR,,,,0.00,,,BELL RD,,,,0.00,Y,Four-Way, ,,None,,,         ,Michael,Brooks,,,no,no,no,no,no,False
101929262,METROPOLITAN NASHVILLE POLICE DEPT,20180191017,Davidson,Nashville,2/28/2018 7:39:00 AM,2,0,0,36.196280,-86.776120,I 65,,,,0.00,,,,,,,86.60,N,Not at Intersection, ,Non-Junction,None,,,         ,Laura,Mullin,Rain,Front to Rear,no,no,no,no,no,False
101929266,METROPOLITAN NASHVILLE POLICE DEPT,20180191081,Davidson,Nashville,2/28/2018 8:13:00 AM,1,0,0,36.059170,-86.771570,FRANKLIN PIKE CIR,,,,200.00,Feet,West,REGENT DR,,,,0.00,N,Not at Intersection,N,Non-Junction,None,,,         ,Nathan,Kemp,Rain,Not Collision with Motor Vehicle in Transport,no,no,no,no,yes,False
101929269,METROPOLITAN NASHVILLE POLICE DEPT,20180191023,Davidson,Nashville,2/28/2018 7:40:00 AM,2,0,0,36.050730,-86.646910,HICKORY HOLLOW TER,,,,0.00,,,BELL RD,,,,0.00,Y,Four-Way, ,Intersection,None,,,         ,Charles,Coe,Rain,Front to Rear,no,no,no,no,no,False
101929272,METROPOLITAN NASHVILLE POLICE DEPT,20180191098,Davidson,Nashville,2/28/2018 8:15:00 AM,2,0,0,36.111470,-86.921590,I40 E ENT RAMP,,,,0.00,,,I 40,,,,0.00,Y,OTHER, ,,None,,,         ,Curtis,Rich,,,no,no,no,no,no,False
101929291,METROPOLITAN NASHVILLE POLICE DEPT,20180191089,Davidson,Nashville,2/28/2018 8:17:00 AM,3,0,0,36.040470,-86.770030,OLD HICKORY BLVD,,,,311.00,Feet,East,SEVEN SPRINGS WAY PVTDR,,,,0.00,N,Not at Intersection, ,Non-Junction,None,,,         ,Walter,Cothran,Rain,Front to Rear,no,no,no,no,no,False
101929307,METROPOLITAN NASHVILLE POLICE DEPT,20180191111,Davidson,Nashville,2/28/2018 8:22:00 AM,1,0,0,36.034520,-86.660430,PRESTON RD,,,,1107.00,Feet,West,CANE RIDGE RD,,,,0.00,N,Not at Intersection, ,Non-Junction,None,,,         ,Thomas,White,Rain,Not Collision with Motor Vehicle in Transport,no,no,no,no,no,False
101929319,METROPOLITAN NASHVILLE POLICE DEPT,20180191021,Davidson,Nashville,2/28/2018 7:45:00 AM,2,1,0,36.155570,-86.766170,ACADEMY PL,,,,0.00,,,HERMITAGE AV,,,,0.00,Y,Four-Way,N,Intersection,None,,,         ,James,Thornton,Rain,Angle,no,no,no,no,no,False
101929320,METROPOLITAN NASHVILLE POLICE DEPT,20180191043,Davidson,Nashville,2/28/2018 7:50:00 AM,2,0,0,36.078930,-86.726130,NOLENSVILLE PKE,,,,251.00,Feet,South,HARDING PL,,,,0.00,N,Not at Intersection,N,Non-Junction,None,,,         ,Jon,Mcvey,Rain,Angle,no,no,no,no,no,False
101929337,METROPOLITAN NASHVILLE POLICE DEPT,20180191160,Davidson,Nashville,2/28/2018 8:47:00 AM,2,0,0,36.208540,-86.776220,I 65,,,,0.00,,,,,,,87.45,N,Not at Intersection,N,Non-Junction,None,,,         ,William,Coy,Rain,Front to Rear,no,no,no,no,yes,False
101929340,METROPOLITAN NASHVILLE POLICE DEPT,20180191048,Davidson,Nashville,2/28/2018 8:00:00 AM,2,0,0,36.119850,-86.726430,I440 W ENT RAMP,,,,0.00,Feet,East,I 24,,,,0.00,N,Not at Intersection,N,Entrance/Exit Ramp Related,None,,,         ,Todd,Watson,Rain,Front to Rear,no,no,no,no,no,False
101929341,METROPOLITAN NASHVILLE POLICE DEPT,20180191277,Davidson,Nashville,2/28/2018 9:11:00 AM,2,0,0,36.135190,-86.894100,I 40,,,,0.00,,,,,,,201.50,N,Not at Intersection, ,Non-Junction,None,,,         ,Curtis,Rich,Rain,Angle,no,no,no,no,yes,False
101929348,METROPOLITAN NASHVILLE POLICE DEPT,20180191198,Davidson,Nashville,2/28/2018 8:45:00 AM,2,1,0,36.086880,-86.693700,HARDING PL,,,,479.00,Feet,West,ANTIOCH PKE,,,,0.00,N,Not at Intersection,N,Non-Junction,None,,,         ,Charles,Coe,Rain,HeadOn,no,no,no,no,no,False
101929351,METROPOLITAN NASHVILLE POLICE DEPT,20180190986,Davidson,Nashville,2/28/2018 7:10:00 AM,2,0,0,36.172480,-86.595110,CENTRAL PKE,,,,0.00,,,TULIP GROVE RD,,,,0.00,Y,Four-Way, ,Intersection,None,,,         ,William,Mckay,Rain,"Sideswipe, Same Direction",no,no,no,no,no,False
101929355,METROPOLITAN NASHVILLE POLICE DEPT,20180191110,Davidson,Nashville,2/28/2018 8:22:00 AM,1,0,0,36.174730,-86.614260,CENTRAL PKE,,,,0.00,,,DODSON CHAPEL RD,,,,0.00,Y,Four-Way, ,Intersection-Related,None,,,         ,James,Curtis,Rain,Not Collision with Motor Vehicle in Transport,no,no,no,no,no,False
101929384,METROPOLITAN NASHVILLE POLICE DEPT,20180191183,Davidson,Nashville,2/28/2018 8:47:00 AM,2,0,0,36.155650,-86.789720,I40 E ENT RAMP,,,,0.00,,,BROADWAY,,,,0.00,Y,Four-Way, ,Entrance/Exit Ramp Related,None,,,         ,William,Caillouette,Rain,"Sideswipe, Same Direction",no,no,no,no,no,False
101929385,METROPOLITAN NASHVILLE POLICE DEPT,20180191002,Davidson,Nashville,2/28/2018 7:28:00 AM,2,0,0,36.209070,-86.777940,AVONDALE CIR,,,,0.00,,,BRICK CHURCH PKE,,,,0.00,Y,T-Intersection,N,Non-Junction,None,,,         ,James,Wray,Rain,Angle,no,no,no,no,no,False
101929386,METROPOLITAN NASHVILLE POLICE DEPT,20180191195,Davidson,Nashville,2/28/2018 9:00:00 AM,2,1,0,36.046430,-86.654700,HICKORY HOLLOW LN,,,,0.00,,,HICKORY HOLLOW PKWY,,,,0.00,Y,OTHER,N,Non-Junction,None,,,         ,Alex,Moore,Cloudy,Angle,no,no,no,no,no,False
101929388,METROPOLITAN NASHVILLE POLICE DEPT,20180191229,Davidson,Nashville,2/28/2018 9:20:00 AM,1,1,0,36.164230,-86.777730,CHURCH ST,,,,0.00,,,3RD AVN,,,,0.00,Y,Four-Way,N,Intersection,None,,,         ,Cedric,connolly,Rain,Not Collision with Motor Vehicle in Transport,yes,no,no,no,no,False
101929394,METROPOLITAN NASHVILLE POLICE DEPT,20180191143,Davidson,Nashville,2/28/2018 8:42:00 AM,2,1,0,36.198400,-86.775980,I 65,,,,0.00,,,,,,,86.75,N,Not at Intersection,N,Non-Junction,None,,,         ,Tony,Folad,Rain,"Sideswipe, Same Direction",no,no,no,no,no,False
101929395,METROPOLITAN NASHVILLE POLICE DEPT,20180191272,Davidson,Nashville,2/28/2018 9:30:00 AM,2,0,0,36.188880,-86.823090,CLARKSVILLE PKE,,,,0.00,,,ROSA L PARKS BLVD,,,,0.00,Y,OTHER,N,Intersection-Related,None,,,         ,Jeanine,Sarno,Cloudy,Front to Rear,no,no,no,no,no,False
101929408,METROPOLITAN NASHVILLE POLICE DEPT,20180191276,Davidson,Nashville,2/28/2018 8:35:00 AM,2,0,0,36.105370,-86.767470,I 65,,,,0.00,,,,,,,79.45,N,Not at Intersection, ,Non-Junction,None,,,         ,Jon,Mcvey,Cloudy,Front to Rear,no,no,no,no,no,False
101929422,METROPOLITAN NASHVILLE POLICE DEPT,20180191211,Davidson,Nashville,2/28/2018 9:10:00 AM,2,0,0,36.119010,-86.726200,I 24,,,,0.00,,,,,,,53.00,N,Not at Intersection,N,Non-Junction,None,,,         ,James,Thomas,Rain,Front to Rear,no,no,no,no,no,False
101929424,METROPOLITAN NASHVILLE POLICE DEPT,20180191323,Davidson,Nashville,2/28/2018 9:58:00 AM,2,0,0,36.090610,-86.626110,BELL RD,,,,152.00,Feet,East,SMITH SPRINGS RD,,,,0.00,N,Not at Intersection,N,Non-Junction,None,,,         ,Dakota,Vermillion,Rain,Angle,no,no,no,no,no,False
101929432,METROPOLITAN NASHVILLE POLICE DEPT,20180191464,Davidson,Nashville,2/28/2018 11:10:00 AM,2,1,0,36.151800,-86.771250,LAFAYETTE ST,,,,0.00,,,4TH AVS,,,,0.00,Y,T-Intersection, ,Intersection,None,,,         ,Johnathan,Carlisle,Rain,Angle,no,no,no,no,no,False
101929433,METROPOLITAN NASHVILLE POLICE DEPT,2018-0191265,Davidson,Nashville,2/28/2018 9:36:00 AM,2,0,0,36.164920,-86.778180,3RD AVN,,,,265.00,Feet,South,UNION ST,,,,0.00,N,Not at Intersection, ,Non-Junction,None,,,         ,Michael,Schlegel,Cloudy,Front to Rear,no,no,no,no,no,False
101929445,METROPOLITAN NASHVILLE POLICE DEPT,20180191452,Davidson,Nashville,2/28/2018 11:00:00 AM,2,0,0,36.189240,-86.630310,HICKORY HILL LN,,,,474.00,Feet,North,LEBANON PKE,,,,0.00,N,Not at Intersection,N,Non-Junction,None,,,         ,James,Curtis,Cloudy,Front to Rear,no,no,no,no,no,False
101929449,METROPOLITAN NASHVILLE POLICE DEPT,20180191529,Davidson,Nashville,2/28/2018 9:30:00 AM,2,0,0,36.161160,-86.792770,CHARLOTTE AV,,,,31.00,Feet,West,GEORGE L DAVIS BLVD,,,,0.00,N,Not at Intersection, ,Non-Junction,None,,,         ,Jon,Mcvey,Rain,Front to Rear,no,no,no,no,no,False
101929461,METROPOLITAN NASHVILLE POLICE DEPT,2018-0191349,Davidson,Nashville,2/28/2018 10:10:00 AM,2,0,0,36.163440,-86.787640,CHARLOTTE AV,,,,0.00,,,ROSA L PARKS BLVD,,,,0.00,Y,T-Intersection, ,Intersection,None,,,         ,Michael,Schlegel,Cloudy,Front to Rear,no,no,no,no,no,False
101929474,METROPOLITAN NASHVILLE POLICE DEPT,20180191647,Davidson,Nashville,2/28/2018 11:45:00 AM,2,0,0,36.153300,-86.772180,ELM ST,,,,0.00,,,4TH AVS,,,,0.00,Y,Four-Way, ,Intersection,None,,,         ,Cedric,connolly,Rain,Angle,no,no,no,no,no,False
101929479,METROPOLITAN NASHVILLE POLICE DEPT,20180191620,Davidson,Nashville,2/28/2018 9:30:00 AM,2,1,0,36.170290,-86.763800,S 5TH ST,,,,182.00,Feet,North,FATHERLAND ST,,,,0.00,N,Not at Intersection,N,Non-Junction,None,,,         ,Curtis,Rich,Rain,Front to Rear,no,no,no,no,no,False
101929484,METROPOLITAN NASHVILLE POLICE DEPT,20180191712,Davidson,Nashville,2/28/2018 11:45:00 AM,2,0,0,36.116020,-86.789620,I 440,,,,0.00,,,,,,,4.00,N,Not at Intersection,N,Non-Junction,None,,,         ,Jon,Mcvey,Cloudy,Not Collision with Motor Vehicle in Transport,no,no,no,no,yes,False
101929485,METROPOLITAN NASHVILLE POLICE DEPT,20180191727,Davidson,Nashville,2/28/2018 1:05:00 PM,2,1,0,36.163470,-86.689480,BRILEY PKWYN,,,,1855.00,Feet,South,BRILEY PKWY N ENT RAMP,,,,0.00,N,Not at Intersection,N,Non-Junction,None,,,         ,James,Curtis,Cloudy,Unknown,no,no,no,no,yes,False
101929506,METROPOLITAN NASHVILLE POLICE DEPT,20180191653,Davidson,Nashville,2/28/2018 12:29:00 PM,2,0,0,36.146780,-86.743900,RUNDLE AV,,,,45.00,Feet,West,FESSLERS LN,,,,0.00,N,Not at Intersection, ,,None,,,         ,James,Curtis,,,no,no,no,no,no,False
101929512,METROPOLITAN NASHVILLE POLICE DEPT,18-0191664,Davidson,Nashville,2/28/2018 12:40:00 PM,2,0,0,36.104400,-86.796480,MAPLEHURST AV,,,,0.00,,,GRANNY WHITE PKE,,,,0.00,Y,T-Intersection, ,Intersection,None,,,         ,Kaleb,Stella,Cloudy,Angle,no,no,no,no,no,False
101929561,METROPOLITAN NASHVILLE POLICE DEPT,20180191429,Davidson,Nashville,2/28/2018 10:44:00 AM,2,0,0,36.155880,-86.789100,I40 W EXT RAMP,,,,0.00,,,I 40,,,,0.00,Y,Four-Way, ,Entrance/Exit Ramp Related,None,,,         ,William,Caillouette,Rain,Front to Rear,no,no,no,no,no,False
101929595,METROPOLITAN NASHVILLE POLICE DEPT,20180191865,Davidson,Nashville,2/28/2018 1:05:00 PM,2,0,0,36.206980,-86.791570,BAPTIST WORLD CENTER DR,,,,17.00,Feet,South,W TRINITY LN,,,,0.00,N,Not at Intersection, ,Non-Junction,None,,,         ,Victor,Alexander,Rain,Front to Rear,no,no,no,no,no,False
101929619,METROPOLITAN NASHVILLE POLICE DEPT,20180191878,Davidson,Nashville,2/28/2018 1:25:00 PM,1,0,0,36.066130,-86.771540,HOGAN RD,,,,145.00,Feet,East,RAGLAND DR,,,,0.00,N,Not at Intersection, ,Non-Junction,None,,,         ,Jon,Mcvey,Cloudy,Not Collision with Motor Vehicle in Transport,no,no,no,no,no,False
101929622,METROPOLITAN NASHVILLE POLICE DEPT,20180191201,Davidson,Nashville,2/28/2018 9:00:00 AM,2,0,0,36.168570,-86.813360,JEFFERSON ST,,,,0.00,,,I40 E EXT RAMP,,,,0.00,Y,Y-Intersection, ,Entrance/Exit Ramp Related,None,,,         ,Isaac,Wood,Rain,Front to Rear,no,no,no,no,no,False
101929624,METROPOLITAN NASHVILLE POLICE DEPT,2018-0191697,Davidson,Nashville,2/28/2018 12:56:00 PM,2,0,0,36.087980,-86.701800,I24 E EXT RAMP,,,,0.00,Feet,East,I 24,,,,0.00,N,Not at Intersection,Y,Entrance/Exit Ramp Related,None,,,         ,William,Whitworth,Rain,"Sideswipe, Same Direction",no,no,no,no,no,False
101929645,METROPOLITAN NASHVILLE POLICE DEPT,20180191460,Davidson,Nashville,2/28/2018 11:07:00 AM,1,1,0,36.186740,-86.711180,EASTLAND AV,,,,322.00,Feet,North,ROSEBANK AV,,,,0.00,N,Not at Intersection,N,Non-Junction,None,,,         ,Faye,Denson,Clear,Not Collision with Motor Vehicle in Transport,no,no,no,no,no,False
101929649,METROPOLITAN NASHVILLE POLICE DEPT,20180189829,Davidson,Nashville,2/27/2018 9:07:00 PM,2,0,0,36.158550,-86.827040,34TH AVN,,,,0.00,,,CLIFTON AV,,,,0.00,Y,T-Intersection,N,Non-Junction,None,,,         ,Albert,Wilson,Clear,Angle,no,no,no,no,yes,False
101929659,METROPOLITAN NASHVILLE POLICE DEPT,20180192090,Davidson,Nashville,2/28/2018 3:27:00 PM,2,0,0,36.237200,-86.757890,I65 N EXT RAMP,,,,0.00,,,I 65,,,,0.00,Y,Y-Intersection,N,Intersection-Related,None,,,         ,Christopher,Littles,Cloudy,Front to Rear,no,no,no,no,yes,False
101929687,METROPOLITAN NASHVILLE POLICE DEPT,20180192162,Davidson,Nashville,2/28/2018 3:50:00 PM,2,0,0,36.132950,-86.779210,8TH AVS,,,,165.00,Feet,North,BENTON AV,,,,0.00,N,Not at Intersection, ,Non-Junction,None,,,         ,Douglas,Sykes,Rain,"Sideswipe, Same Direction",no,no,no,no,no,False
101929692,METROPOLITAN NASHVILLE POLICE DEPT,20180192241,Davidson,Nashville,2/28/2018 4:12:00 PM,2,0,0,36.155870,-86.789890,14TH AVN,,,,95.00,Feet,North,I40 E ENT RAMP,,,,0.00,N,Not at Intersection, ,Non-Junction,None,,,         ,Ryan,Storm,Rain,Angle,no,no,no,no,no,False
101929698,METROPOLITAN NASHVILLE POLICE DEPT,20180192077,Davidson,Nashville,2/28/2018 3:05:00 PM,2,0,0,36.045370,-86.713260,NOLENSVILLE PKE,,,,0.00,,,OLD HICKORY BLVD,,,,0.00,Y,Four-Way, ,,None,,,         ,Nathaniel,Myers,,,no,no,no,no,no,False
101929699,METROPOLITAN NASHVILLE POLICE DEPT,20180192124,Davidson,Nashville,2/28/2018 12:00:00 AM,2,0,0,36.206100,-86.790800,BAPTIST WORLD CENTER DR,,,,58.00,Feet,North,GOOCH ST,,,,0.00,N,Not at Intersection, ,Non-Junction,None,,,         ,Melvin,Taylor,Rain,"Sideswipe, Same Direction",no,no,no,no,no,False
101929701,METROPOLITAN NASHVILLE POLICE DEPT,20180192173,Davidson,Nashville,2/28/2018 3:56:00 PM,2,0,0,36.184730,-86.773700,DICKERSON PKE,,,,115.00,Feet,North,HANCOCK ST,,,,0.00,N,Not at Intersection,N,Non-Junction,None,,,         ,Ethan,Usherwood,Rain,Rear to Side,no,no,no,yes,no,False
101929703,METROPOLITAN NASHVILLE POLICE DEPT,20180192033,Davidson,Nashville,2/28/2018 3:09:00 PM,2,1,0,36.164580,-86.763440,I 24,,,,0.00,,,,,,,49.10,N,Not at Intersection,N,Non-Junction,None,,,         ,Robert,Schohn,Rain,Front to Rear,no,no,no,no,no,False
101929705,METROPOLITAN NASHVILLE POLICE DEPT,20180192211,Davidson,Nashville,2/28/2018 4:00:00 PM,2,0,0,36.151820,-86.752750,I 40,,,,0.00,,,,,,,211.40,N,Not at Intersection, ,,None,,,         ,Johnathan,Pannell,,,no,no,no,no,no,False