master_record_number,agency,agency_tracking_number,county,city,collision_date,vehicles_involved,number_injured,number_dead,latitude,longitude,roadway_name,roadway_suffix,roadway_number,roadway_local_id,distance_from_reference,miles-feet_indicator,direction_from_reference,intersection_road_name,intersection_road_name_suffix,intersection_road_number,intersection_local_id,mile_marker,intersection_indicator,intersect_type,interchange_related_indicator,relation_to_junction,work_zone_type,construction_maintenance_zone,construction_maintenance_zone_location,fatal_case_number,officer_first_name,officer_last_name,weather_condition(s),manner_of_crash,pedestrian,bicycle,scooter,parking,hitrun,mou
101929713,METROPOLITAN NASHVILLE POLICE DEPT,20180191976,Davidson,Nashville,2/28/2018 2:44:00 PM,2,0,0,36.137710,-86.801850,BLAKEMORE AV,,,,216.00,Feet,West,MEDICAL CENTER DR,,,,0.00,N,Not at Intersection, ,Non-Junction,None,,,         ,Jacob,Paul,Rain,Front to Rear,no,no,no,no,no,Campus
101929714,METROPOLITAN NASHVILLE POLICE DEPT,20180192148,Davidson,Nashville,2/28/2018 3:47:00 PM,2,0,0,36.146030,-86.695220,BRILEY PKWYS,,,,195.00,Feet,East,I40 W EXT RAMP,,,,0.00,N,Not at Intersection, ,Non-Junction,None,,,         ,Samuel,Sundra,Rain,"Sideswipe, Same Direction",no,no,no,no,no,False
101929715,METROPOLITAN NASHVILLE POLICE DEPT,20180192160,Davidson,Nashville,2/28/2018 2:46:00 PM,2,0,0,36.150570,-86.770420,4TH AVS,,,,39.00,Feet,North,I40 E EXT RAMP,,,,0.00,N,Not at Intersection, ,,None,,,         ,Patrick,Martin,,,no,no,no,no,no,False
101929720,METROPOLITAN NASHVILLE POLICE DEPT,20180192103,Davidson,Nashville,2/28/2018 3:30:00 PM,2,0,0,36.156380,-86.805630,21ST AVN,,,,40.00,Feet,South,CHARLOTTE AV,,,,0.00,N,Not at Intersection,N,Non-Junction,None,,,         ,Eric,Burford,Rain,Angle,no,no,no,no,no,False
101929727,METROPOLITAN NASHVILLE POLICE DEPT,2018-0192289,Davidson,Nashville,2/28/2018 4:26:00 PM,2,0,0,36.142760,-86.815630,31ST AVN,,,,72.00,Feet,North,WEST END AV,,,,0.00,N,Not at Intersection, ,Non-Junction,None,,,         ,Brandon,Hughes,Rain,Angle,no,no,no,no,no,Campus
101929728,BERRY HILL POLICE DEPT,18-0686,Davidson,Berry Hill,2/28/2018 12:00:00 AM,2,0,0,36.123610,-86.772860,I 65,,,,0.00,,,,,,,80.60,N,Not at Intersection, ,,None,,,         ,John,Gleixner,,,no,no,no,no,no,False
101929730,METROPOLITAN NASHVILLE POLICE DEPT,20180192210,Davidson,Nashville,2/28/2018 3:25:00 PM,2,0,0,36.117200,-86.802610,STOKES LN,,,,12.00,Feet,East,AMANDA AV,,,,0.00,N,Not at Intersection, ,Non-Junction,None,,,         ,Gregory,Scott,Rain,"Sideswipe, Same Direction",no,no,no,no,no,False
101929738,METROPOLITAN NASHVILLE POLICE DEPT,20180192261,Davidson,Nashville,2/28/2018 4:20:00 PM,2,1,0,36.181590,-86.749310,GALLATIN AV,,,,0.00,,,CALVIN AV,,,,0.00,Y,T-Intersection, ,Intersection-Related,None,,,         ,Alexander,Georgeson,Rain,Angle,no,no,no,no,no,False
101929752,METROPOLITAN NASHVILLE POLICE DEPT,20180192533,Davidson,Nashville,2/28/2018 5:19:00 PM,2,0,0,36.134490,-86.779070,8TH AVS,,,,77.00,Feet,North,WEDGEWOOD AV,,,,0.00,N,Not at Intersection, ,Non-Junction,None,,,         ,Douglas,Sykes,Rain,Angle,no,no,no,no,no,False
101929761,METROPOLITAN NASHVILLE POLICE DEPT,20180192283,Davidson,Nashville,2/28/2018 6:12:00 PM,2,0,0,36.044980,-86.649430,CROSSINGS BLVD,,,,61.00,Feet,West,CROSSINGS PL,,,,0.00,N,Not at Intersection, ,Non-Junction,None,,,         ,Jessie,Meadows,Rain,"Sideswipe, Same Direction",no,no,no,no,no,False
101929764,METROPOLITAN NASHVILLE POLICE DEPT,20180192269,Davidson,Nashville,2/28/2018 3:57:00 PM,2,0,0,36.198390,-86.778880,WEAKLEY AV,,,,31.00,Feet,East,ALINE AV,,,,0.00,N,Not at Intersection,N,Non-Junction,None,,,         ,Sara,Lober,Rain,"Sideswipe, Same Direction",no,no,no,no,yes,False
101929766,METROPOLITAN NASHVILLE POLICE DEPT,20180192511,Davidson,Antioch,2/28/2018 5:48:00 PM,2,2,0,36.047840,-86.612050,MURFREESBORO PKE,,,,1284.00,Feet,North,MOUNTAIN SPRINGS RD,,,,0.00,N,Not at Intersection,N,Non-Junction,None,,,         ,Nathaniel,Myers,Rain,HeadOn,no,no,no,no,no,False
101929770,BERRY HILL POLICE DEPT,18-0676,Davidson,Berry Hill,2/27/2018 7:04:00 PM,2,1,0,36.128910,-86.767460,BRANSFORD AV,,,,0.00,,,MOSS DR,,,,0.00,Y,OTHER,N,Non-Junction,None,,,         ,John,Gleixner,Clear,Angle,no,no,no,no,no,False
101929771,METROPOLITAN NASHVILLE POLICE DEPT,20180192633,Davidson,Nashville,2/28/2018 6:27:00 PM,2,0,0,36.134280,-86.780240,WEDGEWOOD AV,,,,98.00,Feet,East,BEECH AV,,,,0.00,N,Not at Intersection,N,Non-Junction,None,,,         ,Douglas,Sykes,Rain,Front to Rear,no,no,no,no,yes,False
101929772,METROPOLITAN NASHVILLE POLICE DEPT,20180192524,Davidson,Nashville,2/28/2018 5:53:00 PM,2,0,0,36.249700,-86.741500,I 65,,,,0.00,,,,,,,91.20,N,Not at Intersection, ,Non-Junction,None,,,         ,Christopher,Littles,Rain,Front to Rear,no,no,no,no,no,False
101929773,METROPOLITAN NASHVILLE POLICE DEPT,20180192623,Davidson,Goodlettsville,2/28/2018 6:29:00 PM,2,0,0,36.286150,-86.727600,I 65,,,,0.00,,,,,,,93.90,N,Not at Intersection, ,Non-Junction,None,,,         ,Christopher,Littles,Rain,Front to Rear,no,no,no,no,yes,False
101929777,METROPOLITAN NASHVILLE POLICE DEPT,20180192468,Davidson,Nashville,2/28/2018 5:32:00 PM,2,2,0,36.070180,-86.769860,I 65,,,,0.00,,,,,,,77.00,N,Not at Intersection,N,Non-Junction,None,,,         ,Edin,Plancic,Rain,Angle,no,no,no,no,no,False
101929778,METROPOLITAN NASHVILLE POLICE DEPT,20180192451,Davidson,Nashville,2/28/2018 5:15:00 PM,2,0,0,36.138780,-86.762470,4TH AVS,,,,0.00,,,CARNEY ST,,,,0.00,Y,T-Intersection, ,Intersection,None,,,         ,Eric,Keller,Rain,Front to Rear,no,no,no,no,no,False
101929780,METROPOLITAN NASHVILLE POLICE DEPT,2018-0192280,Davidson,Nashville,2/28/2018 4:30:00 PM,2,0,0,36.135790,-86.725050,SPENCE LN,,,,0.00,,,MURFREESBORO PKE,,,,0.00,Y,Four-Way, ,Intersection,None,,,         ,John,Roberson,Rain,Front to Rear,no,no,no,no,no,False
101929781,METROPOLITAN NASHVILLE POLICE DEPT,2018-0192233,Davidson,Nashville,2/28/2018 3:30:00 PM,2,0,0,36.143600,-86.769520,CHESTNUT ST,,,,0.00,,,MARTIN ST,,,,0.00,Y,T-Intersection, ,Intersection-Related,None,,,         ,John,Roberson,Rain,Front to Rear,no,no,no,no,no,False
101929786,METROPOLITAN NASHVILLE POLICE DEPT,20180192167,Davidson,Nashville,2/28/2018 4:12:00 PM,2,0,0,36.152040,-86.846500,CHARLOTTE AV,,,,151.00,Feet,West,49TH AVN,,,,0.00,N,Not at Intersection,N,Non-Junction,None,,,         ,Michael,Baggech,Rain,"Sideswipe, Same Direction",no,no,no,no,no,False
101929794,METROPOLITAN NASHVILLE POLICE DEPT,20180192605,Davidson,Nashville,2/28/2018 6:21:00 PM,2,1,0,36.184600,-86.610050,ANDREW JACKSON PKWY,,,,390.00,Feet,North,OLD HICKORY BLVD,,,,0.00,N,Not at Intersection,N,Non-Junction,None,,,         ,Craig,Gentry,Rain,Front to Rear,no,no,no,no,no,False
101929797,METROPOLITAN NASHVILLE POLICE DEPT,20180192546,Davidson,Nashville,2/28/2018 5:50:00 PM,3,1,0,36.124120,-86.743130,I 440,,,,0.00,,,,,,,6.65,N,Not at Intersection,N,Non-Junction,None,,,         ,Eric,Keller,Rain,Front to Rear,no,no,no,no,no,False
101929801,METROPOLITAN NASHVILLE POLICE DEPT,20180192673,Davidson,Nashville,2/28/2018 6:50:00 PM,2,0,0,36.171840,-86.764770,S 5TH ST,,,,0.00,,,WOODLAND ST,,,,0.00,Y,Four-Way, ,Intersection,None,,,         ,Richard,Conger,Rain,Angle,no,no,no,no,no,False
101929805,METROPOLITAN NASHVILLE POLICE DEPT,20180192591,Davidson,Nashville,2/28/2018 6:10:00 PM,2,0,0,36.148720,-86.666280,DONELSON PKE,,,,29.00,Feet,South,ELM HILL PKE,,,,0.00,N,Not at Intersection,N,Non-Junction,None,,,         ,Tyler,Maupin,Rain,Front to Rear,no,no,no,no,yes,False
101929822,METROPOLITAN NASHVILLE POLICE DEPT,20180192635,Davidson,Nashville,2/28/2018 6:36:00 PM,2,0,0,36.110760,-86.745130,NOLENSVILLE PKE,,,,68.00,Feet,South,THOMPSON LN,,,,0.00,N,Not at Intersection,N,Non-Junction,None,,,         ,YUNUS,ADAK,Rain,Front to Rear,no,no,no,no,yes,False
101929823,METROPOLITAN NASHVILLE POLICE DEPT,20180192423,Davidson,Nashville,2/28/2018 5:15:00 PM,2,1,0,36.143420,-86.746240,MURFREESBORO PKE,,,,434.00,Feet,East,PARRIS AV,,,,0.00,N,Not at Intersection,N,Non-Junction,None,,,         ,Johnathan,Pannell,Rain,Angle,no,no,no,no,no,False
101929824,METROPOLITAN NASHVILLE POLICE DEPT,20180192490,Davidson,Nashville,2/28/2018 5:40:00 PM,2,0,0,36.151660,-86.752350,I 40,,,,0.00,,,,,,,211.45,N,Not at Intersection,Y,Non-Junction,None,,,         ,Johnathan,Pannell,Rain,"Sideswipe, Same Direction",no,no,no,no,yes,False
101929829,METROPOLITAN NASHVILLE POLICE DEPT,20180192415,Davidson,Nashville,2/28/2018 5:00:00 PM,2,0,0,36.125790,-86.765870,BRANSFORD AV,,,,0.00,,,CRAIGHEAD ST,,,,0.00,Y,Four-Way, ,Intersection-Related,None,,,         ,Jacob,Paul,Rain,Angle,no,no,no,no,no,False
101929830,METROPOLITAN NASHVILLE POLICE DEPT,20180192530,Davidson,Nashville,2/28/2018 5:21:00 PM,2,1,0,36.085530,-86.690750,ANTIOCH PKE,,,,0.00,,,PERIMETER HILL DR,,,,0.00,Y,T-Intersection,N,Non-Junction,None,,,         ,William,Durham,Rain,Front to Rear,no,no,no,no,no,False
101929834,METROPOLITAN NASHVILLE POLICE DEPT,20180192539,Davidson,Nashville,2/28/2018 5:23:00 PM,2,0,0,36.154830,-86.805860,MURPHY AV,,,,62.00,Feet,East,22ND AVN,,,,0.00,N,Not at Intersection, ,Non-Junction,None,,,         ,Brandon,Hughes,Rain,Angle,no,no,no,no,no,False
101929835,METROPOLITAN NASHVILLE POLICE DEPT,20180192631,Davidson,Nashville,2/28/2018 12:00:00 AM,3,1,0,36.062140,-86.771780,I 65,,,,0.00,,,,,,,75.40,N,Not at Intersection,N,Non-Junction,None,,,         ,Akira,McSwain,Rain,Front to Rear,no,no,no,no,no,False
101929842,GOODLETTSVILLE POLICE DEPT,18-07747,Davidson,Goodlettsville,2/28/2018 6:00:00 PM,1,0,0,36.296800,-86.711960,ALTA LOMA RD,,,,0.00,,,COBBLESTONE PLACE DR,,,,0.00,Y,T-Intersection,N,Non-Junction,None,,,         ,Charles,Hauskin,Rain,Not Collision with Motor Vehicle in Transport,no,no,no,no,no,False
101929844,METROPOLITAN NASHVILLE POLICE DEPT,20180192687,Davidson,Not in City Limit,2/28/2018 6:48:00 PM,2,0,0,36.282480,-86.731420,I 65,,,,0.00,,,,,,,93.55,N,Not at Intersection,N,Non-Junction,None,,,         ,Christopher,Littles,Rain,"Sideswipe, Same Direction",no,no,no,no,yes,False
101929845,METROPOLITAN NASHVILLE POLICE DEPT,20180192722,Davidson,Not in City Limit,2/28/2018 7:02:00 PM,1,0,0,36.279750,-86.691140,MYATT DR,,,,100.00,Feet,South,MYATT INDUSTRIAL DR,,,,0.00,N,Not at Intersection,N,Non-Junction,None,,,         ,Christopher,Littles,Rain,Not Collision with Motor Vehicle in Transport,no,no,no,no,no,False
101929846,METROPOLITAN NASHVILLE POLICE DEPT,20180192812,Davidson,Not in City Limit,2/28/2018 8:00:00 PM,2,0,0,36.263910,-86.690300,STATE RT 45,,,,0.00,,,MYATT DR,,,,0.00,Y,Four-Way, ,Intersection,None,,,         ,Christopher,Littles,Rain,"Sideswipe, Same Direction",no,no,no,no,no,False
101929853,METROPOLITAN NASHVILLE POLICE DEPT,20180192701,Davidson,Nashville,2/28/2018 6:39:00 PM,2,1,0,36.111150,-86.771510,I 65,,,,0.00,,,,,,,79.85,N,Not at Intersection,N,Non-Junction,None,,,         ,Douglas,Sykes,Rain,Front to Rear,no,no,no,no,no,False
101929854,METROPOLITAN NASHVILLE POLICE DEPT,20180192787,Davidson,Nashville,2/28/2018 6:45:00 PM,1,0,0,36.082570,-86.651470,UNA ANTIOCH PKE,,,,204.00,Feet,North,PICCADILLY ROW,,,,0.00,N,Not at Intersection, ,Non-Junction,None,,,         ,Eric,Keller,Rain,Not Collision with Motor Vehicle in Transport,no,no,no,no,no,False
101929856,METROPOLITAN NASHVILLE POLICE DEPT,20180192736,Davidson,Nashville,2/28/2018 6:42:00 PM,2,0,0,36.105040,-86.819540,HILLSBORO CIR,,,,0.00,,,BANDYWOOD DR,,,,0.00,Y,T-Intersection, ,Non-Junction,None,,,         ,Michael,Baggech,Rain,Front to Rear,no,no,no,no,no,False
101929860,METROPOLITAN NASHVILLE POLICE DEPT,20180192574,Davidson,Not in City Limit,2/28/2018 6:01:00 PM,2,0,0,36.081700,-86.957120,I40 W EXT RAMP,,,,0.00,,,HIGHWAY 70S,,,,0.00,Y,OTHER, ,Entrance/Exit Ramp Related,None,,,         ,Marc,Kozen,Rain,"Sideswipe, Same Direction",no,no,no,no,no,False
101929869,METROPOLITAN NASHVILLE POLICE DEPT,2018-0192750,Davidson,Nashville,2/28/2018 6:20:00 PM,3,1,0,36.121370,-86.775450,KIRKWOOD AV,,,,0.00,,,FRANKLIN PKE,,,,0.00,Y,T-Intersection,N,Intersection,None,,,         ,John,Roberson,Rain,Front to Rear,no,no,no,no,no,False
101929872,METROPOLITAN NASHVILLE POLICE DEPT,20180192678,Davidson,Nashville,2/28/2018 7:00:00 PM,2,1,0,36.206360,-86.774690,W TRINITY LN,,,,338.00,Feet,East,I65 N ENT RAMP,,,,0.00,N,Not at Intersection,N,Non-Junction,None,,,         ,Joshua,Lackey,Rain,Front to Rear,no,no,no,no,yes,False
101929873,METROPOLITAN NASHVILLE POLICE DEPT,20180192521,Davidson,Nashville,2/28/2018 5:45:00 PM,2,0,0,36.098890,-86.871890,HEADY DR,,,,0.00,,,HIGHWAY 100,,,,0.00,Y,Four-Way, ,Intersection,None,,,         ,Ryan,Coll,Rain,Front to Rear,no,no,no,no,no,False
101929876,METROPOLITAN NASHVILLE POLICE DEPT,20180192885,Davidson,Nashville,2/28/2018 12:00:00 AM,2,0,0,36.035290,-86.783030,I 65,,,,0.00,,,,,,,74.30,N,Not at Intersection,N,Non-Junction,None,,,         ,Akira,McSwain,Rain,Front to Rear,no,no,no,no,yes,False
101929881,METROPOLITAN NASHVILLE POLICE DEPT,20180192693,Davidson,Not in City Limit,2/28/2018 6:05:00 PM,2,0,0,35.996870,-86.689890,NOLENSVILLE PKE,,,,0.00,Feet,,CONCORD RD,,,,0.00,Y,Four-Way, ,Intersection-Related,None,,,         ,Jacob,Paul,Rain,Front to Rear,no,no,no,no,no,False
101929883,METROPOLITAN NASHVILLE POLICE DEPT,20180192880,Davidson,Nashville,2/28/2018 8:20:00 PM,2,1,0,36.205920,-86.769070,W TRINITY LN,,,,136.00,Feet,West,E TRINITY LN,,,,0.00,N,Not at Intersection,N,Non-Junction,None,,,         ,Ethan,Usherwood,Rain,Front to Rear,no,no,no,yes,no,False
101929899,METROPOLITAN NASHVILLE POLICE DEPT,20180192704,Davidson,Nashville,2/28/2018 5:35:00 PM,2,0,0,36.147910,-86.807950,ELLISTON PL,,,,100.00,Feet,South,REIDHURST AV,,,,0.00,N,Not at Intersection, ,Non-Junction,None,,,         ,Eric,Burford,Rain,"Sideswipe, Same Direction",no,no,no,no,no,Campus
101929902,METROPOLITAN NASHVILLE POLICE DEPT,20180193102,Davidson,Nashville,2/28/2018 9:37:00 PM,1,0,0,36.170290,-86.765540,S 4TH ST,,,,0.00,,,RUSSELL ST,,,,0.00,Y,OTHER,Y,Intersection,None,,,         ,Barrett,Teague,Rain,Not Collision with Motor Vehicle in Transport,no,no,no,no,no,False
101929904,METROPOLITAN NASHVILLE POLICE DEPT,20180193126,Davidson,Nashville,2/28/2018 9:40:00 PM,2,0,0,36.145800,-86.741690,I 40,,,,0.00,,,,,,,212.20,N,Not at Intersection, ,Non-Junction,None,,,         ,Eric,Keller,Rain,"Sideswipe, Same Direction",no,no,no,no,no,False
101929906,METROPOLITAN NASHVILLE POLICE DEPT,20180192790,Davidson,Nashville,2/28/2018 7:35:00 PM,2,0,0,36.153980,-86.758380,I 40,,,,0.00,,,,,,,211.10,N,Not at Intersection,Y,Non-Junction,None,,,         ,Johnathan,Pannell,Rain,"Sideswipe, Same Direction",no,no,no,no,no,False
101929913,METROPOLITAN NASHVILLE POLICE DEPT,20180192419,Davidson,Nashville,2/28/2018 5:05:00 PM,2,0,0,36.124420,-86.833310,WOODLAWN DR,,,,0.00,,,WILSON BLVDS,,,,0.00,Y,Four-Way, ,Intersection-Related,None,,,         ,Torian,Cox,Rain,Angle,no,no,no,no,no,False
101929915,METROPOLITAN NASHVILLE POLICE DEPT,20180192563,Davidson,Not in City Limit,2/28/2018 6:00:00 PM,2,0,0,36.274630,-86.735500,I 65,,,,0.00,,,,,,,93.00,N,Not at Intersection, ,Non-Junction,None,,,         ,Michael,Thompson,Rain,Front to Rear,no,no,no,no,no,False
101929923,METROPOLITAN NASHVILLE POLICE DEPT,20180193128,Davidson,Nashville,2/28/2018 9:44:00 PM,2,0,0,36.152100,-86.690650,ELM HILL PKE,,,,0.00,,,BRILEY PKWYN,,,,0.00,Y,Four-Way,Y,Intersection,None,,,         ,Samuel,Sundra,Rain,Front to Rear,no,no,no,no,yes,False
101929928,METROPOLITAN NASHVILLE POLICE DEPT,2018-0193057,Davidson,Nashville,2/28/2018 8:53:00 PM,2,0,0,36.218010,-86.846390,PHIPPS DR,,,,190.00,Feet,North,CREEKWOODN,,,,0.00,N,Not at Intersection,N,Non-Junction,None,,,         ,Jason,Hogan,Rain,"Sideswipe, Opposite Direction",no,no,no,no,yes,False
101929965,METROPOLITAN NASHVILLE POLICE DEPT,20180193260,Davidson,Nashville,2/28/2018 9:43:00 PM,1,0,0,36.236970,-86.709000,PENNINGTON BEND RD,,,,664.00,Feet,North,BRILEY PKWYW,,,,0.00,N,Not at Intersection,N,Non-Junction,None,,,         ,Curtis,Fisher,Rain,Not Collision with Motor Vehicle in Transport,no,no,no,no,no,False
101929973,METROPOLITAN NASHVILLE POLICE DEPT,20180193279,Davidson,Nashville,2/28/2018 10:53:00 PM,2,0,0,36.150290,-86.857370,CHARLOTTE PKE,,,,0.00,,,ORLANDO AV,,,,0.00,Y,T-Intersection, ,Intersection,None,,,         ,Kevin,McGinniss,Rain,"Sideswipe, Opposite Direction",no,no,no,no,yes,False
101929984,METROPOLITAN NASHVILLE POLICE DEPT,20180193427,Davidson,Nashville,2/28/2018 11:49:00 PM,1,1,0,36.240650,-86.767420,BRILEY PKWYE,,,,248.00,Feet,South,BRILEY PKWYW,,,,0.00,N,Not at Intersection,N,Non-Junction,None,,,         ,Reuben,Hewit,Rain,Not Collision with Motor Vehicle in Transport,no,no,no,no,no,False
101929986,METROPOLITAN NASHVILLE POLICE DEPT,20180193580,Davidson,Not in City Limit,2/28/2018 12:00:00 AM,1,0,0,36.262750,-86.742650,PORT DR,,,,155.00,Feet,North,TUCKAHOE DR,,,,0.00,N,Not at Intersection,N,Non-Junction,None,,,         ,Ashton,Hill,Rain,Not Collision with Motor Vehicle in Transport,no,no,no,no,yes,False
101929988,METROPOLITAN NASHVILLE POLICE DEPT,20180193516,Davidson,Nashville,3/1/2018 12:21:00 AM,2,1,0,36.149400,-86.782380,I 40,,,,0.00,,,,,,,209.70,N,Not at Intersection,N,Non-Junction,None,,,         ,Daniel,Caruth,Rain,Not Collision with Motor Vehicle in Transport,no,no,no,no,no,False
101929990,BERRY HILL POLICE DEPT,18-0693,Davidson,Berry Hill,2/28/2018 11:30:00 PM,1,0,0,36.120390,-86.764590,MELROSE AV,,,,270.00,Feet,West,FOUR FORTY CENTER PVTDR,,,,0.00,N,Not at Intersection,N,Non-Junction,None,,,         ,Greg,Colson,Rain,Not Collision with Motor Vehicle in Transport,no,no,no,no,no,False
101929998,METROPOLITAN NASHVILLE POLICE DEPT,20180193649,Davidson,Nashville,3/1/2018 1:06:00 AM,2,0,0,36.175940,-86.772130,I 24,,,,0.00,,,,,,,48.00,N,Not at Intersection,N,Non-Junction,None,,,         ,Kelcey,Bell,Rain,"Sideswipe, Same Direction",no,no,no,no,yes,False
101930000,METROPOLITAN NASHVILLE POLICE DEPT,20180193452,Davidson,Nashville,2/28/2018 11:55:00 PM,1,0,0,36.026970,-86.615320,OLD HICKORY BLVD,,,,1441.00,Feet,South,LOGISTICS WAY,,,,0.00,N,Not at Intersection,N,Non-Junction,None,,,         ,Bashir,Popal,Rain,Not Collision with Motor Vehicle in Transport,no,no,no,no,no,False
101930003,METROPOLITAN NASHVILLE POLICE DEPT,20180193324,Davidson,Nashville,2/28/2018 12:00:00 AM,1,0,0,36.167300,-86.795620,I 40,,,,0.00,,,,,,,208.25,N,Not at Intersection,N,Non-Junction,None,,,         ,Austin,Childress,Rain,Not Collision with Motor Vehicle in Transport,no,no,no,no,yes,False
101930010,METROPOLITAN NASHVILLE POLICE DEPT,20180193610,Davidson,Nashville,3/1/2018 12:50:00 AM,1,0,0,36.085800,-86.868700,PAGE RD,,,,7.00,Feet,South,FORREST PARK DR,,,,0.00,N,Not at Intersection,N,Non-Junction,None,,,         ,Kenneth,Bray,Rain,Not Collision with Motor Vehicle in Transport,no,no,no,no,no,False
101930015,METROPOLITAN NASHVILLE POLICE DEPT,20180193855,Davidson,Antioch,3/1/2018 2:44:00 AM,1,0,0,36.081380,-86.593650,SMITH SPRINGS RD,,,,0.00,Feet,East,SCENIC LAKE CT,,,,0.00,N,Not at Intersection,N,Non-Junction,None,,,         ,Sandra,Fly,Rain,Not Collision with Motor Vehicle in Transport,no,no,no,yes,yes,False
101930025,METROPOLITAN NASHVILLE POLICE DEPT,20180193964,Davidson,Nashville,3/1/2018 3:50:00 AM,1,0,0,36.108840,-86.720220,I24 W EXT RAMP,,,,0.00,,,I 24,,,,0.00,Y,OTHER,Y,Entrance/Exit Ramp Related,None,,,         ,Erik,Dabbs,Rain,Not Collision with Motor Vehicle in Transport,no,no,no,no,yes,False
101930028,METROPOLITAN NASHVILLE POLICE DEPT,20180193569,Davidson,Nashville,3/1/2018 12:36:00 AM,2,2,0,36.139620,-86.800500,21ST AVS,,,,0.00,,,PIERCE AV,,,,0.00,Y,Four-Way,N,Intersection,None,,,         ,Eugene,Martino,Rain,Front to Rear,no,no,no,no,yes,Campus
101930032,METROPOLITAN NASHVILLE POLICE DEPT,20180193865,Davidson,Nashville,3/1/2018 12:00:00 AM,1,0,0,36.205000,-86.776470,I 65,,,,0.00,,,,,,,87.20,N,Not at Intersection,N,Non-Junction,None,,,         ,Douglas,Smith,Rain,Not Collision with Motor Vehicle in Transport,no,no,no,no,yes,False
101930040,METROPOLITAN NASHVILLE POLICE DEPT,20180194194,Davidson,Not in City Limit,3/1/2018 5:26:00 AM,1,0,0,36.291020,-86.901390,GRAYS POINT RD,,,,1174.00,Feet,West,CRAFT RD,,,,0.00,N,Not at Intersection, ,,None,,,         ,Armonty,Houston,,,no,no,no,no,no,False
101930045,METROPOLITAN NASHVILLE POLICE DEPT,20180194234,Davidson,Nashville,3/1/2018 5:40:00 AM,2,0,0,36.115760,-86.781580,I 440,,,,0.00,,,,,,,4.45,N,Not at Intersection,Y,Non-Junction,None,,,         ,Nakia,Reid,Rain,"Sideswipe, Same Direction",no,no,no,no,yes,False
101930050,METROPOLITAN NASHVILLE POLICE DEPT,20180194323,Davidson,Nashville,3/1/2018 6:45:00 AM,2,0,0,36.170100,-86.606900,CENTRAL PKE EXIT RAMP,,,,0.00,Feet,East,I 40,,,,0.00,N,Not at Intersection, ,Entrance/Exit Ramp Related,None,,,         ,Tien,Nguyen,Rain,Front to Rear,no,no,no,no,no,False
101930061,METROPOLITAN NASHVILLE POLICE DEPT,20180194372,Davidson,Nashville,3/1/2018 7:18:00 AM,2,0,0,36.145950,-86.666600,ROYAL PKWY,,,,0.00,Feet,,DONELSON PKE,,,,0.00,Y,Four-Way, ,Intersection,None,,,         ,Larry,Benz,Rain,Front to Rear,no,no,no,no,no,False
101930084,METROPOLITAN NASHVILLE POLICE DEPT,20180194415,Davidson,Nashville,3/1/2018 7:37:00 AM,2,1,0,36.229720,-86.732500,SAUNDERS AV,,,,0.00,Feet,East,BROADMOOR DR,,,,0.00,N,Not at Intersection, ,Non-Junction,None,,,         ,Joseph,Progar,Rain,Angle,no,no,no,no,no,False
101930096,METROPOLITAN NASHVILLE POLICE DEPT,20180194470,Davidson,Nashville,3/1/2018 8:00:00 AM,1,0,0,36.157790,-86.759860,I 24,,,,0.00,,,,,,,49.60,N,Not at Intersection, ,,None,,,         ,Nathan,Mayo,,,no,no,no,no,no,False
101930099,METROPOLITAN NASHVILLE POLICE DEPT,20180194465,Davidson,Nashville,3/1/2018 8:03:00 AM,2,0,0,36.163790,-86.779040,4TH AVN,,,,42.00,Feet,North,CHURCH ST,,,,0.00,N,Not at Intersection,N,Non-Junction,None,,,         ,Brenna,Hosey,Rain,"Sideswipe, Same Direction",no,no,no,no,yes,False
101930101,METROPOLITAN NASHVILLE POLICE DEPT,20180194467,Davidson,Nashville,3/1/2018 7:57:00 AM,2,0,0,36.151880,-86.679270,ELM HILL PKE,,,,505.00,Feet,East,AIRWAYS CIR,,,,0.00,N,Not at Intersection,N,Non-Junction,None,,,         ,Tien,Nguyen,Rain,Front to Rear,no,no,no,no,no,False
101930108,METROPOLITAN NASHVILLE POLICE DEPT,20180194480,Davidson,Nashville,3/1/2018 8:00:00 AM,2,0,0,36.026900,-86.680830,PETTUS RD,,,,0.00,,,OLD HICKORY BLVD,,,,0.00,Y,T-Intersection, ,Intersection,None,,,         ,Charles,Coe,Rain,Front to Rear,no,no,no,no,yes,False
101930110,METROPOLITAN NASHVILLE POLICE DEPT,20180194539,Davidson,Nashville,3/1/2018 8:29:00 AM,1,0,0,36.116280,-86.771790,I 440,,,,0.00,,,,,,,5.00,N,Not at Intersection, ,,None,,,         ,Jon,Mcvey,,,no,no,no,no,no,False
101930111,METROPOLITAN NASHVILLE POLICE DEPT,20180194414,Davidson,Nashville,3/1/2018 7:34:00 AM,3,1,0,36.040170,-86.768380,CLOVERLAND DR,,,,50.00,Feet,South,OLD HICKORY BLVD,,,,0.00,N,Not at Intersection,N,Non-Junction,None,,,         ,Samuel,Miller,Rain,Front to Rear,no,no,no,no,no,False
101930120,METROPOLITAN NASHVILLE POLICE DEPT,20180194544,Davidson,Nashville,3/1/2018 8:30:00 AM,1,0,0,36.216200,-86.812898,MOORMANS ARM RD,,,,0.00,Miles,North,CROUCH DR,,US,,0.00,N,Not at Intersection, ,Non-Junction,None,,,         ,Zachary,Goodall,Rain,Not Collision with Motor Vehicle in Transport,no,no,no,no,no,False