master_record_number,agency,agency_tracking_number,county,city,collision_date,vehicles_involved,number_injured,number_dead,latitude,longitude,roadway_name,roadway_suffix,roadway_number,roadway_local_id,distance_from_reference,miles-feet_indicator,direction_from_reference,intersection_road_name,intersection_road_name_suffix,intersection_road_number,intersection_local_id,mile_marker,intersection_indicator,intersect_type,interchange_related_indicator,relation_to_junction,work_zone_type,construction_maintenance_zone,construction_maintenance_zone_location,fatal_case_number,officer_first_name,officer_last_name,weather_condition(s),manner_of_crash,pedestrian,bicycle,scooter,parking,hitrun,mou
101931143,METROPOLITAN NASHVILLE POLICE DEPT,20180198150,Davidson,Goodlettsville,3/2/2018 9:39:00 AM,2,0,0,36.302750,-86.691850,RIVERGATE MARKETPLACE PVTDR,,,,0.00,,,GALLATIN PKEN,,,,0.00,Y,T-Intersection, ,,None,,,         ,Eric,Richardson,,,no,no,no,no,no,False
101931144,METROPOLITAN NASHVILLE POLICE DEPT,2018-0198133,Davidson,Antioch,3/2/2018 9:54:00 AM,1,0,0,36.070590,-86.578640,HOBSON PKE,,,,48.00,Feet,West,SOUTH HAMPTON BLVD,,,,0.00,N,Not at Intersection,N,Non-Junction,None,,,         ,William,Whitworth,Clear,Not Collision with Motor Vehicle in Transport,no,no,no,no,no,False
101931147,METROPOLITAN NASHVILLE POLICE DEPT,20180198253,Davidson,Nashville,3/2/2018 10:56:00 AM,2,0,0,36.200950,-86.739940,GALLATIN PKE,,,,0.00,,,BURCHWOOD AV,,,,0.00,Y,T-Intersection, ,Intersection-Related,None,,,         ,Jason,Hees,Clear,Angle,no,no,no,no,no,False
101931183,BELLE MEADE POLICE DEPT,18-0050,Davidson,Belle Meade,3/2/2018 11:07:00 AM,2,0,0,36.114990,-86.861250,DAVIDSON RD,,,,0.00,,,HARDING PKE,,,,0.00,Y,T-Intersection, ,Intersection,None,,,         ,Charles,Williams,Clear,Front to Rear,no,no,no,no,no,False
101931184,METROPOLITAN NASHVILLE POLICE DEPT,20180198303,Davidson,Nashville,3/2/2018 11:13:00 AM,2,0,0,36.069330,-86.690820,I24 E EXT RAMP,,,,0.00,Feet,East,I 24,,,,0.00,N,Not at Intersection,N,Non-Junction,None,,,         ,Jessie,Meadows,Clear,Front to Rear,no,no,no,no,no,False
101931193,METROPOLITAN NASHVILLE POLICE DEPT,20180198430,Davidson,Nashville,3/2/2018 12:33:00 PM,2,1,0,36.145720,-86.871190,CHARLOTTE PKE,,,,194.00,Feet,West,WESTBORO DR,,,,0.00,N,Not at Intersection,N,Non-Junction,None,,,         ,Curtis,Rich,Clear,Front to Rear,no,no,no,no,no,False
101931215,METROPOLITAN NASHVILLE POLICE DEPT,20180198388,Davidson,Nashville,3/2/2018 11:45:00 AM,2,0,0,36.122570,-86.790110,12TH AVS,,,,0.00,,,HALCYON AV,,,,0.00,Y,Four-Way, ,Intersection-Related,None,,,         ,Raymond,Flaherty,Clear,"Sideswipe, Same Direction",no,no,no,no,no,False
101931216,METROPOLITAN NASHVILLE POLICE DEPT,20180198001,Davidson,Nashville,3/2/2018 8:57:00 AM,2,0,0,36.206160,-86.772100,W TRINITY LN,,,,300.00,Feet,West,LUCAS LN,,,,0.00,N,Not at Intersection, ,,None,,,         ,Joseph,Progar,,,no,no,no,no,no,False
101931221,METROPOLITAN NASHVILLE POLICE DEPT,2018-0198340,Davidson,Nashville,3/2/2018 11:34:00 AM,2,1,0,36.089590,-86.688520,HARDING INDUSTRIAL DR,,,,0.00,,,HARDING PL,,,,0.00,Y,Four-Way,N,Intersection,None,,,         ,William,Whitworth,Clear,Front to Rear,no,no,no,no,no,False
101931223,METROPOLITAN NASHVILLE POLICE DEPT,20180198477,Davidson,Nashville,3/2/2018 12:00:00 AM,2,1,0,36.171390,-86.799010,I 40,,,,0.00,,,,,,,207.90,N,Not at Intersection,N,Entrance/Exit Ramp Related,None,,,         ,Brian,Mclarty,Clear,Front to Rear,no,no,no,no,no,False
101931318,METROPOLITAN NASHVILLE POLICE DEPT,20180198515,Davidson,Nashville,3/2/2018 12:53:00 PM,2,0,0,36.192970,-86.801830,ROSA L PARKS BLVD,,,,0.00,,,ATHENS WAY,,,,0.00,Y,Four-Way,N,Intersection-Related,None,,,         ,Chase,Burnett,Clear,"Sideswipe, Same Direction",no,no,no,no,yes,False
101931327,METROPOLITAN NASHVILLE POLICE DEPT,20180198497,Davidson,Nashville,3/2/2018 12:47:00 PM,1,0,0,36.216387,-86.800838,WHITES CREEK PIKE,,,,0.00,Miles,West,MOORMANS ARM RD,,,,0.00,N,Not at Intersection, ,Non-Junction,None,,,         ,Zachary,Goodall,Clear,Not Collision with Motor Vehicle in Transport,no,no,no,no,no,False
101931335,METROPOLITAN NASHVILLE POLICE DEPT,20180197834,Davidson,Nashville,3/2/2018 7:45:00 AM,3,0,0,36.200580,-86.688870,BRILEY PKWYS,,,,451.00,Feet,North,BRILEY PKWY S EXT RAMP,,,,0.00,N,Not at Intersection, ,Non-Junction,None,,,         ,James,Curtis,Clear,Front to Rear,no,no,no,no,no,False
101931336,METROPOLITAN NASHVILLE POLICE DEPT,20180198461,Davidson,Nashville,3/2/2018 12:39:00 PM,2,0,0,36.127400,-86.707250,PATRICIA DR,,,,74.00,Feet,North,THOMPSON PL,,,,0.00,N,Not at Intersection, ,Non-Junction,None,,,         ,James,Curtis,Clear,Front to Rear,no,no,no,no,yes,False
101931337,METROPOLITAN NASHVILLE POLICE DEPT,20180198196,Davidson,Nashville,3/2/2018 9:01:00 AM,2,0,0,36.168240,-86.690170,BRILEY PKWY S EXT RAMP,,,,0.00,,,LEBANON PKE,,,,0.00,Y,T-Intersection, ,,None,,,         ,James,Curtis,,,no,no,no,no,no,False
101931338,METROPOLITAN NASHVILLE POLICE DEPT,20180198129,Davidson,Nashville,3/2/2018 9:12:00 AM,2,0,0,36.153100,-86.764780,I24 W ENT RAMP,,,,0.00,,,I 40,,,,0.00,Y,OTHER,N,Non-Junction,None,,,         ,James,Curtis,Clear,"Sideswipe, Same Direction",no,no,no,no,yes,False
101931356,METROPOLITAN NASHVILLE POLICE DEPT,20180198498,Davidson,Nashville,3/2/2018 12:59:00 PM,2,1,0,36.079390,-86.632600,EDGE O LAKE DR,,,,11.00,Feet,North,BELL RD,,,,0.00,N,Not at Intersection,N,Non-Junction,None,,,         ,Darren,White,Clear,Angle,no,no,no,no,no,False
101931359,METROPOLITAN NASHVILLE POLICE DEPT,20180198576,Davidson,Nashville,3/2/2018 1:30:00 PM,2,0,0,36.154140,-86.764900,LINDSLEY AV,,,,93.00,Feet,East,ACADEMY PL,,,,0.00,N,Not at Intersection, ,Non-Junction,None,,,         ,James,Thornton,Clear,"Sideswipe, Same Direction",no,no,no,no,no,False
101931377,METROPOLITAN NASHVILLE POLICE DEPT,20180198547,Davidson,Nashville,3/2/2018 1:21:00 PM,2,1,0,36.150390,-86.785290,I 40,,,,0.00,,,,,,,209.50,N,Not at Intersection,N,Non-Junction,None,,,         ,Raymond,Flaherty,Clear,Front to Rear,no,no,no,no,no,False
101931381,BELLE MEADE POLICE DEPT,18-0049,Davidson,Belle Meade,3/2/2018 8:44:00 AM,4,0,0,36.122630,-86.850850,HARDING PKE,,,,100.00,Feet,East,LYNNWOOD BLVD,,,,0.00,N,Not at Intersection, ,Non-Junction,None,,,         ,Wes,Bowker,Clear,Front to Rear,no,no,no,no,no,False
101931382,METROPOLITAN NASHVILLE POLICE DEPT,20180198317,Davidson,Nashville,3/2/2018 11:28:00 AM,1,5,0,36.218150,-86.804120,MOORMANS ARM RD,,,,188.00,Feet,West,WHITES CREEK PKE,,,,0.00,N,Not at Intersection,N,Non-Junction,None,,,         ,Royce,McLester,Clear,Not Collision with Motor Vehicle in Transport,no,no,no,yes,no,False
101931392,METROPOLITAN NASHVILLE POLICE DEPT,20180198384,Davidson,Nashville,3/2/2018 12:05:00 PM,2,0,0,36.160760,-86.793690,CHARLOTTE AV,,,,0.00,,,14TH AVN,,,,0.00,Y,Four-Way, ,Intersection,None,,,         ,Michael,McCord,Clear,Angle,no,no,no,no,no,False
101931404,METROPOLITAN NASHVILLE POLICE DEPT,20180198651,Davidson,Nashville,3/2/2018 1:40:00 PM,2,0,0,36.160910,-86.793320,CHARLOTTE AV,,,,0.00,,,I40 E EXT RAMP,,,,0.00,Y,Four-Way, ,Intersection-Related,None,,,         ,Chase,Burnett,Clear,"Sideswipe, Same Direction",no,no,no,no,no,False
101931411,METROPOLITAN NASHVILLE POLICE DEPT,20180198596,Davidson,Nashville,3/2/2018 1:40:00 PM,2,0,0,36.151570,-86.768510,2ND AVS,,,,94.00,Feet,North,I40 E ENT RAMP,,,,0.00,N,Not at Intersection, ,Non-Junction,None,,,         ,Cody,O'Quinn,Clear,"Sideswipe, Same Direction",no,no,no,no,no,False
101931412,METROPOLITAN NASHVILLE POLICE DEPT,2018-0198598,Davidson,Nashville,3/2/2018 12:37:00 PM,2,0,0,36.042550,-86.711000,NOLENSVILLE PKE,,,,199.00,Feet,East,MILL CREEK WHITTLEMORE GRNWY,,,,0.00,N,Not at Intersection,N,OtherLocation,None,,,         ,William,Whitworth,Clear,Angle,no,no,no,yes,yes,False
101931417,METROPOLITAN NASHVILLE POLICE DEPT,20180198635,Davidson,Nashville,3/2/2018 1:18:00 PM,2,0,0,36.137570,-86.800760,WEDGEWOOD AV,,,,0.00,,,21ST AVS,,,,0.00,Y,Four-Way, ,Intersection,None,,,         ,William,Caillouette,Clear,"Sideswipe, Same Direction",no,no,no,no,no,Campus
101931426,METROPOLITAN NASHVILLE POLICE DEPT,20180198479,Davidson,Nashville,3/2/2018 12:40:00 PM,3,0,0,36.143720,-86.701970,I 40,,,,0.00,,,,,,,214.60,N,Not at Intersection, ,Non-Junction,None,,,         ,Chad,Turnbow,Clear,Front to Rear,no,no,no,no,no,False
101931448,METROPOLITAN NASHVILLE POLICE DEPT,20180198595,Davidson,Nashville,3/2/2018 1:36:00 PM,2,0,0,36.164380,-86.779410,4TH AVN,,,,283.00,Feet,North,CHURCH ST,,,,0.00,N,Not at Intersection, ,,Construction Zone,,,         ,Frank,Campbell,,,no,no,no,no,no,False
101931459,METROPOLITAN NASHVILLE POLICE DEPT,20180198723,Davidson,Nashville,3/2/2018 2:20:00 PM,2,0,0,36.168350,-86.656860,STEWARTS FERRY PKE,,,,0.00,,,MUNN RD,,,,0.00,Y,Four-Way,Y,Intersection,None,,,         ,Allyson,Reis,Clear,Front to Rear,no,no,no,no,yes,False
101931483,METROPOLITAN NASHVILLE POLICE DEPT,20180198650,Davidson,Nashville,3/2/2018 2:14:00 PM,3,0,0,36.206270,-86.773480,W TRINITY LN,,,,0.00,,,I65 N ENT RAMP,,,,0.00,Y,T-Intersection,N,Intersection,None,,,         ,Patrick,Taylor,Clear,Front to Rear,no,no,no,no,no,False
101931537,METROPOLITAN NASHVILLE POLICE DEPT,20180198786,Davidson,Nashville,3/2/2018 3:21:00 PM,2,0,0,36.171850,-86.767900,JAMES ROBERTSON PKWY,,,,0.00,,,ELLINGTON PKWY N ENT RAMP,,,,0.00,Y,Y-Intersection,N,Non-Junction,None,,,         ,Hunter,Fikes,Clear,Front to Rear,no,no,no,no,no,False
101931541,METROPOLITAN NASHVILLE POLICE DEPT,20180198773,Davidson,Nashville,3/2/2018 3:20:00 PM,2,1,0,36.095540,-86.737340,NOLENSVILLE PKE,,,,108.00,Feet,South,WHEELER AV,,,,0.00,N,Not at Intersection,N,Non-Junction,None,,,         ,Devonte,Coleman,Clear,Front to Rear,no,no,no,no,no,False
101931564,THP District 9 - Administrative,318012579,Davidson,Nashville,3/2/2018 10:45:00 AM,2,0,0,36.201820,-86.776600,I 65,,,,0.00,,,,,,,87.00,N,Not at Intersection, ,Non-Junction,None,,,         ,Javier,Allen,Clear,Front to Rear,no,no,no,no,yes,False
101931572,METROPOLITAN NASHVILLE POLICE DEPT,20180198802,Davidson,Nashville,3/2/2018 3:20:00 PM,2,0,0,36.092070,-86.762360,I 65,,,,0.00,,,,,,,78.50,N,Not at Intersection, ,Non-Junction,None,,,         ,Conor,Cronin,Clear,Front to Rear,no,no,no,no,no,False
101931575,METROPOLITAN NASHVILLE POLICE DEPT,20180198830,Davidson,Nashville,3/2/2018 3:30:00 PM,2,0,0,36.110940,-86.767210,POWELL AV,,,,0.00,Feet,East,OLD POWELL AV,,,,0.00,N,Not at Intersection, ,,None,,,         ,Gregory,Scott,,,no,no,no,no,no,False
101931583,METROPOLITAN NASHVILLE POLICE DEPT,20180198776,Davidson,Nashville,3/2/2018 1:50:00 PM,2,0,0,36.115250,-86.862780,DAVIDSON RD,,,,0.00,,,POST RD,,,,0.00,Y,T-Intersection, ,Intersection,None,,,         ,Regina,Lewis,Clear,Front to Rear,no,no,no,no,no,False
101931619,METROPOLITAN NASHVILLE POLICE DEPT,20180198692,Davidson,Not in City Limit,3/2/2018 2:41:00 PM,3,0,0,36.260370,-86.712860,HICKORY ST,,,,0.00,,,GALLATIN PKES,,,,0.00,Y,T-Intersection,N,Non-Junction,None,,,         ,Christopher,Littles,Clear,Angle,no,no,no,no,no,False
101931620,METROPOLITAN NASHVILLE POLICE DEPT,20180198926,Davidson,Not in City Limit,3/2/2018 4:09:00 PM,2,0,0,36.266740,-86.791620,I 24,,,,0.00,,,,,,,41.40,N,Not at Intersection, ,Non-Junction,None,,,         ,Christopher,Littles,Clear,Front to Rear,no,no,no,no,no,False
101931622,BERRY HILL POLICE DEPT,18-0719,Davidson,Berry Hill,3/2/2018 3:30:00 PM,3,0,0,36.119440,-86.765900,BRANSFORD AV,,,,173.00,Feet,South,MELROSE AV,,,,0.00,N,Not at Intersection,N,Non-Junction,None,,,         ,Stephen,Reece,Clear,Front to Rear,no,no,no,no,no,False
101931628,METROPOLITAN NASHVILLE POLICE DEPT,20180198866,Davidson,Nashville,3/2/2018 3:35:00 PM,2,0,0,36.152240,-86.841000,CHARLOTTE AV,,,,27.00,Feet,West,45TH AVN,,,,0.00,N,Not at Intersection,N,Non-Junction,None,,,         ,Ryan,Coll,Clear,Angle,no,no,no,no,no,False
101931630,VANDERBILT UNIVERSITY POLICE,20180195480,Davidson,Nashville,3/1/2018 3:32:00 PM,2,0,0,36.140550,-86.802280,MEDICAL CENTER DR,,,,0.00,,,,,,,0.00,,,N,Non-Junction,None,,,         ,Lydell,Reedy,Cloudy,Angle,no,no,no,yes,no,Campus
101931632,METROPOLITAN NASHVILLE POLICE DEPT,20180198931,Davidson,Nashville,3/2/2018 4:22:00 PM,2,0,0,36.153830,-86.757970,I 40,,,,0.00,,,,,,,211.10,N,Not at Intersection, ,,None,,,         ,Johnathan,Pannell,,,no,no,no,no,no,False
101931638,METROPOLITAN NASHVILLE POLICE DEPT,20180198699,Davidson,Nashville,3/2/2018 2:26:00 PM,2,0,0,36.134010,-86.775330,I 65,,,,0.00,,,,,,,81.35,N,Not at Intersection, ,Non-Junction,None,,,         ,Jacob,Paul,Clear,"Sideswipe, Same Direction",no,no,no,no,yes,False
101931640,METROPOLITAN NASHVILLE POLICE DEPT,20180198801,Davidson,Goodlettsville,3/2/2018 3:24:00 PM,2,2,0,36.290130,-86.703890,GALLATIN PKEN,,,,247.00,Feet,South,ALTUS AV,,,,0.00,N,Not at Intersection,N,Non-Junction,None,,,         ,DuJuan,Kendrick,Clear,HeadOn,no,no,no,no,no,False
101931653,METROPOLITAN NASHVILLE POLICE DEPT,20180198935,Davidson,Nashville,3/2/2018 4:15:00 PM,3,0,0,36.149130,-86.773970,I 40,,,,0.00,,,,,,,210.20,N,Not at Intersection,N,Non-Junction,None,,,         ,Randall,Ward,Clear,Front to Rear,no,no,no,no,no,False
101931668,METROPOLITAN NASHVILLE POLICE DEPT,20180198883,Davidson,Nashville,3/2/2018 4:01:00 PM,2,1,0,36.228600,-86.759410,DICKERSON PKE,,,,286.00,Feet,South,BROADMOOR DR,,,,0.00,N,Not at Intersection,N,Non-Junction,None,,,         ,Cody,Jaworski,Clear,Angle,no,no,no,no,yes,False
101931670,METROPOLITAN NASHVILLE POLICE DEPT,20180198970,Davidson,Nashville,3/2/2018 4:30:00 PM,2,0,0,36.155400,-86.765520,HERMITAGE AV,,,,200.00,Feet,East,ACADEMY PL,,,,0.00,N,Not at Intersection, ,Non-Junction,None,,,         ,Jason,King,Clear,Front to Rear,no,no,no,no,no,False
101931671,METROPOLITAN NASHVILLE POLICE DEPT,20180198721,Davidson,Nashville,3/2/2018 1:25:00 PM,2,0,0,36.124990,-86.752200,NOLENSVILLE PKE,,,,0.00,,,ROSEDALE AV,,,,0.00,Y,T-Intersection, ,Intersection,None,,,         ,Brandon,Hughes,Clear,Angle,no,no,no,no,no,False
101931680,METROPOLITAN NASHVILLE POLICE DEPT,20180198857,Davidson,Nashville,3/2/2018 3:03:00 PM,2,0,0,36.199590,-86.620620,OLD HICKORY BLVD,,,,37.00,Feet,North,LEBANON PKE WB EXT RAMP,,,,0.00,N,Not at Intersection, ,Non-Junction,None,,,         ,Zachariah,Bush,Clear,Angle,no,no,no,no,no,False
101931683,METROPOLITAN NASHVILLE POLICE DEPT,20180198989,Davidson,Nashville,3/2/2018 3:45:00 PM,2,0,0,36.117290,-86.748920,WOODBINE ST,,,,132.00,Feet,West,NOLENSVILLE PKE,,,,0.00,N,Not at Intersection, ,Non-Junction,None,,,         ,Conor,Cronin,Clear,Front to Rear,no,no,no,no,no,False
101931687,METROPOLITAN NASHVILLE POLICE DEPT,20180198846,Davidson,Nashville,3/2/2018 2:30:00 PM,3,0,0,36.149440,-86.747550,I 40,,,,0.00,,,,,,,211.75,N,Not at Intersection, ,Non-Junction,None,,,         ,Jessica,Johann,Clear,Front to Rear,no,no,no,no,no,False
101931708,METROPOLITAN NASHVILLE POLICE DEPT,20180199014,Davidson,Nashville,3/2/2018 4:30:00 PM,2,0,0,36.149060,-86.667620,ELM HILL PKE,,,,0.00,,,NELSON PL,,,,0.00,Y,OTHER,N,Intersection-Related,None,,,         ,Darci,Stechman,Clear,Other,no,no,no,no,no,False
101931717,METROPOLITAN NASHVILLE POLICE DEPT,20180198957,Davidson,Nashville,3/2/2018 4:32:00 PM,2,1,0,36.148460,-86.780830,I 40,,,,0.00,,,,,,,209.80,N,Not at Intersection, ,Non-Junction,None,,,         ,FELIKS,ABRAHAMYAN,Clear,Front to Rear,no,no,no,no,no,False
101931719,METROPOLITAN NASHVILLE POLICE DEPT,20180198973,Davidson,Nashville,3/2/2018 4:36:00 PM,3,0,0,36.051250,-86.883810,OLD HICKORY BLVD,,,,495.00,Feet,East,EDINBURGH DR,,,,0.00,N,Not at Intersection,N,Non-Junction,None,,,         ,Robert,Crow,Clear,Front to Rear,no,no,no,no,no,False
101931724,METROPOLITAN NASHVILLE POLICE DEPT,20180198675,Davidson,Nashville,3/2/2018 2:30:00 PM,2,0,0,36.147360,-86.758090,LAFAYETTE ST,,,,54.00,Feet,West,FAIRFIELD AV,,,,0.00,N,Not at Intersection,N,Non-Junction,None,,,         ,Jessie,Meadows,Clear,HeadOn,no,no,no,no,no,False
101931725,METROPOLITAN NASHVILLE POLICE DEPT,20180199127,Davidson,Nashville,3/2/2018 5:40:00 PM,2,0,0,36.084540,-86.710790,SPARTAN DR,,,,249.00,Feet,East,TAMPA DR,,,,0.00,N,Not at Intersection, ,Non-Junction,None,,,         ,Jessie,Meadows,Cloudy,"Sideswipe, Opposite Direction",no,no,no,no,no,False
101931726,METROPOLITAN NASHVILLE POLICE DEPT,20180198937,Davidson,Nashville,3/2/2018 4:16:00 PM,2,0,0,36.166200,-86.765880,SHELBY AV,,,,0.00,,,INTERSTATE DR,,,,0.00,Y,Four-Way, ,Non-Junction,None,,,         ,Michael,Douglas,Clear,Angle,no,no,no,no,no,False
101931727,METROPOLITAN NASHVILLE POLICE DEPT,20180198983,Davidson,Nashville,3/2/2018 4:40:00 PM,2,1,0,36.132210,-86.706220,PATRICIA DR,,,,358.00,Feet,North,HAROLD DR,,,,0.00,N,Not at Intersection,N,Non-Junction,None,,,         ,Brady,Reynolds,Clear,"Sideswipe, Same Direction",no,no,no,no,no,False
101931739,METROPOLITAN NASHVILLE POLICE DEPT,20180199074,Davidson,Not in City Limit,3/2/2018 3:07:00 PM,2,0,0,36.079620,-86.960000,I 40,,,,0.00,,,,,,,196.10,N,Not at Intersection, ,Non-Junction,None,,,         ,Albert,Wilson,Clear,Front to Rear,no,no,no,no,no,False
101931741,METROPOLITAN NASHVILLE POLICE DEPT,20180199135,Davidson,Not in City Limit,3/2/2018 4:19:00 PM,2,1,0,36.264130,-86.725680,OLD HICKORY BLVDW,,,,156.00,Feet,West,BEVERLY DR,,,,0.00,N,Not at Intersection,N,Non-Junction,None,,,         ,Carey,Steel,Clear,Front to Rear,no,no,no,no,yes,False
101931759,METROPOLITAN NASHVILLE POLICE DEPT,20180199130,Davidson,Nashville,3/2/2018 12:00:00 AM,2,0,0,36.187600,-86.820900,CLARKSVILLE PKE,,,,242.00,Feet,East,ROSA L PARKS BLVD,,,,0.00,N,Not at Intersection, ,Non-Junction,None,,,         ,Melvin,Taylor,Clear,"Sideswipe, Same Direction",no,no,no,no,no,False
101931760,METROPOLITAN NASHVILLE POLICE DEPT,20180199149,Davidson,Not in City Limit,3/2/2018 4:35:00 PM,2,0,0,36.264130,-86.725680,OLD HICKORY BLVDW,,,,156.00,Feet,West,BEVERLY DR,,,,0.00,N,Not at Intersection, ,Non-Junction,None,,,         ,Peter,Vaught,Clear,Angle,no,no,no,no,no,False
101931769,METROPOLITAN NASHVILLE POLICE DEPT,20180198944,Davidson,Nashville,3/2/2018 2:30:00 PM,2,0,0,36.076130,-86.768220,LAMBERT DR,,,,236.00,Feet,North,SILLS CT,,,,0.00,N,Not at Intersection,N,Non-Junction,None,,,         ,Jacob,Paul,Clear,Front to Rear,no,no,no,no,yes,False
101931785,METROPOLITAN NASHVILLE POLICE DEPT,20180199202,Davidson,Nashville,3/2/2018 5:40:00 PM,2,0,0,36.105620,-86.772810,FRANKLIN PKE,,,,57.00,Feet,North,CALDWELL LN,,,,0.00,N,Not at Intersection, ,Non-Junction,None,,,         ,Conor,Cronin,Clear,Angle,no,no,no,no,no,False
101931788,METROPOLITAN NASHVILLE POLICE DEPT,20180199246,Davidson,Nashville,3/2/2018 6:00:00 PM,2,0,0,36.131810,-86.726750,I 24,,,,0.00,,,,,,,52.05,N,Not at Intersection, ,,None,,,         ,Brady,Reynolds,,,no,no,no,no,no,False
101931791,BERRY HILL POLICE DEPT,18-0703,Davidson,Berry Hill,3/1/2018 12:00:00 AM,2,0,0,36.121050,-86.767230,BERRY RD,,,,0.00,,,,,,,0.00,,, ,,None,,,         ,John,Gleixner,,,no,no,no,yes,no,False
101931792,METROPOLITAN NASHVILLE POLICE DEPT,20180198988,Davidson,Nashville,3/2/2018 5:19:00 PM,2,0,0,36.155590,-86.771070,2ND AVS,,,,0.00,,,LEA AV,,,,0.00,Y,Four-Way, ,Non-Junction,None,,,         ,Roy,Sain Jr.,Clear,"Sideswipe, Same Direction",no,no,no,no,no,False
101931793,METROPOLITAN NASHVILLE POLICE DEPT,20180198950,Davidson,Nashville,3/2/2018 4:23:00 PM,2,0,0,36.163310,-86.761780,I 24,,,,0.00,,,,,,,49.25,N,Not at Intersection, ,Entrance/Exit Ramp Related,None,,,         ,Richard,Conger,Clear,"Sideswipe, Same Direction",no,no,no,no,no,False
101931797,METROPOLITAN NASHVILLE POLICE DEPT,20180199136,Davidson,Not in City Limit,3/2/2018 3:15:00 PM,3,0,0,36.082040,-86.967830,HIGHWAY 70S,,,,725.00,Feet,South,SADDLE RIDGE CT,,,,0.00,N,Not at Intersection, ,Non-Junction,None,,,         ,Ryan,Coll,Clear,Front to Rear,no,no,no,no,no,False
101931815,METROPOLITAN NASHVILLE POLICE DEPT,20180199273,Davidson,Nashville,3/2/2018 6:36:00 PM,2,1,0,36.232280,-86.784980,EWING DR,,,,1000.00,Feet,East,EWING LN,,,,0.00,N,Not at Intersection,N,Non-Junction,None,,,         ,Justin,Vaughn,Clear,Front to Rear,no,no,no,no,yes,False
101931819,METROPOLITAN NASHVILLE POLICE DEPT,20180199166,Davidson,Nashville,3/2/2018 5:47:00 PM,2,0,0,36.073960,-86.734970,BLACKMAN RD,,,,0.00,,,OVERCREST DR,,,,0.00,Y,T-Intersection, ,Intersection-Related,None,,,         ,Jacob,Paul,Clear,Front to Rear,no,no,no,no,no,False
101931831,METROPOLITAN NASHVILLE POLICE DEPT,20180199145,Davidson,Nashville,3/2/2018 5:35:00 PM,2,1,0,36.150290,-86.749100,I 40,,,,0.00,,,,,,,211.65,N,Not at Intersection,N,Non-Junction,None,,,         ,Johnathan,Pannell,Clear,Front to Rear,no,no,no,no,yes,False
101931832,METROPOLITAN NASHVILLE POLICE DEPT,20180199378,Davidson,Nashville,3/2/2018 7:15:00 PM,2,1,0,36.231280,-86.758950,DICKERSON PKE,,,,0.00,,,OAK VALLEY DR,,,,0.00,Y,Y-Intersection,N,Non-Junction,None,,,         ,Gregory,Cenicola,Clear,"Sideswipe, Same Direction",no,no,no,no,no,False
101931845,METROPOLITAN NASHVILLE POLICE DEPT,20180199454,Davidson,Nashville,3/2/2018 7:45:00 PM,2,0,0,36.149670,-86.779510,DIVISION ST,,,,96.00,Feet,West,8TH AVS,,,,0.00,N,Not at Intersection, ,Non-Junction,None,,,         ,Derek,Betty,Clear,Angle,no,no,no,no,no,False
101931848,METROPOLITAN NASHVILLE POLICE DEPT,20180199320,Davidson,Nashville,3/2/2018 7:00:00 PM,3,2,0,36.040530,-86.770520,OLD HICKORY BLVD,,,,166.00,Feet,East,SEVEN SPRINGS WAY PVTDR,,,,0.00,N,Not at Intersection,N,Non-Junction,None,,,         ,Brandon,Hughes,Clear,Front to Rear,no,no,no,no,no,False
101931867,METROPOLITAN NASHVILLE POLICE DEPT,20180199502,Davidson,Nashville,3/2/2018 8:02:00 PM,2,0,0,36.149930,-86.858900,CHARLOTTE PKE,,,,153.00,Feet,East,MIDLAND AV,,,,0.00,N,Not at Intersection, ,Non-Junction,None,,,         ,Andrew,McCarron,Clear,Angle,no,no,no,no,no,False
101931868,METROPOLITAN NASHVILLE POLICE DEPT,20180199041,Davidson,Not in City Limit,3/2/2018 4:30:00 PM,2,0,0,36.277050,-86.709590,GALLATIN PKEN,,,,800.00,Feet,South,ONE MILE PKWY,,,,0.00,N,Not at Intersection,N,Non-Junction,None,,,         ,Christopher,Littles,Clear,Front to Rear,no,no,no,no,no,False
101931869,METROPOLITAN NASHVILLE POLICE DEPT,20180199183,Davidson,Not in City Limit,3/2/2018 5:55:00 PM,2,0,0,36.263810,-86.711660,GALLATIN PKEN,,,,0.00,,,OLD TIME VILLAGE PVTDR,,,,0.00,Y,T-Intersection, ,Intersection-Related,None,,,         ,Christopher,Littles,Clear,Angle,no,no,no,no,no,False
101931870,METROPOLITAN NASHVILLE POLICE DEPT,20180199226,Davidson,Not in City Limit,3/2/2018 6:23:00 PM,3,2,0,36.260800,-86.712700,GALLATIN PKES,,,,169.00,Feet,North,HICKORY ST,,,,0.00,N,Not at Intersection,N,Non-Junction,None,,,         ,Christopher,Littles,Clear,Front to Rear,no,no,no,no,no,False
101931871,METROPOLITAN NASHVILLE POLICE DEPT,20180198755,Davidson,Nashville,3/2/2018 2:30:00 PM,2,0,0,36.122900,-86.806840,HILLSBORO PKE,,,,0.00,,,I440 E EXT RAMP,,,,0.00,Y,T-Intersection, ,Non-Junction,None,,,         ,Akira,McSwain,Clear,Front to Rear,no,no,no,no,no,False
101931872,METROPOLITAN NASHVILLE POLICE DEPT,20180198703,Davidson,Nashville,3/2/2018 2:30:00 PM,2,0,0,36.115630,-86.776270,I 440,,,,0.00,,,,,,,4.75,N,Not at Intersection, ,Non-Junction,None,,,         ,Akira,McSwain,Clear,Front to Rear,no,no,no,no,no,False