master_record_number,agency,agency_tracking_number,county,city,collision_date,vehicles_involved,number_injured,number_dead,latitude,longitude,roadway_name,roadway_suffix,roadway_number,roadway_local_id,distance_from_reference,miles-feet_indicator,direction_from_reference,intersection_road_name,intersection_road_name_suffix,intersection_road_number,intersection_local_id,mile_marker,intersection_indicator,intersect_type,interchange_related_indicator,relation_to_junction,work_zone_type,construction_maintenance_zone,construction_maintenance_zone_location,fatal_case_number,officer_first_name,officer_last_name,weather_condition(s),manner_of_crash,pedestrian,bicycle,scooter,parking,hitrun,mou
101933736,METROPOLITAN NASHVILLE POLICE DEPT,20180204375,Davidson,Nashville,3/4/2018 2:45:00 PM,2,1,0,36.054060,-86.899120,OLD HICKORY BLVD,,,,137.00,Feet,West,GAUCHO ROAD PVTDR,,,,0.00,N,Not at Intersection,N,Non-Junction,None,,,         ,John,Hoesli,Clear,Front to Rear,no,no,no,no,yes,False
101933738,METROPOLITAN NASHVILLE POLICE DEPT,20180204443,Davidson,Not in City Limit,3/4/2018 3:35:00 PM,2,1,0,36.259080,-86.757810,DICKERSON PKE,,,,55.00,Feet,North,VILLAGE HILLS PVTDR,,,,0.00,N,Not at Intersection,N,Non-Junction,None,,,         ,Rodney,Phipps,Clear,Angle,no,no,no,no,no,False
101933743,METROPOLITAN NASHVILLE POLICE DEPT,20180204405,Davidson,Nashville,3/4/2018 1:55:00 PM,5,3,0,36.030880,-86.712580,NOLENSVILLE PKE,,,,51.00,Feet,South,KINHAWK DR,,,,0.00,N,Not at Intersection,N,Non-Junction,None,,,         ,Douglas,Sykes,Clear,Front to Rear,no,no,no,no,no,False
101933752,METROPOLITAN NASHVILLE POLICE DEPT,20180204520,Davidson,Nashville,3/4/2018 4:20:00 PM,2,3,0,36.254990,-86.715200,MADISON BLVD,,,,10.00,Feet,East,GALLATIN PKES,,,,0.00,N,Not at Intersection,N,Non-Junction,None,,,         ,Brittani,Campbell,Clear,Angle,no,no,no,no,no,False
101933768,METROPOLITAN NASHVILLE POLICE DEPT,20180204600,Davidson,Nashville,3/4/2018 4:40:00 PM,1,1,0,36.146990,-86.743600,I 40,,,,0.00,,,,,,,212.05,N,Not at Intersection,N,Non-Junction,None,,,         ,Darci,Stechman,Clear,Not Collision with Motor Vehicle in Transport,no,no,no,no,no,False
101933772,METROPOLITAN NASHVILLE POLICE DEPT,20180204594,Davidson,Nashville,3/4/2018 4:53:00 PM,1,0,0,36.241930,-86.736710,ELLINGTON PKWYS,,,,0.00,,,ELLINGTON PKWY,,,,0.00,Y,Y-Intersection, ,Intersection-Related,None,,,         ,Kevin,Crawford,Clear,Not Collision with Motor Vehicle in Transport,no,no,no,no,no,False
101933781,METROPOLITAN NASHVILLE POLICE DEPT,20180204696,Davidson,Nashville,3/4/2018 5:50:00 PM,2,0,0,36.045030,-86.724330,OLD HICKORY BLVD,,,,180.00,Feet,East,AMALIE DR,,,,0.00,N,Not at Intersection, ,Non-Junction,None,,,         ,Conor,Cronin,Clear,Front to Rear,no,no,no,no,no,False
101933783,VANDERBILT UNIVERSITY POLICE,20180204647,Davidson,Nashville,3/4/2018 4:30:00 PM,2,0,0,36.147260,-86.799170,GRAND AV,,,,0.00,,,,,,,0.00,,, ,Non-Junction,None,,,         ,Christopher,Dion,Clear,Rear to Rear,no,no,no,yes,no,Campus
101933793,METROPOLITAN NASHVILLE POLICE DEPT,20180204598,Davidson,Nashville,3/4/2018 4:57:00 PM,3,1,0,36.068580,-86.714810,HAYWOOD LN,,,,440.00,Feet,East,HOPEDALE DR,,,,0.00,N,Not at Intersection,N,Non-Junction,None,,,         ,Madison,Meiss,Clear,Front to Rear,no,no,no,no,yes,False
101933806,METROPOLITAN NASHVILLE POLICE DEPT,20180204726,Davidson,Goodlettsville,3/4/2018 4:45:00 PM,2,0,0,36.294940,-86.697550,MYATT DR,,,,16.00,Feet,South,MYATT DR PVTDR,,,,0.00,N,Not at Intersection,N,Non-Junction,None,,,         ,Peter,Vaught,Clear,Angle,no,no,no,no,yes,False
101933815,VANDERBILT UNIVERSITY POLICE,18-0204585,Davidson,Nashville,3/4/2018 12:00:00 AM,2,0,0,36.106190,-86.763870,POWELL AVE,,,,0.00,,,,,,,0.00,,, ,OtherLocation,None,,,         ,William,Amburn,Clear,Angle,no,no,no,yes,yes,OHO
101933827,METROPOLITAN NASHVILLE POLICE DEPT,20180204487,Davidson,Not in City Limit,3/4/2018 4:07:00 PM,4,2,0,36.277640,-86.751250,NESBITT DR,,,,0.00,,,DICKERSON PKE,,,,0.00,Y,Four-Way,N,Intersection,None,,,         ,Adam,Nicholson,Clear,Front to Rear,no,no,no,no,no,False
101933833,METROPOLITAN NASHVILLE POLICE DEPT,20180204311,Davidson,Nashville,3/4/2018 1:12:00 PM,2,0,0,36.155610,-86.789690,14TH AVS,,,,16.00,Feet,South,I40 E ENT RAMP,,,,0.00,N,Not at Intersection, ,Non-Junction,None,,,         ,Darryl,Williams,Clear,"Sideswipe, Same Direction",no,no,no,no,no,False
101933848,Nashville Airport Police,2017-00784,Davidson,Nashville,3/2/2018 12:20:00 PM,2,0,0,36.106210,-86.673060,MURFREESBORO PKE,,,,0.00,,,DONELSON PKE,,,,0.00,Y,Four-Way, ,Intersection-Related,None,,,         ,Dalton,Engstrom,Clear,Front to Rear,no,no,no,no,no,False
101933883,METROPOLITAN NASHVILLE POLICE DEPT,20180204561,Davidson,Not in City Limit,3/4/2018 4:15:00 PM,2,2,0,36.274350,-86.876630,OLD HICKORY BLVD,,,,402.00,Feet,West,CARNEY RD,,,,0.00,N,Not at Intersection,N,Non-Junction,None,,,         ,Janelle,Keslar,Clear,Other,no,no,no,no,yes,False
101933884,METROPOLITAN NASHVILLE POLICE DEPT,20180204884,Davidson,Nashville,3/4/2018 5:50:00 PM,2,0,0,36.074070,-86.919790,BELLEVUE VALLEY PLAZA PVTDR,,,,0.00,Feet,East,HIGHWAY 70S,,,,0.00,N,Not at Intersection,N,Non-Junction,None,,,         ,Regina,Lewis,Clear,"Sideswipe, Same Direction",no,no,no,yes,yes,False
101933885,METROPOLITAN NASHVILLE POLICE DEPT,20180204771,Davidson,Nashville,3/4/2018 6:35:00 PM,2,0,0,36.144980,-86.626290,BELL RD,,,,189.00,Feet,South,LINCOYA BAY DR,,,,0.00,N,Not at Intersection, ,Non-Junction,None,,,         ,Seth,Vaughn,Clear,Front to Rear,no,no,no,no,no,False
101933898,METROPOLITAN NASHVILLE POLICE DEPT,20180204645,Davidson,Nashville,3/4/2018 3:50:00 PM,2,0,0,36.143400,-86.814540,WEST END AV,,,,45.00,Feet,South,30TH AVS,,,,0.00,N,Not at Intersection,N,Non-Junction,None,,,         ,Gary,Peters,Clear,Angle,no,no,no,yes,yes,Campus
101933920,METROPOLITAN NASHVILLE POLICE DEPT,20180205083,Davidson,Nashville,3/4/2018 9:30:00 PM,2,1,0,36.067410,-86.631250,MURFREESBORO PKE,,,,0.00,,,FOREST VIEW DR,,,,0.00,Y,Four-Way,N,Intersection,None,,,         ,Candice,Soper,Clear,Not Collision with Motor Vehicle in Transport,no,no,no,no,no,False
101933926,METROPOLITAN NASHVILLE POLICE DEPT,20180204993,Davidson,Nashville,3/4/2018 7:48:00 PM,2,0,0,36.125860,-86.752590,GLENROSE AV,,,,0.00,,,NOLENSVILLE PKE,,,,0.00,Y,T-Intersection,N,Intersection,None,,,         ,YUNUS,ADAK,Clear,Angle,no,no,no,no,no,False
101933930,METROPOLITAN NASHVILLE POLICE DEPT,20180204683,Davidson,Nashville,3/4/2018 5:50:00 PM,2,1,0,36.088570,-86.732060,NOLENSVILLE PKE,,,,709.00,Feet,South,ZOO RD,,,,0.00,N,Not at Intersection,N,Non-Junction,None,,,         ,Devonte,Coleman,Clear,Angle,no,no,no,no,no,False
101933988,METROPOLITAN NASHVILLE POLICE DEPT,20180205270,Davidson,Nashville,3/4/2018 11:42:00 PM,2,0,0,36.159110,-86.773360,2ND AVS,,,,0.00,,,MOLLOY ST,,,,0.00,Y,Four-Way, ,Intersection,None,,,         ,Daniel,Russett,Clear,Angle,no,no,no,no,no,False
101934003,METROPOLITAN NASHVILLE POLICE DEPT,20180205241,Davidson,Nashville,3/4/2018 7:30:00 PM,2,0,0,36.168700,-86.821060,ED TEMPLE BLVD,,,,9.00,Feet,North,SCOVEL ST,,,,0.00,N,Not at Intersection,N,Non-Junction,None,,,         ,Ian,Ward,Clear,Angle,no,no,no,no,yes,False
101934009,METROPOLITAN NASHVILLE POLICE DEPT,20180205272,Davidson,Nashville,3/4/2018 10:48:00 PM,2,0,0,36.084340,-86.688960,EZELL PKE,,,,225.00,Feet,North,ANTIOCH PKE,,,,0.00,N,Not at Intersection,N,Non-Junction,None,,,         ,William,Williams,Clear,"Sideswipe, Same Direction",no,no,no,no,no,False
101934084,METROPOLITAN NASHVILLE POLICE DEPT,20180205959,Davidson,Antioch,3/5/2018 5:52:00 AM,2,0,0,36.059400,-86.599650,HAMILTON CHURCH RD,,,,641.00,Feet,West,HOBSON PKE,,,,0.00,N,Not at Intersection,N,Non-Junction,None,,,         ,Jefferson,Hughes,Clear,"Sideswipe, Opposite Direction",no,no,no,no,yes,False
101934094,METROPOLITAN NASHVILLE POLICE DEPT,20180206018,Davidson,Not in City Limit,3/5/2018 6:20:00 AM,2,0,0,36.314720,-86.832590,I 24,,,,0.00,,,,,,,37.25,N,Not at Intersection,N,Non-Junction,None,,,         ,Nicholas,MacDougall,Clear,Front to Rear,no,no,no,no,no,False
101934104,METROPOLITAN NASHVILLE POLICE DEPT,20180206090,Davidson,Nashville,3/5/2018 6:50:00 AM,2,0,0,36.078590,-86.772800,LAMBERT DR,,,,39.00,Feet,East,FRANKLIN PKE,,,,0.00,N,Not at Intersection,N,Non-Junction,None,,,         ,Jon,Mcvey,Cloudy,Angle,no,no,no,yes,yes,False
101934129,METROPOLITAN NASHVILLE POLICE DEPT,20180206147,Davidson,Nashville,3/5/2018 7:21:00 AM,2,0,0,36.169000,-86.600630,OLD HICKORY BLVD,,,,190.00,Feet,North,MILLS RD,,,,0.00,N,Not at Intersection, ,Non-Junction,None,,,         ,Michael,Dance,Clear,Angle,no,no,no,no,no,False
101934150,METROPOLITAN NASHVILLE POLICE DEPT,2018-0206166,Davidson,Nashville,3/5/2018 7:29:00 AM,2,0,0,36.085340,-86.690610,ANTIOCH PKE,,,,78.00,Feet,South,PERIMETER HILL DR,,,,0.00,N,Not at Intersection,N,Non-Junction,None,,,         ,William,Whitworth,Cloudy,Front to Rear,no,no,no,no,no,False
101934164,METROPOLITAN NASHVILLE POLICE DEPT,20180206312,Davidson,Nashville,3/5/2018 8:22:00 AM,2,0,0,36.152050,-86.767160,I 40,,,,0.00,,,,,,,210.55,N,Not at Intersection, ,Non-Junction,None,,,         ,Michael,Dance,Rain,Front to Rear,no,no,no,no,no,False
101934178,METROPOLITAN NASHVILLE POLICE DEPT,20180206254,Davidson,Nashville,3/5/2018 8:00:00 AM,2,0,0,36.166820,-86.795460,I 40,,,,0.00,,,,,,,208.30,N,Not at Intersection, ,Non-Junction,None,,,         ,Patrick,Taylor,Cloudy,Front to Rear,no,no,no,no,no,False
101934184,METROPOLITAN NASHVILLE POLICE DEPT,20180206398,Davidson,Nashville,3/5/2018 8:55:00 AM,2,0,0,36.155470,-86.829100,I 40,,,,0.00,,,,,,,205.55,N,Not at Intersection, ,Non-Junction,None,,,         ,Curtis,Rich,Rain,Front to Rear,no,no,no,no,no,False
101934189,METROPOLITAN NASHVILLE POLICE DEPT,20180206311,Davidson,Nashville,3/5/2018 8:20:00 AM,2,0,0,36.044950,-86.724500,OLD HICKORY BLVD,,,,122.00,Feet,East,AMALIE DR,,,,0.00,N,Not at Intersection,N,Non-Junction,None,,,         ,Ryan,Sherry,Cloudy,Front to Rear,no,no,no,no,yes,False
101934190,METROPOLITAN NASHVILLE POLICE DEPT,2018-0206267,Davidson,Nashville,3/5/2018 7:29:00 AM,2,0,0,36.066540,-86.675540,DREWRY DR,,,,264.00,Feet,South,IRMA DR,,,,0.00,N,Not at Intersection, ,Non-Junction,None,,,         ,Stanley,Collins,Clear,Angle,no,no,no,no,no,False
101934209,METROPOLITAN NASHVILLE POLICE DEPT,20180206129,Davidson,Nashville,3/5/2018 7:15:00 AM,2,0,0,36.114060,-86.836850,ESTES RD,,,,0.00,,,AUBURN LN,,,,0.00,Y,T-Intersection, ,Intersection,None,,,         ,Walter,Gray II,Cloudy,Angle,no,no,no,no,no,False
101934210,METROPOLITAN NASHVILLE POLICE DEPT,20180206243,Davidson,Nashville,3/5/2018 7:59:00 AM,2,0,0,36.092760,-86.839740,HARDING PL,,,,0.00,,,ESTES RD,,,,0.00,Y,T-Intersection,N,Intersection,None,,,         ,Walter,Gray II,Cloudy,Angle,no,no,no,no,no,False
101934215,METROPOLITAN NASHVILLE POLICE DEPT,18-0206388,Davidson,Nashville,3/5/2018 8:27:00 AM,2,0,0,36.149050,-86.774180,I 40,,,,0.00,,,,,,,210.15,N,Not at Intersection, ,Non-Junction,None,,,         ,Timothy,Edwards,Cloudy,Angle,no,no,no,no,no,False
101934222,METROPOLITAN NASHVILLE POLICE DEPT,20180206278,Davidson,Nashville,3/5/2018 7:15:00 AM,1,0,0,36.045130,-86.728920,VILLAGE WAY,,,,0.00,,,ENOCH DR,,,,0.00,Y,T-Intersection,N,Intersection-Related,None,,,         ,Samuel,Miller,Cloudy,Not Collision with Motor Vehicle in Transport,no,no,no,no,yes,False
101934223,METROPOLITAN NASHVILLE POLICE DEPT,20180206416,Davidson,Nashville,3/5/2018 9:04:00 AM,2,0,0,36.081960,-86.761790,I65 N EXT RAMP,,,,0.00,,,HARDING PL,,,,0.00,Y,Four-Way, ,Intersection-Related,None,,,         ,Samuel,Miller,Rain,Front to Rear,no,no,no,no,no,False
101934226,METROPOLITAN NASHVILLE POLICE DEPT,2018-0206427,Davidson,Nashville,3/5/2018 9:13:00 AM,2,1,0,36.050140,-86.660380,HICKORY HOLLOW PKWY,,,,264.00,Feet,West,HICKORY HOLLOW MALL PVTDR PL,,,,0.00,N,Not at Intersection,N,OtherLocation,None,,,         ,William,Whitworth,Rain,Not Collision with Motor Vehicle in Transport,no,no,no,yes,no,False
101934231,METROPOLITAN NASHVILLE POLICE DEPT,20180206449,Davidson,Nashville,3/5/2018 9:24:00 AM,2,0,0,36.153960,-86.770590,ELM ST,,,,148.00,Feet,West,2ND AVS,,,,0.00,N,Not at Intersection, ,Non-Junction,None,,,         ,Tony,Folad,Rain,"Sideswipe, Same Direction",no,no,no,no,no,False
101934241,METROPOLITAN NASHVILLE POLICE DEPT,18-0206548,Davidson,Nashville,3/5/2018 9:02:00 AM,2,0,0,36.116030,-86.789700,I 440,,,,0.00,,,,,,,4.00,N,Not at Intersection, ,Non-Junction,None,,,         ,Timothy,Edwards,Rain,Front to Rear,no,no,no,no,no,False
101934249,METROPOLITAN NASHVILLE POLICE DEPT,20180206557,Davidson,Nashville,3/5/2018 10:12:00 AM,2,2,0,36.150470,-86.664490,ALLEN RD,,,,0.00,,,PATRIOT WAY,,,,0.00,Y,Four-Way,N,Non-Junction,None,,,         ,Michael,Dance,Rain,Angle,no,no,no,no,no,False
101934272,METROPOLITAN NASHVILLE POLICE DEPT,20180206660,Davidson,Nashville,3/5/2018 11:00:00 AM,2,0,0,36.125180,-86.847360,HARDING PKE,,,,111.00,Feet,East,WHITE BRIDGE PKE,,,,0.00,N,Not at Intersection, ,Non-Junction,None,,,         ,Curtis,Rich,Rain,Front to Rear,no,no,no,no,no,False
101934286,METROPOLITAN NASHVILLE POLICE DEPT,20180206333,Davidson,Nashville,3/5/2018 8:28:00 AM,2,2,0,36.161010,-86.833270,TSU CONNECTOR,,,,96.00,Feet,West,39TH AVN,,,,0.00,N,Not at Intersection,N,Non-Junction,None,,,         ,Isaac,Wood,Rain,HeadOn,no,no,no,no,no,False
101934289,GOODLETTSVILLE POLICE DEPT,18-08386,Davidson,Goodlettsville,3/5/2018 10:25:00 AM,2,2,0,36.321380,-86.701720,CONFERENCE DR,,,,800.00,Feet,South,NORTHGATE CIR,,,,0.00,N,Not at Intersection,N,Non-Junction,None,,,         ,Jeremy,Baker,Cloudy,Angle,no,no,no,no,no,False
101934291,METROPOLITAN NASHVILLE POLICE DEPT,20180206692,Davidson,Nashville,3/5/2018 11:10:00 AM,2,0,0,36.164610,-86.781120,5TH AVN,,,,39.00,Feet,North,UNION ST,,,,0.00,N,Not at Intersection, ,Non-Junction,None,,,         ,Brenna,Hosey,Rain,Front to Rear,no,no,no,no,no,False
101934297,METROPOLITAN NASHVILLE POLICE DEPT,2018-0206653,Davidson,Antioch,3/5/2018 10:55:00 AM,2,0,0,36.004920,-86.621820,OLD HICKORY BLVD,,,,0.00,,,BURKITT RD,,,,0.00,Y,T-Intersection,N,Intersection,None,,,         ,William,Whitworth,Rain,Front to Rear,no,no,no,no,no,False
101934302,METROPOLITAN NASHVILLE POLICE DEPT,20180206704,Davidson,Goodlettsville,3/5/2018 11:16:00 AM,2,2,0,36.289000,-86.704410,GALLATIN PKEN,,,,688.00,Feet,South,ALTUS AV,,,,0.00,N,Not at Intersection, ,Non-Junction,None,,,         ,Brandon,Tennant,Rain,Front to Rear,no,no,no,no,no,False
101934306,METROPOLITAN NASHVILLE POLICE DEPT,20180206561,Davidson,Not in City Limit,3/5/2018 10:20:00 AM,2,0,0,35.998410,-86.692040,NOLENSVILLE PKE,,,,559.00,Feet,East,CONCORD HILLS DR,,,,0.00,N,Not at Intersection,N,Non-Junction,None,,,         ,Jessie,Meadows,Rain,Angle,no,no,no,no,no,False
101934307,METROPOLITAN NASHVILLE POLICE DEPT,20180206683,Davidson,Nashville,3/5/2018 11:05:00 AM,2,0,0,36.087580,-86.691850,HARDING PL,,,,121.00,Feet,East,ANTIOCH PKE,,,,0.00,N,Not at Intersection, ,Non-Junction,None,,,         ,Jessie,Meadows,Rain,Front to Rear,no,no,no,no,no,False
101934320,METROPOLITAN NASHVILLE POLICE DEPT,20180206786,Davidson,Nashville,3/5/2018 11:48:00 AM,2,1,0,36.152010,-86.803310,ELLISTON PL,,,,169.00,Feet,East,22ND AVN,,,,0.00,N,Not at Intersection,N,Non-Junction,None,,,         ,Walter,Cothran,Rain,Angle,no,no,no,no,no,Campus
101934334,METROPOLITAN NASHVILLE POLICE DEPT,20180206787,Davidson,Not in City Limit,3/5/2018 11:38:00 AM,2,0,0,35.974430,-86.632850,BATTLE RD,,,,390.00,Feet,East,CAROTHERS RD,,,,0.00,N,Not at Intersection, ,Non-Junction,None,,,         ,Brandon,Evans,Rain,Angle,no,no,no,no,no,False
101934351,METROPOLITAN NASHVILLE POLICE DEPT,20180206273,Davidson,Nashville,3/5/2018 8:08:00 AM,3,2,0,36.151570,-86.752090,I 40,,,,0.00,,,,,,,211.45,N,Not at Intersection,N,Non-Junction,None,,,         ,James,Curtis,Cloudy,"Sideswipe, Same Direction",no,no,no,no,yes,False
101934355,METROPOLITAN NASHVILLE POLICE DEPT,20180206832,Davidson,Nashville,3/5/2018 11:50:00 AM,2,2,0,36.176710,-86.771970,SPRING ST,,,,101.00,Feet,East,I24 W EXT RAMP,,,,0.00,N,Not at Intersection,N,Non-Junction,None,,,         ,Brenna,Hosey,Rain,"Sideswipe, Same Direction",no,no,no,no,no,False
101934357,METROPOLITAN NASHVILLE POLICE DEPT,20180206818,Davidson,Nashville,3/5/2018 12:20:00 PM,2,3,0,36.157720,-86.797350,17TH AVN,,,,0.00,,,PATTERSON ST,,,,0.00,Y,Four-Way,N,Intersection,None,,,         ,Raymond,Flaherty,Cloudy,Angle,no,no,no,no,no,False
101934362,METROPOLITAN NASHVILLE POLICE DEPT,20180206950,Davidson,Nashville,3/5/2018 12:35:00 PM,2,0,0,36.136470,-86.793190,VILLA PL,,,,123.00,Feet,North,WEDGEWOOD AV,,,,0.00,N,Not at Intersection, ,Non-Junction,None,,,         ,Jon,Mcvey,Cloudy,Front to Rear,no,no,no,no,no,False
101934363,METROPOLITAN NASHVILLE POLICE DEPT,20180206104,Davidson,Nashville,3/5/2018 7:06:00 AM,2,0,0,36.149040,-86.746440,I 40,,,,0.00,,,,,,,211.85,N,Not at Intersection, ,,None,,,         ,James,Curtis,,,no,no,no,no,no,False
101934389,METROPOLITAN NASHVILLE POLICE DEPT,2018-0206357,Davidson,Nashville,3/5/2018 8:45:00 AM,2,0,0,36.241430,-86.757220,DICKERSON PKE,,,,0.00,,,BRILEY PKWY W ENT RAMP,,,,0.00,Y,Four-Way,N,Intersection,None,,,         ,Travis,Baxter,Cloudy,Angle,no,no,no,no,no,False
101934397,METROPOLITAN NASHVILLE POLICE DEPT,20180207019,Davidson,Nashville,3/5/2018 1:26:00 PM,2,0,0,36.140370,-86.821180,FAIRMONT DR,,,,307.00,Feet,South,FAIRMONT PL,,,,0.00,N,Not at Intersection, ,Non-Junction,None,,,         ,Raymond,Flaherty,Cloudy,"Sideswipe, Same Direction",no,no,no,no,no,False
101934415,METROPOLITAN NASHVILLE POLICE DEPT,20180206297,Davidson,Nashville,3/5/2018 8:05:00 AM,2,0,0,36.248410,-86.742660,I 65,,,,0.00,,,,,,,91.10,N,Not at Intersection, ,,None,,,         ,Peter,Lynch,,,no,no,no,no,no,False
101934427,METROPOLITAN NASHVILLE POLICE DEPT,20180207092,Davidson,Nashville,3/5/2018 2:01:00 PM,2,0,0,36.187440,-86.608190,ANDREW JACKSON PKWY,,,,220.00,Feet,South,ANDREW JACKSON WAY,,,,0.00,N,Not at Intersection, ,Non-Junction,None,,,         ,James,Curtis,Cloudy,Front to Rear,no,no,no,no,no,False
101934445,METROPOLITAN NASHVILLE POLICE DEPT,20180207001,Davidson,Nashville,3/5/2018 1:16:00 PM,3,1,0,36.086580,-86.772050,BATTERY LN,,,,0.00,,,FRANKLIN PKE,,,,0.00,Y,Four-Way,N,Intersection-Related,None,,,         ,John,Chambers,Cloudy,Front to Rear,no,no,no,no,no,False
101934476,METROPOLITAN NASHVILLE POLICE DEPT,20180206996,Davidson,Nashville,3/5/2018 12:50:00 PM,2,0,0,36.163100,-86.804730,19TH AVN,,,,26.00,Feet,South,HERMAN ST,,,,0.00,N,Not at Intersection,N,Non-Junction,None,,,         ,Jean,McCormack,Clear,Front to Rear,no,no,no,no,no,False
101934481,METROPOLITAN NASHVILLE POLICE DEPT,20180207074,Davidson,Nashville,3/5/2018 1:55:00 PM,2,0,0,36.182700,-86.748840,STRATTON AV,,,,0.00,,,GALLATIN AV,,,,0.00,Y,T-Intersection, ,Intersection,None,,,         ,Faye,Denson,Clear,Angle,no,no,no,no,no,False
101934490,BERRY HILL POLICE DEPT,18-0720,Davidson,Berry Hill,3/2/2018 12:00:00 AM,2,2,0,36.118860,-86.774590,FRANKLIN PKE,,,,0.00,,,BERRY RD,,,,0.00,Y,Four-Way,Y,Intersection,None,,,         ,John,Gleixner,Clear,Angle,no,no,no,no,no,False
101934491,METROPOLITAN NASHVILLE POLICE DEPT,20180207207,Davidson,Nashville,3/5/2018 12:00:00 AM,2,0,0,36.166040,-86.795600,12TH AVN,,,,462.00,Feet,South,HERMAN ST,,,,0.00,N,Not at Intersection, ,Non-Junction,None,,,         ,Melvin,Taylor,Clear,Front to Rear,no,no,no,no,no,False
101934492,METROPOLITAN NASHVILLE POLICE DEPT,20180207222,Davidson,Nashville,3/5/2018 2:55:00 PM,2,1,0,36.195500,-86.775310,FERN AV,,,,67.00,Feet,West,WHITES CREEK PKE,,,,0.00,N,Not at Intersection,N,Non-Junction,None,,,         ,Gregory,Cenicola,Cloudy,Angle,no,no,no,no,no,False
101934497,METROPOLITAN NASHVILLE POLICE DEPT,20180207275,Davidson,Nashville,3/5/2018 3:15:00 PM,2,0,0,36.241000,-86.758690,BRILEY PKWY E EXT RAMP,,,,400.00,Feet,West,DICKERSON PKE,,,,0.00,N,Not at Intersection, ,Entrance/Exit Ramp Related,None,,,         ,Christopher,Littles,Cloudy,Front to Rear,no,no,no,no,no,False
101934510,METROPOLITAN NASHVILLE POLICE DEPT,20180207244,Davidson,Nashville,3/5/2018 2:32:00 PM,2,0,0,36.177570,-86.787940,4TH AVN,,,,126.00,Feet,North,MONROE ST,,,,0.00,N,Not at Intersection,N,Non-Junction,None,,,         ,Andrey,Volfson,Clear,"Sideswipe, Same Direction",no,no,no,no,yes,False
101934513,METROPOLITAN NASHVILLE POLICE DEPT,20180207237,Davidson,Nashville,3/5/2018 2:33:00 PM,2,0,0,36.081380,-86.593650,SMITH SPRINGS RD,,,,0.00,Feet,,PHILHALL PKWY,,,,0.00,Y,Four-Way, ,Intersection,None,,,         ,Deandera,Payne,Clear,"Sideswipe, Same Direction",no,no,no,no,no,False
101934525,METROPOLITAN NASHVILLE POLICE DEPT,20180207409,Davidson,Nashville,3/5/2018 3:53:00 PM,2,0,0,36.087870,-86.920730,OLD HICKORY BLVD,,,,0.00,,,WOODBURY FALLS DR,,,,0.00,Y,Four-Way, ,,None,,,         ,Brandon,Pedigo,,,no,no,no,no,no,False
101934528,METROPOLITAN NASHVILLE POLICE DEPT,20180207412,Davidson,Nashville,3/5/2018 3:54:00 PM,2,0,0,36.167010,-86.763730,S 4TH ST,,,,0.00,,,SHELBY AV,,,,0.00,Y,Four-Way, ,Intersection,None,,,         ,Tyler,Adcock,Rain,Angle,no,no,no,no,no,False
101934531,METROPOLITAN NASHVILLE POLICE DEPT,20180207428,Davidson,Nashville,3/5/2018 3:50:00 PM,2,0,0,36.153670,-86.763250,I 40,,,,0.00,,,,,,,210.80,N,Not at Intersection, ,,None,,,         ,Darci,Stechman,,,no,no,no,no,no,False
101934540,METROPOLITAN NASHVILLE POLICE DEPT,20180207539,Davidson,Nashville,3/5/2018 4:38:00 PM,2,0,0,36.134240,-86.776370,I65 S ENT RAMP,,,,0.00,,,I65 S EXT RAMP,,,,0.00,Y,Y-Intersection, ,Intersection,None,,,         ,Ryan,Storm,Rain,Front to Rear,no,no,no,no,no,False
101934547,METROPOLITAN NASHVILLE POLICE DEPT,20180207477,Davidson,Nashville,3/5/2018 4:00:00 PM,2,1,0,36.218770,-86.836980,CLARKSVILLE PKE,,,,98.00,Feet,North,KINGS LN,,,,0.00,N,Not at Intersection, ,Non-Junction,None,,,         ,Jerry,Pirtle,Rain,Front to Rear,no,no,no,no,no,False
101934548,METROPOLITAN NASHVILLE POLICE DEPT,20180207472,Davidson,Nashville,3/5/2018 4:14:00 PM,2,0,0,36.159150,-86.791850,I 40,,,,0.00,,,,,,,208.90,N,Not at Intersection, ,Non-Junction,None,,,         ,Kevin,Johnson,Rain,Angle,no,no,no,no,no,False
101934550,METROPOLITAN NASHVILLE POLICE DEPT,2018-0207524,Davidson,Nashville,3/5/2018 4:26:00 PM,2,0,0,36.076600,-86.767300,I 65,,,,0.00,,,,,,,77.40,N,Not at Intersection, ,Non-Junction,None,,,         ,William,King,Rain,"Sideswipe, Same Direction",no,no,no,no,no,False
101934553,METROPOLITAN NASHVILLE POLICE DEPT,20180207550,Davidson,Nashville,3/5/2018 4:48:00 PM,2,1,0,36.133010,-86.788740,12TH AVS,,,,84.00,Feet,South,CALDWELL AV,,,,0.00,N,Not at Intersection,N,Non-Junction,None,,,         ,Randall,Ward,Rain,Front to Rear,no,no,no,no,no,False
101934555,METROPOLITAN NASHVILLE POLICE DEPT,20180207471,Davidson,Nashville,3/5/2018 4:10:00 PM,2,0,0,36.097700,-86.924880,OLD HICKORY BLVD,,,,100.00,Feet,North,RIDGELAKE PKWY,,,,0.00,N,Not at Intersection,N,Non-Junction,None,,,         ,John,Hoesli,Rain,Front to Rear,no,no,no,no,no,False
101934558,METROPOLITAN NASHVILLE POLICE DEPT,20180207504,Davidson,Nashville,3/5/2018 4:05:00 PM,2,0,0,36.238130,-86.818290,WHITES CREEK PKE,,,,139.00,Feet,North,W GREEN LN,,,,0.00,N,Not at Intersection,N,Non-Junction,None,,,         ,Andrey,Volfson,Rain,Front to Rear,no,no,no,no,no,False