master_record_number,agency,agency_tracking_number,county,city,collision_date,vehicles_involved,number_injured,number_dead,latitude,longitude,roadway_name,roadway_suffix,roadway_number,roadway_local_id,distance_from_reference,miles-feet_indicator,direction_from_reference,intersection_road_name,intersection_road_name_suffix,intersection_road_number,intersection_local_id,mile_marker,intersection_indicator,intersect_type,interchange_related_indicator,relation_to_junction,work_zone_type,construction_maintenance_zone,construction_maintenance_zone_location,fatal_case_number,officer_first_name,officer_last_name,weather_condition(s),manner_of_crash,pedestrian,bicycle,scooter,parking,hitrun,mou
101934561,METROPOLITAN NASHVILLE POLICE DEPT,2018-0207184,Davidson,Nashville,3/5/2018 2:50:00 PM,2,0,0,36.155610,-86.789800,BROADWAY,,,,26.00,Feet,West,I40 E ENT RAMP,,,,0.00,N,Not at Intersection, ,Non-Junction,None,,,         ,Brandon,O'Guin,Rain,"Sideswipe, Same Direction",no,no,no,no,no,False
101934562,METROPOLITAN NASHVILLE POLICE DEPT,20180207535,Davidson,Nashville,3/5/2018 4:41:00 PM,2,1,0,36.126040,-86.814500,I 440,,,,0.00,,,,,,,2.30,N,Not at Intersection,N,Non-Junction,None,,,         ,Robert,Crow,Rain,Front to Rear,no,no,no,no,yes,False
101934563,METROPOLITAN NASHVILLE POLICE DEPT,20180207130,Davidson,Nashville,3/5/2018 2:26:00 PM,2,1,0,36.208240,-86.767400,DICKERSON PKE,,,,0.00,,,GRIZZARD AV,,,,0.00,Y,T-Intersection,N,Intersection-Related,None,,,         ,Joshua,Lackey,Cloudy,Angle,no,no,no,no,no,False
101934569,METROPOLITAN NASHVILLE POLICE DEPT,20180207595,Davidson,Nashville,3/5/2018 5:06:00 PM,2,0,0,36.167010,-86.763730,S 4TH ST,,,,3.00,Feet,South,SHELBY AV,,,,0.00,N,Not at Intersection, ,Non-Junction,None,,,         ,Michael,Moss,Rain,"Sideswipe, Same Direction",no,no,no,no,no,False
101934578,METROPOLITAN NASHVILLE POLICE DEPT,20180207329,Davidson,Nashville,3/5/2018 3:24:00 PM,2,0,0,36.151920,-86.849900,CHARLOTTE AV,,,,0.00,,,52ND AVN,,,,0.00,Y,Four-Way,N,Intersection,None,,,         ,Andrew,McCarron,Rain,Angle,no,no,no,no,no,False
101934591,METROPOLITAN NASHVILLE POLICE DEPT,20180207544,Davidson,Nashville,3/5/2018 4:44:00 PM,1,1,0,36.073430,-86.692160,I 24,,,,0.00,,,,,,,56.70,N,Not at Intersection,N,Non-Junction,None,,,         ,Jessie,Meadows,Rain,Not Collision with Motor Vehicle in Transport,no,no,no,no,no,False
101934592,METROPOLITAN NASHVILLE POLICE DEPT,20180207681,Davidson,Nashville,3/5/2018 5:45:00 PM,2,0,0,36.073440,-86.692440,I 24,,,,0.00,,,,,,,56.70,N,Not at Intersection, ,Non-Junction,None,,,         ,Jessie,Meadows,Rain,Front to Rear,no,no,no,no,no,False
101934600,METROPOLITAN NASHVILLE POLICE DEPT,20180207735,Davidson,Not in City Limit,3/5/2018 5:52:00 PM,2,0,0,36.049730,-86.952640,OLD HARDING PKE,,,,0.00,,,POPLAR CREEK TRC,,,,0.00,Y,T-Intersection, ,Intersection-Related,None,,,         ,Brandon,Pedigo,Cloudy,Front to Rear,no,no,no,no,no,False
101934608,BERRY HILL POLICE DEPT,18-0721,Davidson,Berry Hill,3/2/2018 12:00:00 AM,2,0,0,36.124980,-86.776670,FRANKLIN PKE,,,,0.00,,,INVERNESS AV,,,,0.00,Y,T-Intersection, ,Intersection,None,,,         ,John,Gleixner,Clear,Angle,no,no,no,no,no,False
101934623,METROPOLITAN NASHVILLE POLICE DEPT,20180207469,Davidson,Nashville,3/5/2018 3:52:00 PM,2,0,0,36.245840,-86.721670,GALLATIN PKES,,,,300.00,Feet,South,BERKLEY DR,,,,0.00,N,Not at Intersection, ,Non-Junction,None,,,         ,Christopher,Littles,Rain,Angle,no,no,no,no,no,False
101934624,METROPOLITAN NASHVILLE POLICE DEPT,20180207573,Davidson,Nashville,3/5/2018 4:58:00 PM,2,4,0,36.239010,-86.754740,I 65,,,,0.00,,,,,,,90.15,N,Not at Intersection,Y,Entrance/Exit Ramp Related,None,,,         ,Christopher,Littles,Cloudy,"Sideswipe, Same Direction",no,no,no,no,no,False
101934625,METROPOLITAN NASHVILLE POLICE DEPT,20180207447,Davidson,Nashville,3/5/2018 4:02:00 PM,2,0,0,36.082710,-86.710360,HARDING PL,,,,43.00,Feet,East,TAMPA DR,,,,0.00,N,Not at Intersection, ,Non-Junction,None,,,         ,Je-Marc,Sears,Rain,Front to Rear,no,no,no,no,no,False
101934628,METROPOLITAN NASHVILLE POLICE DEPT,20180207694,Davidson,Nashville,3/5/2018 5:15:00 PM,3,0,0,36.120700,-86.807970,LOMBARDY AV,,,,0.00,Feet,East,HILLSBORO PKE,,,,0.00,N,Not at Intersection,N,Non-Junction,None,,,         ,Gregory,Scott,Rain,Front to Rear,no,no,no,no,yes,False
101934635,METROPOLITAN NASHVILLE POLICE DEPT,20180207634,Davidson,Nashville,3/5/2018 5:27:00 PM,2,0,0,36.130010,-86.838650,HARDING PKE,,,,0.00,,,MONTGOMERY BELL AV,,,,0.00,Y,T-Intersection, ,Intersection,None,,,         ,Andrew,McCarron,Rain,Angle,no,no,no,no,no,False
101934636,METROPOLITAN NASHVILLE POLICE DEPT,20180207697,Davidson,Nashville,3/5/2018 12:00:00 AM,2,0,0,36.168310,-86.806310,MEHARRY BLVD,,,,38.00,Feet,West,DR D B TODD JR BLVD,,,,0.00,N,Not at Intersection, ,Non-Junction,None,,,         ,Melvin,Taylor,Clear,Front to Rear,no,no,no,no,no,False
101934637,METROPOLITAN NASHVILLE POLICE DEPT,20180207715,Davidson,Nashville,3/5/2018 5:42:00 PM,2,0,0,36.154300,-86.792910,16TH AVN,,,,11.00,Feet,North,BROADWAY,,,,0.00,N,Not at Intersection, ,Non-Junction,None,,,         ,Darryl,Williams,Rain,Angle,no,no,no,no,no,False
101934642,METROPOLITAN NASHVILLE POLICE DEPT,20180207806,Davidson,Not in City Limit,3/5/2018 6:34:00 PM,2,1,0,36.273990,-86.735630,I 65,,,,0.00,,,,,,,92.90,N,Not at Intersection,N,Non-Junction,None,,,         ,Rodney,Phipps,Clear,Front to Rear,no,no,no,no,no,False
101934644,GOODLETTSVILLE POLICE DEPT,18-07965,Davidson,Goodlettsville,3/2/2018 4:40:00 AM,2,0,0,36.325110,-86.701760,LONG HOLLOW PKE,,,,0.00,Feet,,CONFERENCE DR,,,,0.00,Y,Four-Way,N,Intersection,None,,,         ,Alexander,Bardill,Cloudy,Angle,no,no,no,no,no,False
101934645,METROPOLITAN NASHVILLE POLICE DEPT,2018-0207840,Davidson,Nashville,3/5/2018 5:45:00 PM,2,0,0,36.154480,-86.841030,I40 W EXT RAMP,,,,0.00,,,DELAWARE AV,,,,0.00,Y,Four-Way, ,Intersection,None,,,         ,John,Roberson,Rain,Front to Rear,no,no,no,no,no,False
101934652,METROPOLITAN NASHVILLE POLICE DEPT,20180207780,Davidson,Nashville,3/5/2018 5:37:00 PM,2,0,0,36.124240,-86.800200,ROSEWOOD AV,,,,368.00,Feet,North,HAWTHORNE PL,,,,0.00,N,Not at Intersection,N,Non-Junction,None,,,         ,Jacob,Paul,Rain,Angle,no,no,no,yes,yes,False
101934657,METROPOLITAN NASHVILLE POLICE DEPT,20180207872,Davidson,Not in City Limit,3/5/2018 6:04:00 PM,2,0,0,36.267920,-86.736870,I 65,,,,0.00,,,,,,,92.50,N,Not at Intersection, ,,None,,,         ,Bradley,Campbell,,,no,no,no,no,no,False
101934660,METROPOLITAN NASHVILLE POLICE DEPT,20180207307,Davidson,Nashville,3/5/2018 2:30:00 PM,2,0,0,36.107350,-86.800750,BELMONT BLVD,,,,0.00,,,GLEN ECHO RD,,,,0.00,Y,T-Intersection, ,Intersection-Related,None,,,         ,Jacob,Paul,Rain,Angle,no,no,no,no,no,False
101934669,METROPOLITAN NASHVILLE POLICE DEPT,20180207853,Davidson,Nashville,3/5/2018 6:35:00 PM,3,1,0,36.091960,-86.704880,I 24,,,,0.00,,,,,,,55.20,N,Not at Intersection,N,Non-Junction,None,,,         ,Eric,Keller,Clear,Front to Rear,no,no,no,no,no,False
101934675,METROPOLITAN NASHVILLE POLICE DEPT,20180207903,Davidson,Nashville,3/5/2018 6:35:00 PM,2,0,0,36.045440,-86.712500,OLD HICKORY BLVD,,,,225.00,Feet,East,NOLENSVILLE PKE,,,,0.00,N,Not at Intersection, ,Non-Junction,None,,,         ,Conor,Cronin,Rain,Angle,no,no,no,no,no,False
101934679,METROPOLITAN NASHVILLE POLICE DEPT,20180208053,Davidson,Nashville,3/5/2018 7:30:00 PM,2,0,0,36.110990,-86.725510,EAST THOMPSON LN,,,,654.00,Feet,East,EAST THOMPSON LN PVTDR,,,,0.00,N,Not at Intersection, ,Non-Junction,None,,,         ,Eric,Keller,Clear,Rear to Rear,no,no,no,no,yes,False
101934688,METROPOLITAN NASHVILLE POLICE DEPT,20180208014,Davidson,Not in City Limit,3/5/2018 7:30:00 PM,2,0,0,36.256340,-86.757930,DUE WEST AVN,,,,0.00,,,DICKERSON PKE,,,,0.00,Y,T-Intersection,N,Intersection,None,,,         ,Christopher,Littles,Rain,Angle,no,no,no,no,no,False
101934702,METROPOLITAN NASHVILLE POLICE DEPT,20180207948,Davidson,Not in City Limit,3/5/2018 7:15:00 PM,2,0,0,36.103840,-86.949270,CHARLOTTE PKE,,,,0.56,Miles,West,FORREST VALLEY DR,,,,0.00,N,Not at Intersection,N,Non-Junction,None,,,         ,Jeremy,Huffine,Rain,Not Collision with Motor Vehicle in Transport,no,no,no,no,no,False
101934704,METROPOLITAN NASHVILLE POLICE DEPT,20180207852,Davidson,Nashville,3/5/2018 6:30:00 PM,1,1,0,36.148270,-86.760800,LAFAYETTE ST,,,,122.00,Feet,East,CLAIBORNE ST,,,,0.00,N,Not at Intersection,N,Non-Junction,None,,,         ,Darci,Stechman,Clear,Not Collision with Motor Vehicle in Transport,yes,no,no,no,no,False
101934708,METROPOLITAN NASHVILLE POLICE DEPT,2018-0208068,Davidson,Nashville,3/5/2018 7:10:00 PM,2,0,0,36.178760,-86.605150,OLD HICKORY BLVD,,,,0.00,,,I40 E EXT RAMP,,,,0.00,Y,Y-Intersection, ,Intersection-Related,None,,,         ,John,Roberson,Cloudy,Front to Rear,no,no,no,no,no,False
101934715,METROPOLITAN NASHVILLE POLICE DEPT,20180207849,Davidson,Nashville,3/5/2018 5:10:00 PM,2,0,0,36.134800,-86.824670,WEST END AV,,,,0.00,,,BOWLING AV,,,,0.00,Y,OTHER,N,Non-Junction,None,,,         ,Torian,Cox,Rain,Front to Rear,no,no,no,no,no,False
101934747,METROPOLITAN NASHVILLE POLICE DEPT,20180208232,Davidson,Nashville,3/5/2018 8:34:00 PM,2,0,0,36.155520,-86.858310,BRILEY PKWY S EXT RAMP,,,,0.00,,,I40 W ENT RAMP,,,,0.00,Y,OTHER, ,Entrance/Exit Ramp Related,None,,,         ,Andrew,McCarron,Rain,"Sideswipe, Same Direction",no,no,no,no,no,False
101934767,METROPOLITAN NASHVILLE POLICE DEPT,20180208073,Davidson,Nashville,3/5/2018 8:01:00 PM,2,0,0,36.166900,-86.802470,JACKSON ST,,,,0.00,,,BLANK ST,,,,0.00,Y,T-Intersection,Y,Intersection,None,,,         ,Christopher,Dickerson,Clear,Angle,no,no,no,no,no,False
101934769,METROPOLITAN NASHVILLE POLICE DEPT,20180199384,Davidson,Madison,3/2/2018 7:10:00 PM,3,0,0,36.260370,-86.712860,HICKORY ST,,,,0.00,,,GALLATIN PKES,,,,0.00,Y,T-Intersection,N,Intersection,None,,,         ,Nathan,Dungan,Clear,Angle,no,no,no,no,yes,False
101934770,METROPOLITAN NASHVILLE POLICE DEPT,20180208202,Davidson,Nashville,3/5/2018 8:45:00 PM,2,0,0,36.152240,-86.769970,3RD AVS,,,,103.00,Feet,North,LINDSLEY AV,,,,0.00,N,Not at Intersection,N,OtherLocation,None,,,         ,David,Lang,Cloudy,"Sideswipe, Opposite Direction",no,no,no,yes,yes,False
101934845,METROPOLITAN NASHVILLE POLICE DEPT,20180208467,Davidson,Nashville,3/5/2018 10:35:00 PM,2,0,0,36.091640,-86.704630,I 24,,,,0.00,,,,,,,55.25,N,Not at Intersection,N,Non-Junction,None,,,         ,Eric,Keller,Rain,"Sideswipe, Same Direction",no,no,no,no,no,False
101934899,METROPOLITAN NASHVILLE POLICE DEPT,20180208987,Davidson,Nashville,3/6/2018 2:25:00 AM,2,0,0,36.168660,-86.766240,I24 E ENT RAMP,,,,0.00,Feet,East,I 24,,,,0.00,N,Not at Intersection,N,Entrance/Exit Ramp Related,None,,,         ,Kelcey,Bell,Clear,Front to Rear,no,no,no,no,no,False
101934901,METROPOLITAN NASHVILLE POLICE DEPT,20180208644,Davidson,Nashville,3/5/2018 10:21:00 PM,2,0,0,36.045560,-86.711240,OLD HICKORY BLVD,,,,601.00,Feet,East,NOLENSVILLE PKE,,,,0.00,N,Not at Intersection, ,Non-Junction,None,,,         ,Nopel,Stella,Rain,"Sideswipe, Same Direction",no,no,no,no,no,False
101934967,METROPOLITAN NASHVILLE POLICE DEPT,20180209396,Davidson,Nashville,3/6/2018 5:10:00 AM,2,0,0,36.049280,-86.651730,BELL RD,,,,0.00,,,HICKORY HOLLOW LN,,,,0.00,Y,Four-Way, ,Intersection,None,,,         ,Shelby,Hughes,Clear,Front to Rear,no,no,no,no,no,False
101935016,METROPOLITAN NASHVILLE POLICE DEPT,20180209608,Davidson,Nashville,3/6/2018 6:58:00 AM,2,0,0,36.155820,-86.665120,DONELSON PKE,,,,315.00,Feet,North,LAKELAND DR,,,,0.00,N,Not at Intersection,N,"Driveway, Alley Access, etc",None,,,         ,Michael,Dance,Clear,Angle,no,no,no,no,yes,False
101935025,GOODLETTSVILLE POLICE DEPT,18-08484,Davidson,Goodlettsville,3/6/2018 5:45:00 AM,3,0,0,36.311380,-86.683880,VIETNAM VETERANS BLVDS,,,,177.00,Feet,West,VIETNAM VETERANS BLVD SB EXT R,,,,0.00,N,Not at Intersection,N,Non-Junction,None,,,         ,Joseph,Waldron,Clear,Front to Rear,no,no,no,no,no,False
101935029,METROPOLITAN NASHVILLE POLICE DEPT,20180209644,Davidson,Nashville,3/6/2018 7:15:00 AM,3,0,0,36.141480,-86.715650,I 40,,,,0.00,,,,,,,213.90,N,Not at Intersection, ,Non-Junction,None,,,         ,Michael,Dance,Clear,Front to Rear,no,no,no,no,no,False
101935046,METROPOLITAN NASHVILLE POLICE DEPT,20180209740,Davidson,Nashville,3/6/2018 12:00:00 AM,2,0,0,36.187490,-86.794650,I 65,,,,0.00,,,,,,,85.40,N,Not at Intersection,N,Entrance/Exit Ramp Related,None,,,         ,Brian,Mclarty,Clear,Front to Rear,no,no,no,no,yes,False
101935048,WILLIAMSON CO SHERIFFS OFFICE,185265,Davidson,Nashville,3/6/2018 7:15:00 AM,2,0,0,36.031000,-86.874800,MURRAY LN,,,,243.00,Feet,East,HILLSBORO RD,,,,0.00,N,Not at Intersection, ,Non-Junction,None,,,         ,Phil,Wheeler,Clear,Front to Rear,no,no,no,no,no,False
101935072,METROPOLITAN NASHVILLE POLICE DEPT,20180209781,Davidson,Nashville,3/6/2018 7:56:00 AM,2,0,0,36.236170,-86.816930,GREEN LN,,,,0.00,,,WHITES CREEK PKE,,,,0.00,Y,T-Intersection, ,Intersection-Related,None,,,         ,William,Coy,Clear,Front to Rear,no,no,no,no,no,False
101935074,METROPOLITAN NASHVILLE POLICE DEPT,20180209839,Davidson,Nashville,3/6/2018 8:12:00 AM,2,0,0,36.025470,-86.713340,BRADFORD HILLS DR,,,,87.00,Feet,West,NOLENSVILLE PKE,,,,0.00,N,Not at Intersection,N,Non-Junction,None,,,         ,Walter,Cothran,Clear,Front to Rear,no,no,no,no,yes,False
101935079,METROPOLITAN NASHVILLE POLICE DEPT,20180209694,Davidson,Nashville,3/6/2018 7:35:00 AM,2,0,0,36.196740,-86.732330,SCOTT AV,,,,129.00,Feet,South,JEANS CT,,,,0.00,N,Not at Intersection, ,Non-Junction,None,,,         ,Eric,Knight,Clear,Rear to Side,no,no,no,no,no,False
101935081,METROPOLITAN NASHVILLE POLICE DEPT,20180209756,Davidson,Nashville,3/6/2018 7:56:00 AM,2,0,0,36.149710,-86.773120,I 40,,,,0.00,,,,,,,210.25,N,Not at Intersection, ,Non-Junction,None,,,         ,Johnathan,Carlisle,Clear,"Sideswipe, Same Direction",no,no,no,no,no,False
101935082,METROPOLITAN NASHVILLE POLICE DEPT,20180209884,Davidson,Nashville,3/6/2018 8:44:00 AM,2,0,0,36.155190,-86.829570,I 40,,,,0.00,,,,,,,205.50,N,Not at Intersection, ,Non-Junction,None,,,         ,Curtis,Rich,Clear,Front to Rear,no,no,no,no,no,False
101935084,METROPOLITAN NASHVILLE POLICE DEPT,20180209756,Davidson,Nashville,3/6/2018 12:00:00 AM,2,1,0,36.150390,-86.771380,I 40,,,,0.00,,,,,,,210.35,N,Not at Intersection, ,Non-Junction,None,,,         ,Trevor,Taylor,Clear,Front to Rear,no,no,no,no,yes,False
101935089,METROPOLITAN NASHVILLE POLICE DEPT,20180209850,Davidson,Nashville,3/6/2018 8:26:00 AM,2,0,0,36.173210,-86.765680,MAIN ST ENT RAMP,,,,0.00,Feet,East,SPRING ST,,,,0.00,N,Not at Intersection,N,Non-Junction,None,,,         ,Nicholas,Smith,Clear,Front to Rear,no,no,no,no,no,False
101935105,METROPOLITAN NASHVILLE POLICE DEPT,20180209870,Davidson,Nashville,3/6/2018 8:34:00 AM,2,0,0,36.141320,-86.716580,I 40,,,,0.00,,,,,,,213.85,N,Not at Intersection, ,Non-Junction,None,,,         ,Michael,Dance,Clear,"Sideswipe, Same Direction",no,no,no,no,no,False
101935110,METROPOLITAN NASHVILLE POLICE DEPT,20180209729,Davidson,Nashville,3/6/2018 7:53:00 AM,2,0,0,36.086870,-86.696420,HARDING PL,,,,137.00,Feet,West,S PERIMETER PARK DR,,,,0.00,N,Not at Intersection, ,"Driveway, Alley Access, etc",None,,,         ,Todd,Watson,Clear,Angle,no,no,no,no,no,False
101935114,METROPOLITAN NASHVILLE POLICE DEPT,20180209926,Davidson,Nashville,3/6/2018 8:58:00 AM,2,0,0,36.151110,-86.750510,I 40,,,,0.00,,,,,,,211.55,N,Not at Intersection, ,Non-Junction,None,,,         ,Michael,Dance,Clear,"Sideswipe, Same Direction",no,no,no,no,no,False
101935126,METROPOLITAN NASHVILLE POLICE DEPT,20180209911,Davidson,Nashville,3/6/2018 8:56:00 AM,2,1,0,36.070180,-86.721930,NOLENSVILLE PKE,,,,55.00,Feet,East,COTTON LN,,,,0.00,N,Not at Intersection,N,Non-Junction,None,,,         ,Brandon,Vance,Clear,Front to Rear,no,no,no,no,no,False
101935127,METROPOLITAN NASHVILLE POLICE DEPT,20180209913,Davidson,Nashville,3/6/2018 8:24:00 AM,2,0,0,36.182770,-86.802530,9TH AVN,,,,0.00,,,COFFEE ST,,,,0.00,Y,T-Intersection,N,Intersection,None,,,         ,Patrick,Taylor,Clear,Angle,no,no,no,no,no,False
101935130,METROPOLITAN NASHVILLE POLICE DEPT,20180209967,Davidson,Nashville,3/6/2018 12:00:00 AM,2,0,0,36.154280,-86.788400,I 40,,,,0.00,,,,,,,209.25,N,Not at Intersection, ,Non-Junction,None,,,         ,Trevor,Taylor,Clear,Front to Rear,no,no,no,no,yes,False
101935131,METROPOLITAN NASHVILLE POLICE DEPT,18-0209704,Davidson,Nashville,3/6/2018 7:42:00 AM,2,0,0,36.133960,-86.779120,8TH AVS,,,,119.00,Feet,South,WEDGEWOOD AV,,,,0.00,N,Not at Intersection,N,Non-Junction,None,,,         ,Kaleb,Stella,Clear,Angle,no,no,no,no,no,False
101935132,METROPOLITAN NASHVILLE POLICE DEPT,18-0209879,Davidson,Nashville,3/6/2018 8:35:00 AM,2,0,0,36.082230,-86.762070,HARDING PL,,,,88.00,Feet,East,I65 N ENT RAMP,,,,0.00,N,Not at Intersection, ,Non-Junction,None,,,         ,Kaleb,Stella,Clear,Angle,no,no,no,no,no,False
101935135,METROPOLITAN NASHVILLE POLICE DEPT,20180209558,Davidson,Nashville,3/6/2018 6:25:00 AM,2,0,0,36.200800,-86.618160,LEBANON PKE,,,,196.00,Feet,South,TYLER DR,,,,0.00,N,Not at Intersection, ,Non-Junction,None,,,         ,James,Curtis,Clear,"Sideswipe, Same Direction",no,no,no,no,no,False
101935136,METROPOLITAN NASHVILLE POLICE DEPT,20180209829,Davidson,Nashville,3/6/2018 8:26:00 AM,2,0,0,36.139690,-86.700310,BRILEY PKWY,,,,66.00,Feet,North,KAREN DR,,,,0.00,N,Not at Intersection, ,,None,,,         ,James,Curtis,,,no,no,no,no,no,False
101935140,METROPOLITAN NASHVILLE POLICE DEPT,20180210015,Davidson,Nashville,3/6/2018 9:45:00 AM,2,0,0,36.113540,-86.805890,WOODMONT BLVD,,,,80.00,Feet,East,HOPKINS ST,,,,0.00,N,Not at Intersection,N,Non-Junction,None,,,         ,Walter,Cothran,Clear,Front to Rear,no,no,no,no,no,False
101935145,METROPOLITAN NASHVILLE POLICE DEPT,20180210011,Davidson,Nashville,3/6/2018 9:45:00 AM,2,0,0,36.081920,-86.761810,I65 N EXT RAMP,,,,0.00,,,HARDING PL,,,,0.00,Y,Four-Way, ,Non-Junction,None,,,         ,Earl,Davis,Clear,Front to Rear,no,no,no,no,no,False
101935149,METROPOLITAN NASHVILLE POLICE DEPT,2018-0209923,Davidson,Old Hickory,3/6/2018 8:50:00 AM,2,0,0,36.267360,-86.666760,ROBINSON,RD,,,300.00,Feet,East,BRIDGEWAY,AVE,,,0.00,N,Not at Intersection,N,Non-Junction,Work Zone,,,         ,Kelsey,Hemminger,Clear,Front to Rear,no,no,no,no,no,False
101935163,METROPOLITAN NASHVILLE POLICE DEPT,20180210078,Davidson,Nashville,3/6/2018 9:55:00 AM,2,0,0,36.137060,-86.726760,I 24,,,,0.00,,,,,,,52.30,N,Not at Intersection, ,Non-Junction,Unknown,,,         ,Johnathan,Carlisle,Clear,Not Collision with Motor Vehicle in Transport,no,no,no,no,no,False
101935165,METROPOLITAN NASHVILLE POLICE DEPT,20180210093,Davidson,Nashville,3/6/2018 10:25:00 AM,1,1,0,36.245010,-86.726180,FREDA VILLA,,,,383.00,Feet,South,WELLINGTON DR,,,,0.00,N,Not at Intersection,N,OtherLocation,None,,,         ,Brian,Otto,Clear,Not Collision with Motor Vehicle in Transport,no,no,no,yes,no,False
101935168,METROPOLITAN NASHVILLE POLICE DEPT,20180210042,Davidson,Nashville,3/6/2018 10:05:00 AM,3,0,0,36.113000,-86.771810,I440 ENT RAMP,,,,0.00,,,I 65,,,,0.00,Y,OTHER, ,Entrance/Exit Ramp Related,None,,,         ,Earl,Davis,Clear,Front to Rear,no,no,no,no,no,False
101935174,METROPOLITAN NASHVILLE POLICE DEPT,20180210066,Davidson,Nashville,3/5/2018 11:00:00 PM,1,1,0,36.033120,-86.674630,OAK CHASE DR,,,,0.00,,,BLUE HOLE RD,,,,0.00,Y,T-Intersection,N,Non-Junction,None,,,         ,Steven,Williams,Clear,Not Collision with Motor Vehicle in Transport,no,no,no,no,yes,False
101935180,METROPOLITAN NASHVILLE POLICE DEPT,20180210190,Davidson,Nashville,3/6/2018 11:01:00 AM,2,1,0,36.214860,-86.604050,LEBANON PKE,,,,201.00,Feet,East,SHUTE LN,,,,0.00,N,Not at Intersection,N,Non-Junction,None,,,         ,Kelsey,Hemminger,Clear,Angle,no,no,no,no,no,False
101935182,METROPOLITAN NASHVILLE POLICE DEPT,20180209963,Davidson,Nashville,3/6/2018 9:24:00 AM,2,1,0,36.128460,-86.815780,I 440,,,,0.00,,,,,,,2.10,N,Not at Intersection,N,Non-Junction,None,,,         ,Phillip,Murphy,Clear,Front to Rear,no,no,no,no,no,False
101935185,METROPOLITAN NASHVILLE POLICE DEPT,20180209616,Davidson,Nashville,3/6/2018 6:05:00 AM,2,0,0,36.239790,-86.744560,BRILEY PKWYW,,,,128.00,Feet,West,BRILEY PKWYE,,,,0.00,N,Not at Intersection, ,Non-Junction,None,,,         ,Cyretha,Frazier,Clear,"Sideswipe, Same Direction",no,no,no,no,no,False
101935186,METROPOLITAN NASHVILLE POLICE DEPT,2018-0209590,Davidson,Antioch,3/6/2018 6:52:00 AM,4,3,0,36.084790,-86.564930,HOBSON PKE,,,,0.00,Feet,East,WALKER RD,,,,0.00,N,Not at Intersection,N,Non-Junction,None,,,         ,William,Whitworth,Clear,HeadOn,no,no,no,no,no,False
101935200,METROPOLITAN NASHVILLE POLICE DEPT,20180210068,Davidson,Nashville,3/6/2018 10:06:00 AM,2,0,0,36.110220,-86.770450,I 65,,,,0.00,,,,,,,79.75,N,Not at Intersection, ,Non-Junction,None,,,         ,Phillip,Murphy,Clear,Front to Rear,no,no,no,no,no,False
101935202,METROPOLITAN NASHVILLE POLICE DEPT,20180210035,Davidson,Nashville,3/6/2018 8:13:00 AM,2,0,0,36.135940,-86.725260,MURFREESBORO PKE,,,,35.00,Feet,East,MURFREESBORO PKE EXT RAMP,,,,0.00,N,Not at Intersection, ,Non-Junction,None,,,         ,Jessie,Meadows,Clear,Front to Rear,no,no,no,no,no,False
101935203,METROPOLITAN NASHVILLE POLICE DEPT,20180210167,Davidson,Nashville,3/6/2018 10:54:00 AM,2,1,0,36.109900,-86.721980,I 24,,,,0.00,,,,,,,53.70,N,Not at Intersection,N,Non-Junction,None,,,         ,Jessie,Meadows,Clear,Front to Rear,no,no,no,no,no,False
101935204,METROPOLITAN NASHVILLE POLICE DEPT,20180209924,Davidson,Nashville,3/6/2018 8:40:00 AM,2,0,0,36.212080,-86.778810,BRICK CHURCH PKE,,,,0.00,,,DENNIS DR,,,,0.00,Y,OTHER,N,Non-Junction,None,,,         ,Jeanine,Sarno,Clear,Front to Rear,no,no,no,no,no,False
101935206,METROPOLITAN NASHVILLE POLICE DEPT,20180209587,Davidson,Nashville,3/6/2018 6:30:00 AM,2,1,0,36.171430,-86.769040,JAMES ROBERTSON PKWY,,,,0.00,Feet,,INTERSTATE DR,,,,0.00,Y,Four-Way,N,Intersection-Related,None,,,         ,Gregory,Julia,Clear,Angle,no,no,no,no,no,False
101935213,METROPOLITAN NASHVILLE POLICE DEPT,20180210014,Davidson,Nashville,3/6/2018 9:40:00 AM,2,0,0,36.140720,-86.737980,MURFREESBORO PKE,,,,67.00,Feet,East,TRANSIT AV,,,,0.00,N,Not at Intersection, ,"Driveway, Alley Access, etc",None,,,         ,Todd,Watson,Clear,Angle,no,no,no,no,no,False
101935221,METROPOLITAN NASHVILLE POLICE DEPT,20180210267,Davidson,Nashville,3/6/2018 11:44:00 AM,2,0,0,36.113260,-86.810990,HILLSBORO PKE,,,,254.00,Feet,South,WOODMONT BLVD,,,,0.00,N,Not at Intersection, ,,None,,,         ,Curtis,Rich,,,no,no,no,no,no,False
101935225,METROPOLITAN NASHVILLE POLICE DEPT,20180209824,Davidson,Nashville,3/6/2018 8:12:00 AM,2,0,0,36.152180,-86.783970,11TH AVS,,,,129.00,Feet,North,12TH AVS,,,,0.00,N,Not at Intersection, ,Non-Junction,None,,,         ,Brent,Bauer,Clear,"Sideswipe, Same Direction",no,no,no,no,no,False
101935242,METROPOLITAN NASHVILLE POLICE DEPT,20180210303,Davidson,Nashville,3/6/2018 11:52:00 AM,2,0,0,36.145980,-86.753910,MURFREESBORO PKE,,,,0.00,,,EXPRESSWAY PARK DR,,,,0.00,Y,Four-Way, ,Intersection,None,,,         ,Stephen,Soule,Clear,Front to Rear,no,no,no,no,no,False