master_record_number,agency,agency_tracking_number,county,city,collision_date,vehicles_involved,number_injured,number_dead,latitude,longitude,roadway_name,roadway_suffix,roadway_number,roadway_local_id,distance_from_reference,miles-feet_indicator,direction_from_reference,intersection_road_name,intersection_road_name_suffix,intersection_road_number,intersection_local_id,mile_marker,intersection_indicator,intersect_type,interchange_related_indicator,relation_to_junction,work_zone_type,construction_maintenance_zone,construction_maintenance_zone_location,fatal_case_number,officer_first_name,officer_last_name,weather_condition(s),manner_of_crash,pedestrian,bicycle,scooter,parking,hitrun,mou
101935247,METROPOLITAN NASHVILLE POLICE DEPT,20180210260,Davidson,Nashville,3/6/2018 11:31:00 AM,1,2,0,36.045260,-86.714320,OLD HICKORY BLVD,,,,141.00,Feet,East,BRENTWOOD EAST DR,,,,0.00,N,Not at Intersection,N,Non-Junction,None,,,         ,Ryan,Sherry,Clear,Not Collision with Motor Vehicle in Transport,yes,no,no,yes,no,False
101935267,METROPOLITAN NASHVILLE POLICE DEPT,20180209710,Davidson,Antioch,3/6/2018 7:00:00 AM,2,0,0,36.085150,-86.564650,HOBSON PKE,,,,0.94,Miles,South,WALKER RD,,,,0.00,N,Not at Intersection, ,Non-Junction,None,,,         ,Thomas,White,Clear,Front to Rear,no,no,no,no,no,False
101935282,METROPOLITAN NASHVILLE POLICE DEPT,20180209732,Davidson,Nashville,3/6/2018 12:00:00 AM,2,0,0,36.098610,-86.659380,MURFREESBORO PKE,,,,0.00,,,HARDING PL,,,,0.00,Y,Four-Way,N,Intersection,None,,,         ,Honorio,Canchola,Clear,Front to Rear,no,no,no,no,no,False
101935284,METROPOLITAN NASHVILLE POLICE DEPT,20180210403,Davidson,Nashville,3/6/2018 12:00:00 AM,2,0,0,36.153260,-86.766950,LINDSLEY AV,,,,206.00,Feet,West,UNIVERSITY ST,,,,0.00,N,Not at Intersection,N,Non-Junction,None,,,         ,Johnathan,Carlisle,Clear,Unknown,no,no,no,no,yes,False
101935322,METROPOLITAN NASHVILLE POLICE DEPT,20180210419,Davidson,Nashville,3/6/2018 12:39:00 PM,3,1,0,36.168920,-86.683630,LEBANON PKE,,,,0.00,,,THE CROSSINGS PVTDR,,,,0.00,Y,T-Intersection,N,Intersection,None,,,         ,Michael,Dance,Clear,Angle,no,no,no,no,no,False
101935363,METROPOLITAN NASHVILLE POLICE DEPT,2018-0209952,Davidson,Not in City Limit,3/6/2018 9:15:00 AM,2,0,0,36.264450,-86.732280,OLD HICKORY BLVDW,,,,0.00,,,N GRAYCROFT AV,,,,0.00,Y,Four-Way, ,Intersection-Related,None,,,         ,John,Pryor,Clear,Front to Rear,no,no,no,no,no,False
101935381,METROPOLITAN NASHVILLE POLICE DEPT,20180210566,Davidson,Nashville,3/6/2018 9:40:00 AM,2,0,0,36.140760,-86.738090,MURFREESBORO PKE,,,,88.00,Feet,West,MENZLER RD,,,,0.00,N,Not at Intersection, ,"Driveway, Alley Access, etc",None,,,         ,Todd,Watson,Clear,Rear to Side,no,no,no,no,no,False
101935385,METROPOLITAN NASHVILLE POLICE DEPT,20180210455,Davidson,Nashville,3/6/2018 12:00:00 AM,2,0,0,36.157440,-86.770530,HERMITAGE AV,,,,0.00,,,PEABODY ST,,,,0.00,Y,Four-Way, ,Intersection-Related,None,,,         ,Trevor,Taylor,Clear,"Sideswipe, Same Direction",no,no,no,no,no,False
101935391,METROPOLITAN NASHVILLE POLICE DEPT,20180210468,Davidson,Nashville,3/6/2018 1:00:00 PM,1,1,0,36.118270,-86.920930,CHARLOTTE PKE,,,,516.00,Feet,West,CEDAR CREST DR,,,,0.00,N,Not at Intersection,N,Non-Junction,None,,,         ,Curtis,Rich,Clear,Not Collision with Motor Vehicle in Transport,no,no,no,no,no,False
101935392,METROPOLITAN NASHVILLE POLICE DEPT,20180209828,Davidson,Nashville,3/6/2018 7:13:00 AM,2,0,0,36.071020,-86.635240,MURFREESBORO PKE,,,,415.00,Feet,South,BELL RD,,,,0.00,N,Not at Intersection, ,Non-Junction,None,,,         ,Roderic,Williams,Clear,"Sideswipe, Same Direction",no,no,no,no,no,False
101935393,METROPOLITAN NASHVILLE POLICE DEPT,20180210528,Davidson,Nashville,3/6/2018 12:18:00 PM,2,0,0,36.174050,-86.749450,FATHERLAND ST,,,,274.00,Feet,East,S 11TH ST,,,,0.00,N,Not at Intersection, ,,None,,,         ,Eric,Knight,,,no,no,no,no,no,False
101935394,METROPOLITAN NASHVILLE POLICE DEPT,20180210216,Davidson,Nashville,3/6/2018 11:10:00 AM,4,1,0,36.214470,-86.730530,GALLATIN PKE,,,,6.00,Feet,South,STRATFORD AV,,,,0.00,N,Not at Intersection,N,OtherLocation,None,,,         ,Joshua,Baker,Clear,Not Collision with Motor Vehicle in Transport,no,no,no,no,yes,False
101935396,METROPOLITAN NASHVILLE POLICE DEPT,20180210563,Davidson,Nashville,3/6/2018 1:35:00 PM,2,0,0,36.135230,-86.640080,TIMBER VALLEY DR,,,,0.00,,,LAKEFORD DR,,,,0.00,Y,T-Intersection, ,Intersection-Related,None,,,         ,James,Curtis,Clear,"Sideswipe, Same Direction",no,no,no,no,no,False
101935446,VANDERBILT UNIVERSITY POLICE,20180210562,Davidson,Nashville,3/6/2018 1:00:00 PM,2,0,0,36.107960,-86.762490,POWELL AV,,,,0.00,,,,,,,0.00,,, ,Non-Junction,None,,,         ,Roger,Tidwell,Clear,"Sideswipe, Same Direction",no,no,no,yes,no,OHO
101935447,METROPOLITAN NASHVILLE POLICE DEPT,20180210678,Davidson,Nashville,3/6/2018 2:13:00 PM,2,1,0,36.205860,-86.768210,E TRINITY LN,,,,119.00,Feet,East,DICKERSON PKE,,,,0.00,N,Not at Intersection,N,Non-Junction,None,,,         ,Victor,Alexander,Clear,Front to Rear,no,no,no,no,yes,False
101935512,METROPOLITAN NASHVILLE POLICE DEPT,20180210628,Davidson,Madison,3/6/2018 2:00:00 PM,2,1,0,36.260700,-86.712730,GALLATIN PKES,,,,128.00,Feet,North,HICKORY ST,,,,0.00,N,Not at Intersection,N,Non-Junction,None,,,         ,Steven,Fisher,Clear,Front to Rear,no,no,no,no,no,False
101935514,METROPOLITAN NASHVILLE POLICE DEPT,20180210541,Davidson,Nashville,3/6/2018 1:27:00 PM,2,3,0,36.045440,-86.647660,CROSSINGS BLVD,,,,112.00,Feet,West,MT VIEW RD,,,,0.00,N,Not at Intersection,N,Non-Junction,None,,,         ,Jessie,Meadows,Clear,Angle,no,no,no,no,no,False
101935517,METROPOLITAN NASHVILLE POLICE DEPT,20180209602,Davidson,Nashville,3/6/2018 6:45:00 AM,2,0,0,36.111620,-86.792580,WOODMONT BLVD,,,,0.00,,,GRANNY WHITE PKE,,,,0.00,Y,Four-Way,N,Intersection,None,,,         ,Jon,Mcvey,Clear,Angle,no,no,no,no,yes,False
101935518,METROPOLITAN NASHVILLE POLICE DEPT,20180210242,Davidson,Nashville,3/6/2018 11:15:00 AM,2,0,0,36.094290,-86.758250,SIDCO DR,,,,0.00,,,POWELL AV,,,,0.00,Y,T-Intersection,N,Intersection,None,,,         ,Jon,Mcvey,Clear,Angle,no,no,no,no,no,False
101935519,METROPOLITAN NASHVILLE POLICE DEPT,20180210518,Davidson,Nashville,3/6/2018 1:14:00 PM,2,3,0,36.082100,-86.761700,HARDING PL,,,,0.00,,,SIDCO DR,,,,0.00,Y,Four-Way,N,Intersection,None,,,         ,Jon,Mcvey,Clear,Angle,no,no,no,no,no,False
101935522,METROPOLITAN NASHVILLE POLICE DEPT,2018-0210577,Davidson,Nashville,3/6/2018 1:37:00 PM,2,1,0,36.110940,-86.741870,LOGAN ST,,,,96.00,Feet,North,THOMPSON LN,,,,0.00,N,Not at Intersection,N,"Driveway, Alley Access, etc",None,,,         ,William,Whitworth,Clear,Angle,no,no,no,no,no,False
101935529,METROPOLITAN NASHVILLE POLICE DEPT,20180210811,Davidson,Nashville,3/6/2018 3:04:00 PM,2,0,0,36.111120,-86.752360,THOMPSON LN,,,,341.00,Feet,East,FOSTER CREIGHTON DR,,,,0.00,N,Not at Intersection, ,Non-Junction,None,,,         ,Ryan,Storm,Clear,Angle,no,no,no,no,no,False
101935536,METROPOLITAN NASHVILLE POLICE DEPT,20180210920,Davidson,Not in City Limit,3/6/2018 3:37:00 PM,2,0,0,36.281590,-86.789550,RYAN ALLEN CIR,,,,0.00,,,AUTUMN RIDGE DR,,,,0.00,Y,T-Intersection,N,Intersection,None,,,         ,Christopher,Littles,Clear,Angle,no,no,no,no,yes,False
101935538,METROPOLITAN NASHVILLE POLICE DEPT,2018-0210647,Davidson,Nashville,3/6/2018 2:09:00 PM,2,0,0,36.126920,-86.709910,THOMPSON PL,,,,356.00,Feet,East,MURFREESBORO PKE,,,,0.00,N,Not at Intersection, ,Non-Junction,None,,,         ,John,Roberson,Clear,"Sideswipe, Same Direction",no,no,no,no,no,False
101935547,METROPOLITAN NASHVILLE POLICE DEPT,20180210840,Davidson,Nashville,3/6/2018 12:00:00 AM,2,0,0,36.173140,-86.791950,JEFFERSON ST,,,,137.00,Feet,East,9TH AVN,,,,0.00,N,Not at Intersection, ,Non-Junction,None,,,         ,Melvin,Taylor,Clear,Front to Rear,no,no,no,no,no,False
101935549,METROPOLITAN NASHVILLE POLICE DEPT,20180210886,Davidson,Nashville,3/6/2018 2:55:00 PM,2,0,0,36.175010,-86.784680,3RD AVN,,,,0.00,,,JEFFERSON ST,,,,0.00,Y,Four-Way, ,,None,,,         ,David,Lang,,,no,no,no,no,no,False
101935555,TENNESSEE STATE UNIVERSITY ,18-TSU-13460,Davidson,Nashville,3/1/2018 7:00:00 PM,1,0,0,36.173790,-86.822580,ED TEMPLE BLVD,,,,0.00,,,DR WALTER S DAVIS BLVD,,,,0.00,Y,T-Intersection, ,Non-Junction,None,,,         ,Mark,Ray,Clear,Not Collision with Motor Vehicle in Transport,no,no,no,no,no,False
101935579,METROPOLITAN NASHVILLE POLICE DEPT,20180210649,Davidson,Nashville,3/6/2018 1:48:00 PM,2,1,0,36.158410,-86.790610,CHURCH ST,,,,0.00,Feet,,GEORGE L DAVIS BLVD,,,,0.00,Y,Four-Way,N,Intersection,None,,,         ,Kevin,Johnson,Clear,HeadOn,no,no,no,no,no,False
101935591,METROPOLITAN NASHVILLE POLICE DEPT,20180210758,Davidson,Nashville,3/6/2018 2:27:00 PM,2,2,0,36.152350,-86.769010,2ND AVS,,,,0.00,,,LINDSLEY AV,,,,0.00,Y,Four-Way,N,Intersection,None,,,         ,Michael,Douglas,Clear,"Sideswipe, Same Direction",no,no,no,no,no,False
101935605,METROPOLITAN NASHVILLE POLICE DEPT,20180210974,Davidson,Nashville,3/6/2018 3:46:00 PM,2,1,0,36.086460,-86.698690,I24 W EXT RAMP,,,,0.00,,,I 24,,,,0.00,Y,OTHER,N,Non-Junction,None,,,         ,Devonte,Coleman,Clear,Front to Rear,no,no,no,no,no,False
101935609,METROPOLITAN NASHVILLE POLICE DEPT,20180211000,Davidson,Nashville,3/6/2018 3:50:00 PM,2,0,0,36.238360,-86.723990,GALLATIN PKES,,,,172.00,Feet,South,GALLATIN PKE,,,,0.00,N,Not at Intersection,N,Non-Junction,None,,,         ,Christopher,Littles,Clear,"Sideswipe, Same Direction",no,no,no,no,no,False
101935611,METROPOLITAN NASHVILLE POLICE DEPT,20180210921,Davidson,Nashville,3/6/2018 12:00:00 AM,2,1,0,36.186550,-86.796030,I 65,,,,0.00,,,,,,,85.50,N,Not at Intersection,N,Non-Junction,None,,,         ,Russell,Jones,Clear,"Sideswipe, Same Direction",no,no,no,no,no,False
101935612,METROPOLITAN NASHVILLE POLICE DEPT,20180211039,Davidson,Nashville,3/6/2018 3:50:00 PM,2,0,0,36.161240,-86.760320,I 24,,,,0.00,,,,,,,49.40,N,Not at Intersection, ,,None,,,         ,Barrett,Teague,,,no,no,no,no,no,False
101935614,METROPOLITAN NASHVILLE POLICE DEPT,20180210714,Davidson,Nashville,3/6/2018 1:59:00 PM,4,0,0,36.163710,-86.762320,I 24,,,,0.00,,,,,,,49.20,N,Not at Intersection, ,Non-Junction,None,,,         ,Michael,Moss,Clear,Other,no,no,no,no,yes,False
101935615,METROPOLITAN NASHVILLE POLICE DEPT,20180210851,Davidson,Nashville,3/6/2018 3:23:00 PM,2,0,0,36.086200,-86.700320,I 24,,,,0.00,,,,,,,55.70,N,Not at Intersection, ,Non-Junction,None,,,         ,Jedidayah,Merriweather,Clear,Front to Rear,no,no,no,no,no,False
101935620,METROPOLITAN NASHVILLE POLICE DEPT,20180210968,Davidson,Nashville,3/6/2018 4:01:00 PM,2,0,0,36.096700,-86.656470,MURFREESBORO PKE,,,,152.00,Feet,West,SMITH SPRINGS RD,,,,0.00,N,Not at Intersection, ,Non-Junction,None,,,         ,Marcus,Darden,Clear,Front to Rear,no,no,no,no,no,False
101935627,METROPOLITAN NASHVILLE POLICE DEPT,20180210876,Davidson,Nashville,3/6/2018 3:34:00 PM,3,0,0,36.051080,-86.882250,OLD HICKORY BLVD,,,,167.00,Feet,West,CHICKERING CIR,,,,0.00,N,Not at Intersection,N,Non-Junction,None,,,         ,Timothy,Kearney,Clear,Front to Rear,no,no,no,no,no,False
101935638,METROPOLITAN NASHVILLE POLICE DEPT,20180211018,Davidson,Goodlettsville,3/6/2018 3:46:00 PM,2,0,0,36.302750,-86.689570,RIVERGATE MARKETPLACE PVTDR,,,,0.00,Feet,East,CHURCHILL CRSG,,,,0.00,N,Not at Intersection,N,Non-Junction,None,,,         ,Peter,Vaught,Clear,Angle,no,no,no,no,yes,False
101935641,METROPOLITAN NASHVILLE POLICE DEPT,20180210843,Davidson,Nashville,3/6/2018 2:55:00 PM,1,0,0,36.090820,-86.818690,HARDING PL,,,,384.00,Feet,East,HUNTINGTON CIR,,,,0.00,N,Not at Intersection,N,Non-Junction,Maintenance Zone,Other,Unknown,         ,Jacob,Paul,Clear,Not Collision with Motor Vehicle in Transport,no,no,no,no,no,False
101935642,METROPOLITAN NASHVILLE POLICE DEPT,20180211028,Davidson,Nashville,3/6/2018 2:50:00 PM,2,0,0,36.150530,-86.771960,MULBERRY ST,,,,0.00,,,5TH AVS,,,,0.00,Y,T-Intersection, ,Intersection,None,,,         ,David,Lang,Clear,"Sideswipe, Opposite Direction",no,no,no,no,no,False
101935645,METROPOLITAN NASHVILLE POLICE DEPT,20180211068,Davidson,Nashville,3/6/2018 4:45:00 PM,2,0,0,36.170400,-86.768450,INTERSTATE DR,,,,0.00,,,WOODLAND ST,,,,0.00,Y,Four-Way, ,Intersection,None,,,         ,Robert,Schohn,Clear,Angle,no,no,no,no,no,False
101935646,METROPOLITAN NASHVILLE POLICE DEPT,20180211030,Davidson,Nashville,3/6/2018 12:00:00 AM,2,0,0,36.165540,-86.794600,I 40,,,,0.00,,,,,,,208.40,N,Not at Intersection, ,Non-Junction,None,,,         ,Melvin,Taylor,Clear,Front to Rear,no,no,no,no,no,False
101935651,METROPOLITAN NASHVILLE POLICE DEPT,20180210947,Davidson,Nashville,3/6/2018 3:59:00 PM,3,0,0,36.232760,-86.747190,ELLINGTON PKWYN,,,,0.00,,,I65 N ENT RAMP,,,,0.00,Y,Y-Intersection, ,Entrance/Exit Ramp Related,None,,,         ,Christopher,Valdez,Clear,"Sideswipe, Same Direction",no,no,no,no,yes,False
101935652,METROPOLITAN NASHVILLE POLICE DEPT,20180211015,Davidson,Nashville,3/6/2018 4:28:00 PM,1,1,0,36.205890,-86.768610,E TRINITY LN,,,,0.00,,,DICKERSON PKE,,,,0.00,Y,Four-Way,N,Intersection,None,,,         ,Christopher,Valdez,Clear,Not Collision with Motor Vehicle in Transport,yes,no,no,no,no,False
101935656,METROPOLITAN NASHVILLE POLICE DEPT,20180211115,Davidson,Nashville,3/6/2018 5:07:00 PM,3,0,0,36.109830,-86.727720,EAST THOMPSON LN,,,,135.00,Feet,South,EAST THOMPSON LN PVTDR,,,,0.00,N,Not at Intersection,N,Non-Junction,None,,,         ,Jessie,Meadows,Clear,"Sideswipe, Same Direction",no,no,no,no,yes,False
101935657,METROPOLITAN NASHVILLE POLICE DEPT,20180211147,Davidson,Nashville,3/6/2018 5:22:00 PM,2,0,0,36.082600,-86.761570,SIDCO DR,,,,260.00,Feet,South,CSX DR,,,,0.00,N,Not at Intersection,N,Non-Junction,None,,,         ,Ryan,Storm,Clear,HeadOn,no,no,no,no,no,False
101935658,THP District 3 - Nashville,318013394,Davidson,Nashville,3/6/2018 8:40:00 AM,2,0,0,36.039560,-86.781690,I65 N EXT RAMP,,,,0.00,,,I 65,,,,0.00,Y,T-Intersection, ,Entrance/Exit Ramp Related,None,,,         ,Andrew,Perez,Clear,Front to Rear,no,no,no,no,no,False
101935662,METROPOLITAN NASHVILLE POLICE DEPT,20180211222,Davidson,Nashville,3/6/2018 5:35:00 PM,2,0,0,36.135290,-86.726740,I 24,,,,0.00,,,,,,,52.20,N,Not at Intersection,N,Non-Junction,None,,,         ,Seth,Vaughn,Clear,Front to Rear,no,no,no,no,no,False
101935679,METROPOLITAN NASHVILLE POLICE DEPT,20180211054,Davidson,Nashville,3/6/2018 4:30:00 PM,2,0,0,36.108600,-86.741000,TANKSLEY AV,,,,0.00,,,SIMMONS AV,,,,0.00,Y,Four-Way, ,Intersection,None,,,         ,Eric,Keller,Clear,"Sideswipe, Opposite Direction",no,no,no,no,yes,False
101935688,METROPOLITAN NASHVILLE POLICE DEPT,20180211103,Davidson,Nashville,3/6/2018 4:50:00 PM,2,1,0,36.141750,-86.714000,I 40,,,,0.00,,,,,,,214.00,N,Not at Intersection,N,Non-Junction,None,,,         ,Darci,Stechman,Clear,Front to Rear,no,no,no,no,no,False
101935689,METROPOLITAN NASHVILLE POLICE DEPT,20180211347,Davidson,Nashville,3/6/2018 3:50:00 PM,2,0,0,36.030660,-86.783580,I 65,,,,0.00,,,,,,,74.00,N,Not at Intersection,N,Non-Junction,None,,,         ,Jacob,Paul,Clear,"Sideswipe, Same Direction",no,no,no,no,yes,False
101935691,METROPOLITAN NASHVILLE POLICE DEPT,20180211192,Davidson,Nashville,3/6/2018 4:15:00 PM,2,0,0,36.153490,-86.763690,I 40,,,,0.00,,,,,,,210.75,N,Not at Intersection,Y,Non-Junction,None,,,         ,Johnathan,Pannell,Clear,"Sideswipe, Same Direction",no,no,no,no,yes,False
101935692,METROPOLITAN NASHVILLE POLICE DEPT,20180211208,Davidson,Nashville,3/6/2018 4:20:00 PM,2,0,0,36.146960,-86.743230,I 40,,,,0.00,,,,,,,212.05,N,Not at Intersection, ,Non-Junction,None,,,         ,Johnathan,Pannell,Clear,"Sideswipe, Same Direction",no,no,no,no,no,False
101935694,METROPOLITAN NASHVILLE POLICE DEPT,20180211436,Davidson,Nashville,3/6/2018 6:55:00 PM,2,0,0,36.128590,-86.777890,FRANKLIN PKE,,,,0.00,,,8TH AVS,,,,0.00,Y,Four-Way,N,Non-Junction,None,,,         ,Gregory,Scott,Clear,Front to Rear,no,no,no,no,yes,False
101935697,METROPOLITAN NASHVILLE POLICE DEPT,20180211169,Davidson,Goodlettsville,3/6/2018 5:28:00 PM,2,0,0,36.292020,-86.720710,I 65,,,,0.00,,,,,,,94.40,N,Not at Intersection,N,Non-Junction,None,,,         ,Christopher,Littles,Clear,Front to Rear,no,no,no,no,no,False
101935698,METROPOLITAN NASHVILLE POLICE DEPT,20180211239,Davidson,Goodlettsville,3/6/2018 5:32:00 PM,2,0,0,36.289860,-86.723390,I 65,,,,0.00,,,,,,,94.20,N,Not at Intersection, ,Non-Junction,None,,,         ,Christopher,Littles,Clear,Front to Rear,no,no,no,no,no,False
101935699,METROPOLITAN NASHVILLE POLICE DEPT,20180211273,Davidson,Goodlettsville,3/6/2018 5:29:00 PM,2,0,0,36.287530,-86.725950,I 65,,,,0.00,,,,,,,93.00,N,Not at Intersection,N,Non-Junction,None,,,         ,Christopher,Littles,Clear,Front to Rear,no,no,no,no,no,False
101935703,METROPOLITAN NASHVILLE POLICE DEPT,20180211285,Davidson,Not in City Limit,3/6/2018 6:00:00 PM,2,2,0,36.262340,-86.738010,I 65,,,,0.00,,,,,,,92.10,N,Not at Intersection,N,Non-Junction,None,,,         ,Amy,Hirschmann,Clear,Front to Rear,no,no,no,no,no,False
101935714,METROPOLITAN NASHVILLE POLICE DEPT,20180211397,Davidson,Nashville,3/6/2018 6:45:00 PM,2,0,0,36.167470,-86.762550,SHELBY AV,,,,109.00,Feet,West,S 5TH ST,,,,0.00,N,Not at Intersection, ,,None,,,         ,Barrett,Teague,,,no,no,no,no,no,False
101935715,METROPOLITAN NASHVILLE POLICE DEPT,20180211430,Davidson,Nashville,3/6/2018 5:21:00 PM,2,0,0,36.158270,-86.797750,17TH AVN,,,,150.00,Feet,South,CHARLOTTE AV,,,,0.00,N,Not at Intersection,N,Non-Junction,None,,,         ,Eric,Burford,Clear,Front to Rear,no,no,no,no,yes,False
101935716,METROPOLITAN NASHVILLE POLICE DEPT,20180211145,Davidson,Nashville,3/6/2018 4:28:00 PM,2,0,0,36.037530,-86.786540,FRANKLIN PKE,,,,0.00,,,OLD HICKORY BLVD,,,,0.00,Y,Four-Way, ,Intersection,None,,,         ,Brandon,Hughes,Clear,"Sideswipe, Same Direction",no,no,no,no,no,False
101935717,METROPOLITAN NASHVILLE POLICE DEPT,20180211041,Davidson,Not in City Limit,3/6/2018 3:50:00 PM,2,0,0,36.034860,-86.971500,HIGHWAY 100,,,,0.00,,,WESTHAVEN DR,,,,0.00,Y,T-Intersection,Y,Intersection-Related,None,,,         ,John,Hoesli,Clear,Front to Rear,no,no,no,no,no,False
101935732,BERRY HILL POLICE DEPT,18-0770,Davidson,Berry Hill,3/6/2018 5:55:00 PM,2,0,0,36.120090,-86.775010,FRANKLIN PKE,,,,0.00,,,GALE LN,,,,0.00,Y,T-Intersection,N,Non-Junction,None,,,         ,Charles,Cage,Clear,Angle,no,no,no,no,no,False
101935736,METROPOLITAN NASHVILLE POLICE DEPT,20180211303,Davidson,Nashville,3/6/2018 6:03:00 PM,1,1,0,36.169100,-86.602120,MILLS RD,,,,554.00,Feet,West,OLD HICKORY BLVD,,,,0.00,N,Not at Intersection,N,Non-Junction,None,,,         ,Russell,Ward,Clear,Not Collision with Motor Vehicle in Transport,no,no,no,no,no,False
101935738,VANDERBILT UNIVERSITY POLICE,20180211210,Davidson,Nashville,3/6/2018 12:00:00 AM,2,0,0,36.138560,-86.804080,24TH AVS,,,,0.00,,,23RD AVS,,,,0.00,,OTHER, ,Non-Junction,None,,,         ,Cheryl,Bonner,Clear,Unknown,no,no,no,yes,yes,Campus
101935739,METROPOLITAN NASHVILLE POLICE DEPT,2018-0211345,Davidson,Nashville,3/6/2018 6:15:00 PM,2,0,0,36.149930,-86.784640,I 40,,,,0.00,,,,,,,209.55,N,Not at Intersection, ,Non-Junction,None,,,         ,John,Roberson,Clear,Front to Rear,no,no,no,no,no,False
101935746,METROPOLITAN NASHVILLE POLICE DEPT,20180211542,Davidson,Nashville,3/6/2018 6:55:00 PM,2,0,0,36.154270,-86.787060,DEMONBREUN ST,,,,175.00,Feet,East,I40 W EXT RAMP,,,,0.00,N,Not at Intersection, ,Non-Junction,None,,,         ,David,Lang,Clear,Front to Rear,no,no,no,no,no,False
101935758,METROPOLITAN NASHVILLE POLICE DEPT,20180210956,Davidson,Not in City Limit,3/6/2018 3:15:00 PM,2,0,0,36.038040,-86.953940,HOLLY TRACE WAY,,,,0.00,,,HOLLY TRACE CT,,,,0.00,Y,Four-Way,Y,Intersection,None,,,         ,John,Hoesli,Clear,Angle,no,no,no,no,yes,False
101935770,METROPOLITAN NASHVILLE POLICE DEPT,20180211616,Davidson,Antioch,3/6/2018 7:10:00 PM,2,0,0,36.047840,-86.612050,MURFREESBORO PKE,,,,0.00,,,MOUNTAIN SPRINGS RD,,,,0.00,Y,Four-Way, ,Intersection,None,,,         ,Candice,Soper,Clear,Front to Rear,no,no,no,no,no,False
101935776,METROPOLITAN NASHVILLE POLICE DEPT,2018-0208217,Davidson,Nashville,3/5/2018 8:15:00 PM,3,0,0,36.043440,-86.718080,KNOLLS PL,,,,0.00,Feet,East,ZERMATT AV,,,,0.00,N,Not at Intersection,N,Non-Junction,None,,,         ,Jacob,Paul,Clear,Front to Rear,no,no,no,yes,yes,False
101935782,METROPOLITAN NASHVILLE POLICE DEPT,20180211500,Davidson,Nashville,3/6/2018 7:29:00 PM,2,1,0,36.101790,-86.922740,OLD HICKORY BLVD,,,,1503.00,Feet,South,BELLE VALLEY DR,,,,0.00,N,Not at Intersection,N,Non-Junction,None,,,         ,Brandon,Pedigo,Clear,Front to Rear,no,no,no,no,no,False
101935783,METROPOLITAN NASHVILLE POLICE DEPT,20180211290,Davidson,Nashville,3/6/2018 6:00:00 PM,3,0,0,36.097110,-86.763420,I 65,,,,0.00,,,,,,,78.85,N,Not at Intersection, ,Non-Junction,None,,,         ,Akira,McSwain,Clear,Front to Rear,no,no,no,no,no,False
101935784,METROPOLITAN NASHVILLE POLICE DEPT,20180211440,Davidson,Nashville,3/6/2018 6:40:00 PM,2,0,0,36.098580,-86.763880,I 65,,,,0.00,,,,,,,78.95,N,Not at Intersection, ,Non-Junction,None,,,         ,Akira,McSwain,Clear,Front to Rear,no,no,no,no,no,False
101935785,METROPOLITAN NASHVILLE POLICE DEPT,20180211384,Davidson,Nashville,3/6/2018 12:00:00 AM,2,0,0,36.150470,-86.856620,CHARLOTTE PKE,,,,232.00,Feet,East,ORLANDO AV,,,,0.00,N,Not at Intersection,N,Non-Junction,None,,,         ,Timothy,Kearney,Clear,"Sideswipe, Same Direction",no,no,no,no,no,False
101935788,METROPOLITAN NASHVILLE POLICE DEPT,20180211595,Davidson,Nashville,3/6/2018 6:41:00 PM,2,0,0,36.106980,-86.743210,NOLENSVILLE PKE,,,,241.00,Feet,South,MORTON AV,,,,0.00,N,Not at Intersection,N,Non-Junction,None,,,         ,Edin,Plancic,Clear,Front to Rear,no,no,no,no,no,False
101935791,METROPOLITAN NASHVILLE POLICE DEPT,20180211777,Davidson,Nashville,3/6/2018 8:45:00 PM,2,0,0,36.045430,-86.703720,OLD HICKORY BLVD,,,,33.00,Feet,West,EULALA DR,,,,0.00,N,Not at Intersection, ,Non-Junction,None,,,         ,Eric,Keller,Clear,Front to Rear,no,no,no,no,no,False
101935793,METROPOLITAN NASHVILLE POLICE DEPT,20180211314,Davidson,Nashville,3/6/2018 6:18:00 PM,3,0,0,36.178090,-86.800760,I 65,,,,0.00,,,,,,,84.85,N,Not at Intersection,N,Non-Junction,None,,,         ,Shannon,Forsyth,Clear,Front to Rear,no,no,no,no,no,False
101935799,METROPOLITAN NASHVILLE POLICE DEPT,20180211456,Davidson,Nashville,3/6/2018 7:11:00 PM,2,2,0,36.229610,-86.760560,EWING DR,,,,387.00,Feet,West,BROADMOOR DR,,,,0.00,N,Not at Intersection,N,Non-Junction,None,,,         ,Joshua,Lackey,Clear,HeadOn,no,no,no,no,no,False
101935801,METROPOLITAN NASHVILLE POLICE DEPT,20180211823,Davidson,Nashville,3/6/2018 8:45:00 PM,2,0,0,36.084580,-86.704540,HARDING PL,,,,348.00,Feet,West,TRAVELERS INN DR,,,,0.00,N,Not at Intersection, ,Non-Junction,None,,,         ,Eric,Keller,Clear,Front to Rear,no,no,no,yes,yes,False
101935806,METROPOLITAN NASHVILLE POLICE DEPT,20180211658,Davidson,Not in City Limit,3/6/2018 6:29:00 PM,2,0,0,36.262210,-86.712210,GALLATIN PKES,,,,0.00,Feet,,E OLD HICKORY BLVD,,,,0.00,Y,Four-Way, ,Intersection-Related,None,,,         ,Christopher,Littles,Clear,Angle,no,no,no,no,no,False