master_record_number,agency,agency_tracking_number,county,city,collision_date,vehicles_involved,number_injured,number_dead,latitude,longitude,roadway_name,roadway_suffix,roadway_number,roadway_local_id,distance_from_reference,miles-feet_indicator,direction_from_reference,intersection_road_name,intersection_road_name_suffix,intersection_road_number,intersection_local_id,mile_marker,intersection_indicator,intersect_type,interchange_related_indicator,relation_to_junction,work_zone_type,construction_maintenance_zone,construction_maintenance_zone_location,fatal_case_number,officer_first_name,officer_last_name,weather_condition(s),manner_of_crash,pedestrian,bicycle,scooter,parking,hitrun,mou
101938166,METROPOLITAN NASHVILLE POLICE DEPT,20180221016,Davidson,Nashville,3/9/2018 6:50:00 AM,2,0,0,36.078350,-86.670270,BILLINGSGATE RD,,,,0.00,,,FRANKLIN LIMESTONE RD,,,,0.00,Y,T-Intersection, ,Intersection,None,,,         ,Troy,Loewen,Clear,Front to Rear,no,no,no,no,yes,False
101938170,METROPOLITAN NASHVILLE POLICE DEPT,20180220947,Davidson,Nashville,3/9/2018 8:50:00 AM,3,5,0,36.209710,-86.776070,I 65,,,,0.00,,,,,,,87.60,N,Not at Intersection,N,Non-Junction,None,,,         ,Brent,Hedgcoth,Clear,Front to Rear,no,no,no,no,no,False
101938189,METROPOLITAN NASHVILLE POLICE DEPT,20180221002,Davidson,Nashville,3/9/2018 9:31:00 AM,2,0,0,36.178450,-86.784910,MONROE ST,,,,188.00,Feet,East,2ND AVN,,,,0.00,N,Not at Intersection, ,Non-Junction,Work Zone,,,         ,Brenna,Hosey,Clear,HeadOn,no,no,no,no,no,False
101938203,METROPOLITAN NASHVILLE POLICE DEPT,20180221135,Davidson,Nashville,3/9/2018 10:21:00 AM,2,0,0,36.151690,-86.803720,ELLISTON PL,,,,0.00,Feet,,22ND AVN,,,,0.00,Y,T-Intersection,N,Intersection,None,,,         ,Michael,McCord,Cloudy,Angle,no,no,no,no,no,Campus
101938208,METROPOLITAN NASHVILLE POLICE DEPT,20180221067,Davidson,Nashville,3/9/2018 9:54:00 AM,2,0,0,36.153380,-86.763950,I 40,,,,0.00,,,,,,,210.75,N,Not at Intersection, ,Non-Junction,None,,,         ,Michael,Dance,Clear,Front to Rear,no,no,no,no,no,False
101938216,METROPOLITAN NASHVILLE POLICE DEPT,20180221016,Davidson,Nashville,3/9/2018 9:37:00 AM,2,1,0,36.109630,-86.720200,I24 W EXT RAMP,,,,0.00,Feet,East,I 24,,,,0.00,N,Not at Intersection,Y,Entrance/Exit Ramp Related,None,,,         ,Michael,Dudley,Clear,Front to Rear,no,no,no,no,no,False
101938221,METROPOLITAN NASHVILLE POLICE DEPT,20180220979,Davidson,Not in City Limit,3/9/2018 9:24:00 AM,1,0,0,36.277690,-86.734750,I 65,,,,0.00,,,,,,,93.20,N,Not at Intersection, ,Non-Junction,None,,,         ,Cyretha,Frazier,Cloudy,Not Collision with Motor Vehicle in Transport,no,no,no,no,no,False
101938223,METROPOLITAN NASHVILLE POLICE DEPT,20180221076,Davidson,Nashville,3/9/2018 9:44:00 AM,1,0,0,36.094700,-86.707110,I 24,,,,0.00,,,,,,,55.00,N,Not at Intersection,N,Non-Junction,None,,,         ,Todd,Watson,Clear,Not Collision with Motor Vehicle in Transport,no,no,no,no,no,False
101938259,METROPOLITAN NASHVILLE POLICE DEPT,20180221158,Davidson,Nashville,3/9/2018 10:23:00 AM,2,1,0,36.080430,-86.717730,HARDING PL,,,,60.00,Feet,East,JONQUIL DR,,,,0.00,N,Not at Intersection, ,Non-Junction,None,,,         ,Nicholas,Carter,Clear,Front to Rear,no,no,no,no,yes,False
101938266,METROPOLITAN NASHVILLE POLICE DEPT,20180220682,Davidson,Nashville,3/9/2018 2:30:00 AM,1,0,0,36.164050,-86.749780,S 12TH ST,,,,0.00,,,GLENVIEW DR,,,,0.00,Y,T-Intersection,N,Intersection,None,,,         ,Joshua,Baker,Unknown,Not Collision with Motor Vehicle in Transport,no,no,no,no,no,False
101938290,METROPOLITAN NASHVILLE POLICE DEPT,20180221082,Davidson,Nashville,3/9/2018 10:00:00 AM,2,0,0,36.120990,-86.790690,KIRKWOOD AV,,,,0.00,,,,,,,0.00,,,N,Non-Junction,None,,,         ,Nathan,Smith,Clear,"Sideswipe, Same Direction",no,no,no,no,yes,False
101938315,METROPOLITAN NASHVILLE POLICE DEPT,18-0221092,Davidson,Nashville,3/9/2018 10:03:00 AM,1,0,0,36.119610,-86.787780,KIRKWOOD AV,,,,0.00,,,,,,,0.00,,,N,Non-Junction,None,,,         ,Kaleb,Stella,Clear,Not Collision with Motor Vehicle in Transport,no,no,no,no,no,False
101938316,METROPOLITAN NASHVILLE POLICE DEPT,18-0221231,Davidson,Nashville,3/9/2018 10:50:00 AM,4,1,0,36.112300,-86.767970,OLD POWELL AV,,,,35.00,Feet,South,W IRIS DR,,,,0.00,N,Not at Intersection,N,Non-Junction,None,,,         ,Kaleb,Stella,Clear,Front to Rear,no,no,no,no,no,False
101938351,METROPOLITAN NASHVILLE POLICE DEPT,20180221355,Davidson,Nashville,3/9/2018 11:43:00 AM,2,0,0,36.217790,-86.774890,I 65,,,,0.00,,,,,,,88.15,N,Not at Intersection,N,Non-Junction,None,,,         ,Patrick,Taylor,Clear,Front to Rear,no,no,no,no,no,False
101938363,METROPOLITAN NASHVILLE POLICE DEPT,20180221511,Davidson,Nashville,3/9/2018 12:00:00 AM,2,0,0,36.190000,-86.798620,ROSA L PARKS BLVD,,,,381.00,Feet,South,VANTAGE WAY CT,,,,0.00,N,Not at Intersection,N,Non-Junction,None,,,         ,Brian,Mclarty,Clear,Front to Rear,no,no,no,no,no,False
101938425,METROPOLITAN NASHVILLE POLICE DEPT,20180221636,Davidson,Nashville,3/9/2018 1:29:00 PM,2,1,0,36.134280,-86.779090,WEDGEWOOD AV,,,,0.00,,,8TH AVS,,,,0.00,Y,Four-Way,N,Intersection,None,,,         ,Nathan,Kemp,Clear,Angle,no,no,no,no,no,False
101938454,METROPOLITAN NASHVILLE POLICE DEPT,20180221559,Davidson,Nashville,3/9/2018 1:08:00 PM,3,2,0,36.154910,-86.797790,CHURCH ST,,,,91.00,Feet,West,18TH AVN,,,,0.00,N,Not at Intersection, ,Non-Junction,None,,,         ,Jon,Mcvey,Clear,Front to Rear,no,no,no,no,no,False
101938455,METROPOLITAN NASHVILLE POLICE DEPT,20180221494,Davidson,Nashville,3/9/2018 12:15:00 PM,2,0,0,36.191120,-86.797200,VANTAGE WAY,,,,0.00,,,FRENCH LANDING DR,,,,0.00,Y,Four-Way, ,,None,,,         ,Isaac,Wood,,,no,no,no,no,no,False
101938485,METROPOLITAN NASHVILLE POLICE DEPT,20180221501,Davidson,Nashville,3/9/2018 12:38:00 PM,4,2,0,36.142800,-86.744360,MURFREESBORO PKE,,,,0.00,,,FESSLERS LN,,,,0.00,Y,Four-Way,N,Intersection,None,,,         ,Michael,Dance,Clear,Front to Rear,no,no,no,no,no,False
101938505,METROPOLITAN NASHVILLE POLICE DEPT,20180221369,Davidson,Nashville,3/9/2018 11:45:00 AM,2,0,0,36.136160,-86.788670,WEDGEWOOD AV,,,,0.00,,,12TH AVS,,,,0.00,Y,Four-Way, ,,None,,,         ,Cody,O'Quinn,,,no,no,no,no,no,False
101938523,TENNESSEE STATE UNIVERSITY ,18-TSU-14991,Davidson,Nashville,3/9/2018 12:20:00 PM,2,1,0,36.171630,-86.817780,W H DAVIS DR,,,,1106.00,Feet,East,W HEIMAN ST,,,,0.00,N,Not at Intersection, ,OtherLocation,None,,,         ,Ashley,Boleyjack,Clear,"Sideswipe, Opposite Direction",no,no,no,yes,no,False
101938540,METROPOLITAN NASHVILLE POLICE DEPT,20180221732,Davidson,Nashville,3/9/2018 2:08:00 PM,1,0,0,36.195710,-86.866120,BRILEY PKWYN,,,,1126.00,Feet,North,BRILEY PKWYS,,,,0.00,N,Not at Intersection,N,Non-Junction,None,,,         ,Patrick,Taylor,Clear,Not Collision with Motor Vehicle in Transport,no,no,no,no,no,False
101938543,METROPOLITAN NASHVILLE POLICE DEPT,20180220819,Davidson,Nashville,3/9/2018 8:04:00 AM,2,0,0,36.157950,-86.784310,10TH AVN,,,,0.00,,,BROADWAY,,,,0.00,Y,Four-Way, ,Non-Junction,None,,,         ,Joshua,Reece,Clear,Angle,no,no,no,no,no,False
101938590,METROPOLITAN NASHVILLE POLICE DEPT,20180221783,Davidson,Nashville,3/9/2018 2:36:00 PM,2,1,0,36.193410,-86.744000,GALLATIN AV,,,,275.00,Feet,North,DOUGLAS AV,,,,0.00,N,Not at Intersection,N,Non-Junction,None,,,         ,Randall,Smith,Clear,Front to Rear,no,no,no,no,no,False
101938594,METROPOLITAN NASHVILLE POLICE DEPT,20180221658,Davidson,Nashville,3/9/2018 1:20:00 PM,2,0,0,36.196720,-86.835580,BELLEFIELD AV,,,,123.00,Feet,East,CLARKSVILLE PKE,,,,0.00,N,Not at Intersection,N,Non-Junction,None,,,         ,Victor,Alexander,Clear,"Sideswipe, Same Direction",no,no,no,no,no,False
101938671,METROPOLITAN NASHVILLE POLICE DEPT,20180221784,Davidson,Nashville,3/9/2018 2:30:00 PM,2,0,0,36.141820,-86.672510,I 40,,,,0.00,,,,,,,215.00,N,Not at Intersection, ,Non-Junction,None,,,         ,Brady,Reynolds,Clear,"Sideswipe, Same Direction",no,no,no,no,no,False
101938672,METROPOLITAN NASHVILLE POLICE DEPT,20180221686,Davidson,Nashville,3/9/2018 1:45:00 PM,2,2,0,36.085740,-86.648040,MURFREESBORO PKE,,,,467.00,Feet,South,NASHBORO BLVD,,,,0.00,N,Not at Intersection,N,Non-Junction,None,,,         ,Thomas,Odom,Clear,Angle,no,no,no,no,no,False
101938674,METROPOLITAN NASHVILLE POLICE DEPT,20180221821,Davidson,Nashville,3/9/2018 2:57:00 PM,3,0,0,36.242240,-86.774510,AUSTIN LN,,,,0.00,,,MASONWOOD DR,,,,0.00,Y,T-Intersection, ,Intersection,None,,,         ,Christopher,Littles,Clear,Front to Rear,no,no,no,no,no,False
101938688,METROPOLITAN NASHVILLE POLICE DEPT,20180221845,Davidson,Nashville,3/9/2018 12:00:00 AM,2,0,0,36.176310,-86.800690,I 65,,,,0.00,,,,,,,84.75,N,Not at Intersection, ,Non-Junction,None,,,         ,Amery,Milligan,Clear,"Sideswipe, Same Direction",no,no,no,no,no,False
101938711,METROPOLITAN NASHVILLE POLICE DEPT,20180221878,Davidson,Nashville,3/9/2018 2:37:00 PM,2,0,0,36.189600,-86.627320,LEBANON PKE,,,,772.00,Feet,East,HICKORY HILL LN,,,,0.00,N,Not at Intersection, ,Non-Junction,None,,,         ,Cesar,Rocha,Clear,Front to Rear,no,no,no,no,no,False
101938717,METROPOLITAN NASHVILLE POLICE DEPT,20180221959,Davidson,Nashville,3/9/2018 3:13:00 PM,2,0,0,36.129850,-86.802280,21ST AVS,,,,187.00,Feet,South,BLAIR BLVD,,,,0.00,N,Not at Intersection, ,,None,,,         ,Ryan,Cagle,,,no,no,no,no,no,False
101938718,METROPOLITAN NASHVILLE POLICE DEPT,20180221979,Davidson,Nashville,3/9/2018 3:38:00 PM,2,0,0,36.110530,-86.745010,NOLENSVILLE PKE,,,,136.00,Feet,North,COLLIER AV,,,,0.00,N,Not at Intersection, ,Non-Junction,None,,,         ,Randall,Ward,Clear,Front to Rear,no,no,no,no,no,False
101938745,METROPOLITAN NASHVILLE POLICE DEPT,20180221896,Davidson,Nashville,3/9/2018 12:00:00 AM,1,0,0,36.172660,-86.768830,I24 W EXT RAMP,,,,103.00,Feet,North,I 24,,,,0.00,N,Not at Intersection,Y,Entrance/Exit Ramp Related,None,,,         ,David,Lang,Clear,Not Collision with Motor Vehicle in Transport,no,no,no,no,yes,False
101938756,METROPOLITAN NASHVILLE POLICE DEPT,20180221897,Davidson,Nashville,3/9/2018 2:55:00 PM,2,0,0,36.157530,-86.707310,LEBANON PKE,,,,52.00,Feet,West,GAYLAND CT,,,,0.00,N,Not at Intersection, ,Non-Junction,None,,,         ,Trenton,Searcy,Clear,Not Collision with Motor Vehicle in Transport,no,no,no,no,no,False
101938780,METROPOLITAN NASHVILLE POLICE DEPT,20180222025,Davidson,Nashville,3/9/2018 4:10:00 PM,2,0,0,36.106210,-86.673060,MURFREESBORO PKE,,,,0.00,,,DONELSON PKE,,,,0.00,Y,Four-Way, ,Intersection,None,,,         ,Madison,Meiss,Clear,Angle,no,no,no,no,no,False
101938784,METROPOLITAN NASHVILLE POLICE DEPT,20180221836,Davidson,Nashville,3/9/2018 3:01:00 PM,2,1,0,36.149470,-86.773150,I 40,,,,0.00,,,,,,,210.20,N,Not at Intersection, ,Non-Junction,None,,,         ,FELIKS,ABRAHAMYAN,Clear,Front to Rear,no,no,no,no,no,False
101938796,MOUNT JULIET POLICE DEPT,18-6989,Davidson,Nashville,3/6/2018 5:48:00 PM,2,0,0,36.216840,-86.583180,LEBANON RD,,,,0.00,,,MATTERHORN DR,,,,0.00,Y,T-Intersection, ,Intersection,None,,,         ,Montel,Jackson,Cloudy,Angle,no,no,no,no,no,False
101938797,METROPOLITAN NASHVILLE POLICE DEPT,20180222039,Davidson,Nashville,3/9/2018 4:19:00 PM,2,3,0,36.176040,-86.757010,MAIN ST,,,,74.00,Feet,East,S 9TH ST,,,,0.00,N,Not at Intersection,N,Non-Junction,None,,,         ,Richard,Conger,Clear,Front to Rear,no,no,no,no,no,False
101938798,METROPOLITAN NASHVILLE POLICE DEPT,20180222022,Davidson,Nashville,3/9/2018 4:08:00 PM,2,0,0,36.168440,-86.770360,RUSSELL ST,,,,0.00,,,S 2ND ST,,,,0.00,Y,T-Intersection, ,Intersection,None,,,         ,Robert,Schohn,Clear,Angle,no,no,no,no,no,False
101938808,METROPOLITAN NASHVILLE POLICE DEPT,2018-0222075,Davidson,Nashville,3/9/2018 3:50:00 PM,2,0,0,36.153710,-86.721560,LEBANON PKE,,,,0.00,,,SPENCE LN,,,,0.00,Y,Four-Way, ,Intersection-Related,None,,,         ,John,Roberson,Clear,Front to Rear,no,no,no,no,no,False
101938823,METROPOLITAN NASHVILLE POLICE DEPT,20180221890,Davidson,Nashville,3/9/2018 3:09:00 PM,2,0,0,36.086820,-86.771940,FRANKLIN PKE,,,,92.00,Feet,North,HARDING PL,,,,0.00,N,Not at Intersection, ,Non-Junction,Construction Zone,,,         ,Akira,McSwain,Clear,Front to Rear,no,no,no,no,no,False
101938836,GOODLETTSVILLE POLICE DEPT,18-08858,Davidson,Goodlettsville,3/9/2018 12:55:00 PM,2,1,0,36.302130,-86.720510,DICKERSON PKES,,,,0.00,,,MEADOWCREEK CIR,,,,0.00,Y,T-Intersection,N,Non-Junction,None,,,         ,Jeremy,Baker,Clear,Angle,no,no,no,no,no,False
101938837,METROPOLITAN NASHVILLE POLICE DEPT,20180222038,Davidson,Nashville,3/9/2018 4:18:00 PM,2,1,0,36.168160,-86.690160,LEBANON PKE,,,,0.00,,,BRILEY PKWY S EXT RAMP,,,,0.00,Y,T-Intersection,Y,Intersection-Related,None,,,         ,Allyson,Reis,Clear,Angle,no,no,no,no,no,False
101938838,METROPOLITAN NASHVILLE POLICE DEPT,20180221872,Davidson,Not in City Limit,3/9/2018 3:16:00 PM,3,0,0,36.061200,-86.943390,OLD HARDING PKE,,,,451.00,Feet,South,SAWYER BROWN RD,,,,0.00,N,Not at Intersection,N,Non-Junction,None,,,         ,Timothy,Morgan,Clear,Front to Rear,no,no,no,no,no,False
101938842,METROPOLITAN NASHVILLE POLICE DEPT,20180222047,Davidson,Nashville,3/9/2018 2:50:00 PM,2,0,0,36.124420,-86.833310,WOODLAWN DR,,,,0.00,Feet,,WILSON BLVDS,,,,0.00,Y,Four-Way, ,Intersection-Related,None,,,         ,Robert,Crow,Clear,Not Collision with Motor Vehicle in Transport,no,no,no,no,no,False
101938847,METROPOLITAN NASHVILLE POLICE DEPT,20180221272,Davidson,Nashville,3/9/2018 11:03:00 AM,2,0,0,36.080510,-86.685400,FRANKLIN LIMESTONE RD,,,,103.00,Feet,East,ANTIOCH PKE,,,,0.00,N,Not at Intersection, ,Non-Junction,None,,,         ,Jessie,Meadows,Clear,Front to Rear,no,no,no,no,no,False
101938848,METROPOLITAN NASHVILLE POLICE DEPT,20180221313,Davidson,Nashville,3/9/2018 12:00:00 AM,1,0,0,36.118980,-86.748910,ELBERTA ST,,,,106.00,Feet,East,NOLENSVILLE PKE,,,,0.00,N,Not at Intersection,N,Non-Junction,None,,,         ,Jessie,Meadows,Clear,Not Collision with Motor Vehicle in Transport,no,no,no,no,yes,False
101938849,METROPOLITAN NASHVILLE POLICE DEPT,20180221356,Davidson,Nashville,3/9/2018 12:00:00 PM,1,0,0,36.057800,-86.662080,HIGHLANDER CT,,,,775.00,Feet,West,KEVINWOOD CT,,,,0.00,N,Not at Intersection, ,Non-Junction,None,,,         ,Jessie,Meadows,Clear,Not Collision with Motor Vehicle in Transport,no,no,no,no,no,False
101938850,METROPOLITAN NASHVILLE POLICE DEPT,20180221467,Davidson,Antioch,3/9/2018 12:00:00 AM,2,0,0,36.066880,-86.599780,MT VIEW RD,,,,10.00,Feet,West,TRU LONG DR,,,,0.00,N,Not at Intersection,N,Non-Junction,None,,,         ,Jessie,Meadows,Clear,"Sideswipe, Opposite Direction",no,no,no,no,yes,False
101938851,METROPOLITAN NASHVILLE POLICE DEPT,20180221610,Davidson,Nashville,3/9/2018 1:15:00 PM,2,0,0,36.124730,-86.752050,NOLENSVILLE PKE,,,,102.00,Feet,South,ROSEDALE AV,,,,0.00,N,Not at Intersection, ,Non-Junction,None,,,         ,Jessie,Meadows,Clear,"Sideswipe, Same Direction",no,no,no,no,no,False
101938852,METROPOLITAN NASHVILLE POLICE DEPT,20180221754,Davidson,Nashville,3/9/2018 2:20:00 PM,2,1,0,36.050590,-86.646820,BELL FORGE LNE,,,,60.00,Feet,South,BELL RD,,,,0.00,N,Not at Intersection,N,Non-Junction,None,,,         ,Jessie,Meadows,Clear,Angle,no,no,no,no,yes,False
101938853,METROPOLITAN NASHVILLE POLICE DEPT,20180222215,Davidson,Nashville,3/9/2018 5:00:00 PM,2,0,0,36.064830,-86.622330,HAMILTON CHURCH RD,,,,65.00,Feet,West,OWENDALE DR,,,,0.00,N,Not at Intersection,N,Non-Junction,None,,,         ,Jessie,Meadows,Clear,Front to Rear,no,no,no,no,yes,False
101938855,METROPOLITAN NASHVILLE POLICE DEPT,20180221911,Davidson,Nashville,3/9/2018 3:05:00 PM,2,0,0,36.186220,-86.730460,PORTER RD,,,,120.00,Feet,South,WATERS AV,,,,0.00,N,Not at Intersection,N,OtherLocation,None,,,         ,Barrett,Teague,Clear,Angle,no,no,no,yes,yes,False
101938856,METROPOLITAN NASHVILLE POLICE DEPT,20180222285,Davidson,Nashville,3/9/2018 5:28:00 PM,2,0,0,36.134840,-86.697760,BRILEY PKWYN,,,,492.00,Feet,North,BRILEY PKWYS,,,,0.00,N,Not at Intersection, ,Non-Junction,None,,,         ,Brady,Reynolds,Clear,Front to Rear,no,no,no,no,no,False
101938858,METROPOLITAN NASHVILLE POLICE DEPT,20180222272,Davidson,Nashville,3/9/2018 5:20:00 PM,2,0,0,36.045190,-86.715550,OLD HICKORY BLVD,,,,222.00,Feet,West,BRENTWOOD EAST DR,,,,0.00,N,Not at Intersection,N,Non-Junction,None,,,         ,Randall,Ward,Clear,Angle,no,no,no,no,yes,False
101938860,METROPOLITAN NASHVILLE POLICE DEPT,20180222263,Davidson,Nashville,3/9/2018 5:21:00 PM,2,0,0,36.200550,-86.620930,OLD HICKORY BLVD,,,,0.00,,,PLANTATION DR,,,,0.00,Y,T-Intersection, ,Non-Junction,None,,,         ,Cesar,Rocha,Cloudy,Angle,no,no,no,no,no,False
101938862,METROPOLITAN NASHVILLE POLICE DEPT,20180222070,Davidson,Nashville,3/9/2018 4:29:00 PM,2,0,0,36.157980,-86.772640,KOREAN VETERANS BLVD,,,,0.00,,,2ND AVS,,,,0.00,Y,Four-Way, ,,None,,,         ,Phillip,Box,,,no,no,no,no,no,False
101938868,METROPOLITAN NASHVILLE POLICE DEPT,20180222209,Davidson,Not in City Limit,3/9/2018 4:57:00 PM,2,0,0,35.995380,-86.691480,CONCORD RD,,,,718.00,Feet,South,NOLENSVILLE PKE,,,,0.00,N,Not at Intersection, ,Non-Junction,None,,,         ,Brandon,Hughes,Clear,"Sideswipe, Same Direction",no,no,no,no,no,False
101938871,METROPOLITAN NASHVILLE POLICE DEPT,20180222230,Davidson,Nashville,3/9/2018 5:00:00 PM,2,0,0,36.127070,-86.708540,THOMPSON PL,,,,385.00,Feet,West,PATRICIA DR,,,,0.00,N,Not at Intersection, ,,None,,,         ,Seth,Vaughn,,,no,no,no,no,no,False
101938872,METROPOLITAN NASHVILLE POLICE DEPT,20180222451,Davidson,Nashville,3/9/2018 5:20:00 PM,2,0,0,36.171760,-86.784170,4TH AVN,,,,37.00,Feet,South,BICENTENNIAL MALL CNCTR,,,,0.00,N,Not at Intersection, ,,None,,,         ,David,Lang,,,no,no,no,no,no,False
101938878,METROPOLITAN NASHVILLE POLICE DEPT,20180222471,Davidson,Nashville,3/9/2018 6:13:00 PM,2,0,0,36.169220,-86.766370,I 24,,,,0.00,,,,,,,48.75,N,Not at Intersection,N,Non-Junction,None,,,         ,Kevin,Clausius,Clear,Front to Rear,no,no,no,no,no,False
101938880,METROPOLITAN NASHVILLE POLICE DEPT,20180222379,Davidson,Not in City Limit,3/9/2018 6:00:00 PM,2,0,0,36.282080,-86.707570,GALLATIN PKEN,,,,50.00,Feet,South,WELWORTH ST,,,,0.00,N,Not at Intersection,N,Non-Junction,None,,,         ,Christopher,Littles,Clear,Front to Rear,no,no,no,no,no,False
101938881,METROPOLITAN NASHVILLE POLICE DEPT,20180222405,Davidson,Nashville,3/9/2018 6:11:00 PM,1,1,0,36.252040,-86.776820,BRICK CHURCH PKE,,,,370.00,Feet,South,WESTCHESTER DR,,,,0.00,N,Not at Intersection,N,Non-Junction,None,,,         ,Christopher,Littles,Clear,Not Collision with Motor Vehicle in Transport,yes,no,no,no,yes,False
101938883,METROPOLITAN NASHVILLE POLICE DEPT,20180222108,Davidson,Nashville,3/9/2018 4:38:00 PM,1,0,0,36.105050,-86.702070,CURREY RD,,,,0.00,Feet,East,CATALINA DR,,,,0.00,N,Not at Intersection,N,Non-Junction,None,,,         ,Eric,Keller,Clear,Not Collision with Motor Vehicle in Transport,no,no,no,no,no,False
101938888,METROPOLITAN NASHVILLE POLICE DEPT,20180222456,Davidson,Not in City Limit,3/9/2018 6:25:00 PM,1,0,0,36.019840,-86.665040,PETTUS RD,,,,1609.00,Feet,North,SUNDOWN DR,,,,0.00,N,Not at Intersection,N,Non-Junction,None,,,         ,Andrew,Brazee,Clear,Not Collision with Motor Vehicle in Transport,no,no,no,no,no,False
101938895,VANDERBILT UNIVERSITY POLICE,20180211485,Davidson,Nashville,3/6/2018 6:20:00 PM,2,0,0,36.139530,-86.803610,24TH AVE S,,,,0.00,,,,,,,0.00,,, ,Non-Junction,None,,,         ,James,McDaniel,Clear,"Sideswipe, Same Direction",no,no,no,yes,no,Campus
101938907,METROPOLITAN NASHVILLE POLICE DEPT,20180222435,Davidson,Nashville,3/9/2018 5:55:00 PM,2,0,0,36.158030,-86.848890,51ST AVN,,,,150.00,Feet,North,ILLINOIS AV,,,,0.00,N,Not at Intersection,N,Non-Junction,None,,,         ,Robert,Crow,Clear,"Sideswipe, Same Direction",no,no,no,no,yes,False
101938913,METROPOLITAN NASHVILLE POLICE DEPT,20180222411,Davidson,Goodlettsville,3/9/2018 6:17:00 PM,2,0,0,36.298940,-86.712770,I 65,,,,0.00,,,,,,,95.05,N,Not at Intersection, ,Entrance/Exit Ramp Related,None,,,         ,Ian,Herlein,Clear,Front to Rear,no,no,no,no,no,False
101938946,METROPOLITAN NASHVILLE POLICE DEPT,20180222469,Davidson,Nashville,3/9/2018 4:47:00 PM,2,0,0,36.077990,-86.725840,US HWY 31 ALT,,,,308.00,Feet,South,RAMP,,,,0.00,N,Not at Intersection, ,Non-Junction,None,,,         ,Ryan,Hampton,Clear,"Sideswipe, Same Direction",no,no,no,no,no,False
101938955,METROPOLITAN NASHVILLE POLICE DEPT,20180222523,Davidson,Nashville,3/9/2018 6:47:00 PM,2,1,0,36.075270,-86.918520,HIGHWAY 70S,,,,62.00,Feet,East,BELLEVUE VALLEY PLAZA PVTDR,,,,0.00,N,Not at Intersection,N,Non-Junction,None,,,         ,Brandon,Pedigo,Clear,Front to Rear,no,no,no,no,no,False
101938965,METROPOLITAN NASHVILLE POLICE DEPT,20180222489,Davidson,Nashville,3/9/2018 6:30:00 PM,2,2,0,36.154300,-86.758140,I 40,,,,0.00,,,,,,,211.10,N,Not at Intersection,N,Non-Junction,None,,,         ,Jessica,Johann,Clear,Front to Rear,no,no,no,no,no,False
101938966,METROPOLITAN NASHVILLE POLICE DEPT,20180222668,Davidson,Nashville,3/9/2018 5:45:00 PM,2,0,0,36.125780,-86.712800,EAST THOMPSON LN,,,,222.00,Feet,East,LAWNDALE DR,,,,0.00,N,Not at Intersection,N,Non-Junction,None,,,         ,Ciarra,Rench,Clear,Angle,no,no,no,no,yes,False
101938974,METROPOLITAN NASHVILLE POLICE DEPT,20180222078,Davidson,Nashville,3/9/2018 3:18:00 PM,2,0,0,36.230330,-86.743800,LEMONT DR,,,,0.00,,,BROADMOOR DR,,,,0.00,Y,Four-Way,N,Intersection-Related,None,,,         ,Joshua,Lackey,Clear,"Sideswipe, Opposite Direction",no,no,no,no,yes,False
101938978,METROPOLITAN NASHVILLE POLICE DEPT,20180222343,Davidson,Nashville,3/9/2018 3:59:00 PM,1,0,0,36.051450,-86.723050,AMALIE CT,,,,354.00,Feet,East,AMALIE DR,,,,0.00,N,Not at Intersection,N,Non-Junction,None,,,         ,Gary,Peters,Clear,Not Collision with Motor Vehicle in Transport,no,no,no,yes,yes,False
101938991,METROPOLITAN NASHVILLE POLICE DEPT,20180222642,Davidson,Nashville,3/9/2018 6:32:00 PM,2,0,0,36.215960,-86.597660,ANDREW JACKSON PKWY,,,,305.00,Feet,North,LEBANON PKE,,,,0.00,N,Not at Intersection, ,Non-Junction,None,,,         ,Marvis,Malone,Clear,Angle,no,no,no,no,no,False
101939024,METROPOLITAN NASHVILLE POLICE DEPT,20180221484,Davidson,Nashville,3/9/2018 12:30:00 PM,2,0,0,36.126760,-86.728130,I 440,,,,0.00,,,,,,,7.50,N,Not at Intersection, ,Entrance/Exit Ramp Related,None,,,         ,William,Hudson,Clear,Front to Rear,no,no,no,no,yes,False
101939031,METROPOLITAN NASHVILLE POLICE DEPT,20180222761,Davidson,Nashville,3/9/2018 6:46:00 PM,2,0,0,36.064790,-86.628490,HAMILTON CHURCH RD,,,,3.00,Feet,South,MURFREESBORO PKE,,,,0.00,N,Not at Intersection, ,Non-Junction,None,,,         ,Andrew,Brazee,Clear,Angle,no,no,no,no,no,False
101939036,METROPOLITAN NASHVILLE POLICE DEPT,20180222543,Davidson,Nashville,3/9/2018 7:00:00 PM,2,3,0,36.190890,-86.615190,OLD LEBANON DIRT RD,,,,0.00,Feet,,OLD HICKORY BLVD,,,,0.00,Y,Four-Way,N,Intersection-Related,None,,,         ,Cesar,Rocha,Cloudy,Angle,no,no,no,no,no,False
101939042,METROPOLITAN NASHVILLE POLICE DEPT,20180222283,Davidson,Nashville,3/9/2018 12:00:00 AM,2,0,0,36.110670,-86.785220,WOODMONT BLVD,,,,469.00,Feet,West,GENERAL BATE DR,,,,0.00,N,Not at Intersection,N,Non-Junction,None,,,         ,Akira,McSwain,Clear,Front to Rear,no,no,no,no,no,False
101939076,METROPOLITAN NASHVILLE POLICE DEPT,20180222855,Davidson,Nashville,3/9/2018 7:57:00 PM,1,1,0,36.105850,-86.718420,I 24,,,,0.00,,,,,,,54.00,N,Not at Intersection,N,Non-Junction,None,,,         ,YUNUS,ADAK,Clear,Not Collision with Motor Vehicle in Transport,no,no,no,no,no,False