master_record_number,agency,agency_tracking_number,county,city,collision_date,vehicles_involved,number_injured,number_dead,latitude,longitude,roadway_name,roadway_suffix,roadway_number,roadway_local_id,distance_from_reference,miles-feet_indicator,direction_from_reference,intersection_road_name,intersection_road_name_suffix,intersection_road_number,intersection_local_id,mile_marker,intersection_indicator,intersect_type,interchange_related_indicator,relation_to_junction,work_zone_type,construction_maintenance_zone,construction_maintenance_zone_location,fatal_case_number,officer_first_name,officer_last_name,weather_condition(s),manner_of_crash,pedestrian,bicycle,scooter,parking,hitrun,mou
101939077,METROPOLITAN NASHVILLE POLICE DEPT,20180222698,Davidson,Nashville,3/9/2018 8:05:00 PM,1,1,0,36.145410,-86.880220,I 40,,,,0.00,,,,,,,202.60,N,Not at Intersection,N,Non-Junction,None,,,         ,Robert,Crow,Clear,Not Collision with Motor Vehicle in Transport,no,no,no,no,no,False
101939092,METROPOLITAN NASHVILLE POLICE DEPT,20180222827,Davidson,Nashville,3/9/2018 7:35:00 PM,2,0,0,36.199060,-86.740960,GALLATIN PKE,,,,0.00,,,DELMAS AV,,,,0.00,Y,T-Intersection,N,Intersection,None,,,         ,Gregory,Cenicola,Clear,Angle,no,no,no,no,no,False
101939093,METROPOLITAN NASHVILLE POLICE DEPT,20180222276,Davidson,Nashville,3/9/2018 5:15:00 PM,2,0,0,36.168870,-86.766160,I 24,,,,0.00,,,,,,,48.80,N,Not at Intersection, ,Non-Junction,None,,,         ,Randall,Smith,Clear,Front to Rear,no,no,no,no,no,False
101939095,METROPOLITAN NASHVILLE POLICE DEPT,20180221921,Davidson,Nashville,3/9/2018 3:30:00 PM,2,0,0,36.165540,-86.780950,DEADERICK ST,,,,207.00,Feet,West,4TH AVN,,,,0.00,N,Not at Intersection, ,,None,,,         ,Timothy,Mead,,,no,no,no,no,no,False
101939096,METROPOLITAN NASHVILLE POLICE DEPT,2018222056,Davidson,Nashville,3/9/2018 4:24:00 PM,2,0,0,36.161430,-86.784240,CHURCH ST,,,,116.00,Feet,West,ROSA L PARKS BLVD,,,,0.00,N,Not at Intersection, ,,None,,,         ,Timothy,Mead,,,no,no,no,no,no,False
101939106,METROPOLITAN NASHVILLE POLICE DEPT,20180222714,Davidson,Nashville,3/9/2018 7:40:00 PM,2,0,0,36.054640,-86.742740,EDMONDSON PKE,,,,168.00,Feet,South,HUNTINGTON PKWY,,,,0.00,N,Not at Intersection,N,Non-Junction,None,,,         ,Jed,Baldoni,Clear,Front to Rear,no,no,no,no,no,False
101939122,METROPOLITAN NASHVILLE POLICE DEPT,20180222465,Davidson,Nashville,3/9/2018 6:25:00 PM,2,1,0,36.143680,-86.882560,I 40,,,,0.00,,,,,,,202.40,N,Not at Intersection, ,Non-Junction,None,,,         ,John,Hoesli,Clear,Not Collision with Motor Vehicle in Transport,no,no,no,no,no,False
101939123,METROPOLITAN NASHVILLE POLICE DEPT,20180222841,Davidson,Nashville,3/9/2018 9:12:00 PM,2,0,0,36.106370,-86.742880,NOLENSVILLE PKE,,,,0.00,,,MORTON AV,,,,0.00,Y,Four-Way,N,Intersection,None,,,         ,Brandon,Hughes,Clear,Front to Rear,no,no,no,no,yes,False
101939124,METROPOLITAN NASHVILLE POLICE DEPT,20180222861,Davidson,Nashville,3/9/2018 9:15:00 PM,2,0,0,36.044790,-86.659610,I24 E ENT RAMP,,,,0.00,Feet,East,I 24,,,,0.00,N,Not at Intersection,N,Non-Junction,None,,,         ,Madison,Meiss,Clear,Front to Rear,no,no,no,no,yes,False
101939130,METROPOLITAN NASHVILLE POLICE DEPT,20180222769,Davidson,Nashville,3/9/2018 6:54:00 PM,2,0,0,36.132010,-86.726870,I24E,,,,626.00,Feet,North,I24 W EXT RAMP,,,,0.00,N,Not at Intersection, ,,None,,,         ,Patrick,Martin,,,no,no,no,no,no,False
101939167,METROPOLITAN NASHVILLE POLICE DEPT,20180222884,Davidson,Nashville,3/9/2018 5:58:00 PM,3,0,0,36.159830,-86.849370,KENTUCKY AV,,,,118.00,Feet,West,51ST AVN,,,,0.00,N,Not at Intersection,N,Non-Junction,None,,,         ,Riley,Brewer,Clear,Rear to Rear,no,no,no,yes,yes,False
101939168,METROPOLITAN NASHVILLE POLICE DEPT,20180222460,Davidson,Nashville,3/9/2018 6:24:00 PM,2,0,0,36.119000,-86.749270,ELBERTA ST,,,,0.00,,,NOLENSVILLE PKE,,,,0.00,Y,Four-Way,N,Intersection,None,,,         ,Gary,Peters,Clear,Angle,no,no,no,no,no,False
101939177,METROPOLITAN NASHVILLE POLICE DEPT,20180222912,Davidson,Nashville,3/9/2018 9:40:00 PM,2,0,0,36.069880,-86.698810,EAST RIDGE DR,,,,53.00,Feet,South,HAYWOOD LN,,,,0.00,N,Not at Intersection,N,Non-Junction,None,,,         ,Arend,Groeneweg,Clear,HeadOn,no,no,no,no,yes,False
101939184,METROPOLITAN NASHVILLE POLICE DEPT,20180222956,Davidson,Nashville,3/9/2018 9:30:00 PM,1,0,0,36.070030,-86.698800,HAYWOOD LN,,,,0.00,Feet,,EAST RIDGE DR,,,,0.00,Y,Four-Way,N,Non-Junction,None,,,         ,Richard,Olive,Clear,Not Collision with Motor Vehicle in Transport,no,no,no,no,no,False
101939185,METROPOLITAN NASHVILLE POLICE DEPT,20180222573,Davidson,Nashville,3/9/2018 6:30:00 PM,2,0,0,36.185660,-86.754300,MCFERRIN AV,,,,134.00,Feet,North,CHICAMAUGA AV,,,,0.00,N,Not at Intersection, ,Non-Junction,None,,,         ,Randall,Smith,Clear,"Sideswipe, Same Direction",no,no,no,no,no,False
101939205,METROPOLITAN NASHVILLE POLICE DEPT,20180222229,Davidson,Nashville,3/9/2018 5:05:00 PM,2,0,0,36.135810,-86.885150,BROOK HOLLOW RD,,,,0.00,,,CHARLOTTE PKE,,,,0.00,Y,Four-Way,N,Intersection,None,,,         ,Andrew,McCarron,Clear,Front to Rear,no,no,no,no,yes,False
101939218,METROPOLITAN NASHVILLE POLICE DEPT,20180222916,Davidson,Nashville,3/9/2018 6:26:00 PM,2,0,0,36.044220,-86.713130,NOLENSVILLE PKE,,,,10.00,Feet,South,BRENTWOOD EAST DR,,,,0.00,N,Not at Intersection,N,Non-Junction,None,,,         ,Andrew,Brazee,Clear,Angle,no,no,no,no,no,False
101939224,METROPOLITAN NASHVILLE POLICE DEPT,20180223045,Davidson,Nashville,3/9/2018 10:14:00 PM,2,0,0,36.211290,-86.710600,OLGA AV,,,,95.00,Feet,North,RIVERWOOD DR,,,,0.00,N,Not at Intersection,Y,OtherLocation,None,,,         ,Douglas,Smith,Clear,Front to Rear,no,no,no,no,yes,False
101939243,METROPOLITAN NASHVILLE POLICE DEPT,20180222822,Davidson,Nashville,3/9/2018 7:22:00 PM,2,0,0,36.110940,-86.745220,THOMPSON LN,,,,0.00,,,NOLENSVILLE PKE,,,,0.00,Y,Four-Way,N,Intersection,None,,,         ,Robert,Erickson,Clear,Angle,no,no,no,no,yes,False
101939277,METROPOLITAN NASHVILLE POLICE DEPT,2018-0222516,Davidson,Nashville,3/9/2018 5:35:00 PM,2,0,0,36.124570,-86.737970,I 440,,,,0.00,,,,,,,7.00,N,Not at Intersection, ,Non-Junction,None,,,         ,John,Roberson,Clear,Front to Rear,no,no,no,no,no,False
101939278,METROPOLITAN NASHVILLE POLICE DEPT,20180222508,Davidson,Nashville,3/9/2018 6:25:00 PM,2,1,0,36.125160,-86.734320,I 440,,,,0.00,,,,,,,7.15,N,Not at Intersection, ,Non-Junction,None,,,         ,John,Roberson,Clear,Front to Rear,no,no,no,no,no,False
101939281,METROPOLITAN NASHVILLE POLICE DEPT,20180218585,Davidson,Nashville,3/8/2018 4:55:00 PM,2,1,0,36.165420,-86.868980,BRILEY PKWYN,,,,605.00,Feet,North,63RD AVN,,,,0.00,N,Not at Intersection, ,Non-Junction,None,,,         ,John,Roberson,Clear,Front to Rear,no,no,no,no,no,False
101939323,METROPOLITAN NASHVILLE POLICE DEPT,20180223326,Davidson,Nashville,3/10/2018 12:32:00 AM,1,0,0,36.167090,-86.805680,DR D B TODD JR BLVD,,,,214.00,Feet,South,MEHARRY BLVD,,,,0.00,N,Not at Intersection,N,Non-Junction,None,,,         ,Joshua,Green,Clear,Not Collision with Motor Vehicle in Transport,no,no,no,no,no,False
101939351,METROPOLITAN NASHVILLE POLICE DEPT,20180223498,Davidson,Nashville,3/10/2018 1:45:00 AM,2,0,0,36.176260,-86.790250,MONROE ST,,,,0.00,Feet,,6TH AVN,,,,0.00,Y,Four-Way,N,Intersection,None,,,         ,Christopher,Royer,Cloudy,Angle,no,no,no,no,yes,False
101939360,METROPOLITAN NASHVILLE POLICE DEPT,20180223166,Davidson,Nashville,3/9/2018 9:52:00 PM,2,0,0,36.084380,-86.763650,I 65,,,,0.00,,,,,,,78.00,N,Not at Intersection,N,Entrance/Exit Ramp Related,None,,,         ,Ian,Hammond,Clear,"Sideswipe, Same Direction",no,no,no,no,no,False
101939367,METROPOLITAN NASHVILLE POLICE DEPT,20180223610,Davidson,Not in City Limit,3/10/2018 2:40:00 AM,1,0,0,36.292850,-86.885520,CLARKSVILLE PKE,,,,37.00,Feet,East,OLD CLARKSVILLE PKE,,,,0.00,N,Not at Intersection,N,Non-Junction,None,,,         ,Armonty,Houston,Rain,Not Collision with Motor Vehicle in Transport,no,no,no,no,yes,False
101939370,METROPOLITAN NASHVILLE POLICE DEPT,20180223459,Davidson,Not in City Limit,3/10/2018 1:32:00 AM,1,0,0,36.277420,-86.709530,GALLATIN PKEN,,,,337.00,Feet,North,PIERCE RD,,,,0.00,N,Not at Intersection,N,Non-Junction,None,,,         ,Reuben,Hewit,Clear,Not Collision with Motor Vehicle in Transport,no,no,no,no,no,False
101939423,METROPOLITAN NASHVILLE POLICE DEPT,20180223306,Davidson,Nashville,3/10/2018 12:17:00 AM,2,0,0,36.153300,-86.798200,HAYES ST,,,,0.00,,,19TH AVN,,,,0.00,Y,Four-Way, ,Intersection,None,,,         ,Eugene,Martino,Clear,"Sideswipe, Same Direction",no,no,no,no,no,False
101939440,METROPOLITAN NASHVILLE POLICE DEPT,20180223629,Davidson,Nashville,3/10/2018 2:50:00 AM,2,1,0,36.092520,-86.705340,I 24,,,,0.00,,,,,,,55.20,N,Not at Intersection,N,Non-Junction,None,,,         ,Zachary,Lang,Rain,Front to Rear,no,no,no,no,no,False
101939451,METROPOLITAN NASHVILLE POLICE DEPT,20180223845,Davidson,Not in City Limit,3/10/2018 5:12:00 AM,1,0,0,36.074450,-86.977920,I 40,,,,0.00,,,,,,,195.00,N,Not at Intersection,N,Non-Junction,None,,,         ,Joanna,D'Agostino,Clear,Not Collision with Motor Vehicle in Transport,no,no,no,no,no,False
101939458,METROPOLITAN NASHVILLE POLICE DEPT,20180223621,Davidson,Nashville,3/10/2018 2:20:00 AM,2,0,0,36.215120,-86.597670,LEBANON PKE,,,,0.00,,,ANDREW JACKSON PKWY,,,,0.00,Y,Four-Way, ,Non-Junction,None,,,         ,Christopher,Lawson,Rain,Angle,no,no,no,no,yes,False
101939460,METROPOLITAN NASHVILLE POLICE DEPT,20180223804,Davidson,Nashville,3/10/2018 4:33:00 AM,1,0,0,36.190910,-86.774920,WHITES CREEK PKE,,,,479.00,Feet,South,LOTTA AV,,,,0.00,N,Not at Intersection, ,Non-Junction,None,,,         ,Shaquille,Graham,Clear,Not Collision with Motor Vehicle in Transport,no,no,no,no,no,False
101939477,GOODLETTSVILLE POLICE DEPT,18-08878,Davidson,Goodlettsville,3/9/2018 4:10:00 PM,2,0,0,36.310360,-86.705100,RIVERGATE PKWY,,,,54.00,Feet,North,I65 S ENT RAMP,,,,0.00,N,Not at Intersection,N,Non-Junction,None,,,         ,George,Forbes,Clear,Front to Rear,no,no,no,no,no,False
101939488,METROPOLITAN NASHVILLE POLICE DEPT,20180223087,Davidson,Nashville,3/9/2018 10:42:00 PM,2,1,0,36.044820,-86.662510,BELL RD,,,,292.00,Feet,West,CANE RIDGE RD,,,,0.00,N,Not at Intersection,N,Non-Junction,None,,,         ,David,Simmonds,Clear,Front to Rear,no,no,no,no,no,False
101939537,TENNESSEE STATE UNIVERSITY ,18-TSU-15005,Davidson,Nashville,3/8/2018 2:30:00 PM,2,0,0,36.164750,-86.826390,33RD AVN,,,,0.00,,,ALAMEDA ST,,,,0.00,Y,OTHER, ,Non-Junction,None,,,         ,Carl,Moriarty,Clear,Rear to Rear,no,no,no,yes,no,False
101939549,BERRY HILL POLICE DEPT,18-0806,Davidson,Berry Hill,3/9/2018 12:15:00 PM,2,0,0,36.112690,-86.766940,BRANSFORD AV,,,,0.00,,,HEATHER PL,,,,0.00,Y,OTHER, ,OtherLocation,None,,,         ,Larry,Carter,Cloudy,Rear to Side,no,no,no,no,no,False
101939573,METROPOLITAN NASHVILLE POLICE DEPT,20180224334,Davidson,Nashville,3/10/2018 10:03:00 AM,2,0,0,36.045420,-86.660150,I24 E EXT RAMP,,,,0.00,,,I 24,,,,0.00,Y,OTHER, ,Entrance/Exit Ramp Related,None,,,         ,Jason,Hees,Clear,"Sideswipe, Same Direction",no,no,no,no,no,False
101939590,METROPOLITAN NASHVILLE POLICE DEPT,20180224336,Davidson,Nashville,3/10/2018 10:05:00 AM,1,0,0,36.237870,-86.738270,BRILEY PKWYE,,,,0.00,,,BRILEY PKWY E ENT RAMP,,,,0.00,Y,Y-Intersection,Y,Entrance/Exit Ramp Related,None,,,         ,Doyle,Price,Cloudy,Not Collision with Motor Vehicle in Transport,no,no,no,no,no,False
101939602,METROPOLITAN NASHVILLE POLICE DEPT,20180224343,Davidson,Nashville,3/10/2018 10:10:00 AM,1,0,0,36.230990,-86.751000,BROADMOOR DR,,,,16.00,Feet,East,WALTON LN,,,,0.00,N,Not at Intersection, ,Non-Junction,None,,,         ,Michael,Agee,Cloudy,Not Collision with Motor Vehicle in Transport,no,no,no,no,no,False
101939603,METROPOLITAN NASHVILLE POLICE DEPT,20180224276,Davidson,Nashville,3/10/2018 9:24:00 AM,3,2,0,36.151350,-86.852990,CHARLOTTE AV,,,,192.00,Feet,East,RICHLAND CREEK SHOPPING CENTER,,,,0.00,N,Not at Intersection,N,Non-Junction,None,,,         ,Walter,Gray II,Clear,"Sideswipe, Same Direction",no,no,no,no,no,False
101939612,METROPOLITAN NASHVILLE POLICE DEPT,20180224325,Davidson,Not in City Limit,3/10/2018 10:00:00 AM,2,0,0,36.043910,-86.958580,HIGHWAY 100,,,,98.00,Feet,East,COLLINS RD,,,,0.00,N,Not at Intersection, ,Non-Junction,None,,,         ,Wesley,Tilley,Cloudy,Angle,no,no,no,no,no,False
101939615,METROPOLITAN NASHVILLE POLICE DEPT,20180224327,Davidson,Nashville,3/10/2018 9:30:00 AM,2,0,0,36.111490,-86.711750,BRILEY PKWYS,,,,271.00,Feet,East,DRUMMOND DR,,,,0.00,N,Not at Intersection, ,Non-Junction,None,,,         ,Barry,Demonbreun,Clear,"Sideswipe, Same Direction",no,no,no,no,no,False
101939641,METROPOLITAN NASHVILLE POLICE DEPT,20180224437,Davidson,Nashville,3/10/2018 11:22:00 AM,1,0,0,36.171160,-86.873060,CENTENNIAL BLVD,,,,63.00,Feet,East,CENTENNIAL BOULEVARD RAMP,,,,0.00,N,Not at Intersection, ,Non-Junction,None,,,         ,Walter,Gray II,Clear,Not Collision with Motor Vehicle in Transport,no,no,no,no,no,False
101939652,METROPOLITAN NASHVILLE POLICE DEPT,20180224493,Davidson,Nashville,3/10/2018 9:30:00 AM,2,0,0,36.133790,-86.890370,CHARLOTTE PKE,,,,531.00,Feet,West,HILLWOOD PRIVATE CV,,,,0.00,N,Not at Intersection,N,OtherLocation,None,,,         ,William,Monaghan,Clear,Angle,no,no,no,yes,yes,False
101939658,METROPOLITAN NASHVILLE POLICE DEPT,20180224413,Davidson,Nashville,3/10/2018 10:57:00 AM,2,0,0,36.183780,-86.748010,EASTLAND AV,,,,107.00,Feet,East,GALLATIN AV,,,,0.00,N,Not at Intersection, ,Non-Junction,None,,,         ,Nathan,Mayo,Cloudy,Angle,no,no,no,no,no,False
101939675,METROPOLITAN NASHVILLE POLICE DEPT,20180224513,Davidson,Nashville,3/10/2018 11:30:00 AM,2,0,0,36.173780,-86.647770,YMCA CNCTR,,,,2.00,Feet,South,LEBANON PKE,,,,0.00,N,Not at Intersection,N,Non-Junction,None,,,         ,Steven,Folliard,Clear,Unknown,no,no,no,yes,yes,False
101939679,METROPOLITAN NASHVILLE POLICE DEPT,20180224455,Davidson,Nashville,3/10/2018 11:39:00 AM,2,1,0,36.207070,-86.776410,I 65,,,,0.00,,,,,,,87.35,N,Not at Intersection, ,Non-Junction,None,,,         ,Zachary,Goodall,Clear,Front to Rear,no,no,no,no,no,False
101939681,METROPOLITAN NASHVILLE POLICE DEPT,20180224328,Davidson,Nashville,3/10/2018 10:00:00 AM,1,1,0,36.064660,-86.771180,I 65,,,,0.00,,,,,,,76.55,N,Not at Intersection,N,Non-Junction,None,,,         ,Samuel,Miller,Clear,Not Collision with Motor Vehicle in Transport,no,no,no,no,no,False
101939682,METROPOLITAN NASHVILLE POLICE DEPT,20180224477,Davidson,Nashville,3/10/2018 11:56:00 AM,3,0,0,36.043450,-86.781340,I 65,,,,0.00,,,,,,,74.90,N,Not at Intersection,N,Non-Junction,None,,,         ,Samuel,Miller,Clear,Front to Rear,no,no,no,no,yes,False
101939687,METROPOLITAN NASHVILLE POLICE DEPT,20180224197,Davidson,Nashville,3/10/2018 8:39:00 AM,2,0,0,36.178840,-86.795210,HUME ST,,,,0.00,,,ROSA L PARKS BLVD,,,,0.00,Y,Four-Way,N,Intersection,None,,,         ,Patrick,Taylor,Clear,Angle,no,no,no,no,no,False
101939694,METROPOLITAN NASHVILLE POLICE DEPT,20180224479,Davidson,Nashville,3/10/2018 11:30:00 AM,2,0,0,36.039340,-86.782540,I 65,,,,0.00,,,,,,,74.60,N,Not at Intersection,Y,OtherLocation,None,,,         ,Earl,Davis,Cloudy,"Sideswipe, Same Direction",no,no,no,no,no,False
101939699,METROPOLITAN NASHVILLE POLICE DEPT,20180224484,Davidson,Nashville,3/10/2018 11:51:00 AM,2,0,0,36.218500,-86.837030,CLARKSVILLE PKE,,,,0.00,,,KINGS LN,,,,0.00,Y,Four-Way, ,Intersection,None,,,         ,Laura,Mullin,Clear,Angle,no,no,no,no,no,False
101939706,METROPOLITAN NASHVILLE POLICE DEPT,20180224295,Davidson,Nashville,3/10/2018 9:30:00 AM,1,0,0,36.060960,-86.695520,KEELEY DR,,,,0.00,,,,,,,0.00,,,N,Non-Junction,None,,,         ,Honorio,Canchola,Clear,Not Collision with Motor Vehicle in Transport,no,no,no,no,no,False
101939737,METROPOLITAN NASHVILLE POLICE DEPT,2018-0224537,Davidson,Nashville,3/10/2018 12:39:00 PM,1,0,0,36.238310,-86.782440,BRILEY PKWYW,,,,185.00,Feet,East,I24 W ENT RAMP,,,,0.00,N,Not at Intersection, ,,None,,,         ,Arthur,Hipp,,,no,no,no,no,no,False
101939744,METROPOLITAN NASHVILLE POLICE DEPT,20180224549,Davidson,Nashville,3/10/2018 12:59:00 PM,2,0,0,36.126490,-86.845480,HARDING PKE,,,,0.00,Feet,East,RIDGEFIELD WAY,,,,0.00,N,Not at Intersection, ,,None,,,         ,William,Monaghan,,,no,no,no,no,no,False
101939766,METROPOLITAN NASHVILLE POLICE DEPT,20180224586,Davidson,Nashville,3/10/2018 1:03:00 PM,2,0,0,36.120510,-86.750170,MELROSE AV,,,,45.00,Feet,East,I440 E ENT RAMP,,,,0.00,N,Not at Intersection,N,Non-Junction,None,,,         ,Nathan,Kemp,Clear,Front to Rear,no,no,no,no,yes,False
101939767,METROPOLITAN NASHVILLE POLICE DEPT,20180224378,Davidson,Nashville,3/10/2018 10:36:00 AM,2,2,0,36.043930,-86.693300,BELL RD,,,,0.00,,,BROOK VIEW ESTATES DR,,,,0.00,Y,T-Intersection,Y,Intersection-Related,None,,,         ,Michael,Dudley,Clear,Angle,no,no,no,no,no,False
101939782,METROPOLITAN NASHVILLE POLICE DEPT,20180224215,Davidson,Not in City Limit,3/10/2018 8:51:00 AM,2,2,0,36.137940,-86.948150,RIVER ROAD PKE,,,,2230.00,Feet,East,INDIAN CREEK RD,,,,0.00,N,Not at Intersection,N,Non-Junction,None,,,         ,Jack,Crouch,Cloudy,Angle,no,no,no,no,no,False
101939783,METROPOLITAN NASHVILLE POLICE DEPT,20180224587,Davidson,Nashville,3/10/2018 1:36:00 PM,1,1,0,36.078770,-86.655930,OAK BARREL LN,,,,348.00,Feet,North,UNA ANTIOCH PKE,,,,0.00,N,Not at Intersection,N,Non-Junction,None,,,         ,Darren,White,Clear,Not Collision with Motor Vehicle in Transport,yes,no,no,no,yes,False
101939868,METROPOLITAN NASHVILLE POLICE DEPT,20180224520,Davidson,Nashville,3/10/2018 12:34:00 PM,2,0,0,36.181130,-86.774490,I 24,,,,0.00,,,,,,,47.60,N,Not at Intersection,N,Non-Junction,None,,,         ,Faye,Denson,Clear,Front to Rear,no,no,no,no,no,False
101939870,METROPOLITAN NASHVILLE POLICE DEPT,20180224585,Davidson,Nashville,3/10/2018 1:33:00 PM,2,0,0,36.128270,-86.712880,PHILFRE CT,,,,55.00,Feet,East,MURFREESBORO PKE,,,,0.00,N,Not at Intersection, ,Non-Junction,None,,,         ,Terry,Denton,Clear,Front to Rear,no,no,no,no,no,False
101939880,METROPOLITAN NASHVILLE POLICE DEPT,20180224507,Davidson,Nashville,3/10/2018 12:23:00 PM,2,1,0,36.194400,-86.772350,DOUGLAS AV,,,,0.00,,,DICKERSON PKE,,,,0.00,Y,T-Intersection,N,Intersection,None,,,         ,Joseph,Progar,Cloudy,"Sideswipe, Opposite Direction",no,no,no,no,no,False
101939900,METROPOLITAN NASHVILLE POLICE DEPT,20180224548,Davidson,Nashville,3/10/2018 12:50:00 PM,3,1,0,36.244960,-86.746550,I 65,,,,0.00,,,,,,,90.75,N,Not at Intersection,N,Non-Junction,None,,,         ,Cyretha,Frazier,Cloudy,Angle,no,no,no,no,no,False
101939902,METROPOLITAN NASHVILLE POLICE DEPT,20180222094,Davidson,Nashville,3/9/2018 12:00:00 AM,2,0,0,36.231830,-86.620180,SHUTE LN,,,,783.00,Feet,East,BRANDYWINE DR,,,,0.00,N,Not at Intersection,N,Non-Junction,None,,,         ,Deandera,Payne,Clear,Front to Rear,no,no,no,no,no,False
101939904,METROPOLITAN NASHVILLE POLICE DEPT,20180224458,Davidson,Nashville,3/10/2018 11:44:00 AM,2,0,0,36.159900,-86.773860,2ND AVS,,,,0.00,,,DEMONBREUN ST,,,,0.00,Y,Four-Way, ,Intersection-Related,None,,,         ,Johnathan,Carlisle,Clear,Front to Rear,no,no,no,no,no,False
101939911,METROPOLITAN NASHVILLE POLICE DEPT,20180224516,Davidson,Nashville,3/10/2018 12:29:00 PM,2,0,0,36.180310,-86.774170,I 24,,,,0.00,,,,,,,47.65,N,Not at Intersection,N,Non-Junction,None,,,         ,Michael,Agee,Cloudy,Front to Rear,no,no,no,no,no,False
101939915,METROPOLITAN NASHVILLE POLICE DEPT,20180224596,Davidson,Nashville,3/10/2018 1:42:00 PM,2,1,0,35.996870,-86.689890,CONCORD RD,,,,0.00,,,NOLENSVILLE PKE,,,,0.00,Y,Four-Way,N,Intersection,None,,,         ,Raymond,Flaherty,Clear,Front to Rear,no,no,no,no,no,False
101939942,METROPOLITAN NASHVILLE POLICE DEPT,20180224659,Davidson,Nashville,3/10/2018 1:57:00 PM,2,0,0,36.107800,-86.812670,HILLSBORO PKE,,,,0.00,,,GREEN HILLS VILLAGE DR,,,,0.00,Y,T-Intersection, ,Intersection,None,,,         ,Ryan,Storm,Clear,Angle,no,no,no,no,no,False
101939947,METROPOLITAN NASHVILLE POLICE DEPT,2018-0224629,Davidson,Nashville,3/10/2018 1:30:00 PM,2,1,0,36.179920,-86.643880,LEBANON PKE,,,,0.00,,,DANYACREST DR,,,,0.00,Y,Four-Way,N,Intersection-Related,None,,,         ,Lee,Davis,Cloudy,Front to Rear,no,no,no,no,no,False
101939961,METROPOLITAN NASHVILLE POLICE DEPT,20180224688,Davidson,Nashville,3/10/2018 2:40:00 PM,2,0,0,36.082820,-86.710010,HARDING PL,,,,153.00,Feet,East,TAMPA DR,,,,0.00,N,Not at Intersection, ,,None,,,         ,Patrick,Martin,,,no,no,no,no,no,False
101939962,METROPOLITAN NASHVILLE POLICE DEPT,20180224690,Davidson,Not in City Limit,3/10/2018 2:48:00 PM,2,0,0,36.263600,-86.717090,OLD HICKORY BLVDW,,,,153.00,Feet,West,PEGGY ST,,,,0.00,N,Not at Intersection, ,Non-Junction,None,,,         ,Michael,Thompson,Clear,"Sideswipe, Same Direction",no,no,no,no,no,False
101939971,METROPOLITAN NASHVILLE POLICE DEPT,20180224666,Davidson,Nashville,3/10/2018 2:18:00 PM,2,0,0,36.150370,-86.749260,I 40,,,,0.00,,,,,,,211.65,N,Not at Intersection, ,,None,,,         ,Trenton,Searcy,,,no,no,no,no,no,False
101939974,METROPOLITAN NASHVILLE POLICE DEPT,20180224684,Davidson,Nashville,3/10/2018 3:01:00 PM,2,0,0,36.194470,-86.832510,CLARKSVILLE PKE,,,,265.00,Feet,East,W SUMMITT AV,,,,0.00,N,Not at Intersection, ,Non-Junction,None,,,         ,Jason,Hogan,Clear,"Sideswipe, Same Direction",no,no,no,no,no,False
101939975,METROPOLITAN NASHVILLE POLICE DEPT,20180224591,Davidson,Nashville,3/10/2018 12:00:00 AM,2,2,0,36.143520,-86.702400,I 40,,,,0.00,,,,,,,214.60,N,Not at Intersection,Y,Entrance/Exit Ramp Related,None,,,         ,Honorio,Canchola,Clear,Front to Rear,no,no,no,no,no,False
101939977,METROPOLITAN NASHVILLE POLICE DEPT,20180222484,Davidson,Nashville,3/9/2018 4:56:00 PM,2,1,0,36.130850,-86.900140,I40 W EXT RAMP,,,,0.00,Feet,East,I 40,,,,0.00,N,Not at Intersection,N,Entrance/Exit Ramp Related,None,,,         ,Timothy,Morgan,Clear,Front to Rear,no,no,no,no,yes,False
101939978,METROPOLITAN NASHVILLE POLICE DEPT,20180222691,Davidson,Not in City Limit,3/9/2018 8:04:00 PM,3,5,0,36.074030,-86.935310,HIGHWAY 70S,,,,0.00,,,CROSS TIMBERS DR,,,,0.00,Y,Four-Way,N,Intersection,None,,,         ,Timothy,Morgan,Cloudy,HeadOn,no,no,no,no,no,False
101940018,METROPOLITAN NASHVILLE POLICE DEPT,20180224651,Davidson,Goodlettsville,3/10/2018 2:44:00 PM,2,0,0,36.305780,-86.693740,CONFERENCE DR,,,,56.00,Feet,South,RIVERGATE MALL PVTDR,,,,0.00,N,Not at Intersection,N,Non-Junction,None,,,         ,Kevin,Crawford,Clear,Front to Rear,no,no,no,no,no,False
101940020,METROPOLITAN NASHVILLE POLICE DEPT,20180224842,Davidson,Nashville,3/10/2018 4:02:00 PM,2,0,0,36.160170,-86.779140,BROADWAY,,,,234.00,Feet,West,5TH AVS,,,,0.00,N,Not at Intersection, ,Non-Junction,None,,,         ,Phillip,Box,Clear,Angle,no,no,no,no,no,False
101940023,METROPOLITAN NASHVILLE POLICE DEPT,20180224912,Davidson,Nashville,3/10/2018 4:07:00 PM,2,0,0,36.180870,-86.749610,GALLATIN AV,,,,82.00,Feet,North,ORDWAY PL,,,,0.00,N,Not at Intersection, ,,None,,,         ,Barrett,Teague,,,no,no,no,no,no,False