master_record_number,agency,agency_tracking_number,county,city,collision_date,vehicles_involved,number_injured,number_dead,latitude,longitude,roadway_name,roadway_suffix,roadway_number,roadway_local_id,distance_from_reference,miles-feet_indicator,direction_from_reference,intersection_road_name,intersection_road_name_suffix,intersection_road_number,intersection_local_id,mile_marker,intersection_indicator,intersect_type,interchange_related_indicator,relation_to_junction,work_zone_type,construction_maintenance_zone,construction_maintenance_zone_location,fatal_case_number,officer_first_name,officer_last_name,weather_condition(s),manner_of_crash,pedestrian,bicycle,scooter,parking,hitrun,mou
101942817,METROPOLITAN NASHVILLE POLICE DEPT,20180233996,Davidson,Nashville,3/13/2018 3:25:00 PM,2,0,0,36.078660,-86.726050,NOLENSVILLE PKE,,,,353.00,Feet,South,HARDING PL,,,,0.00,N,Not at Intersection, ,Non-Junction,None,,,         ,Richard,Olive,Clear,Front to Rear,no,no,no,no,yes,False
101942823,METROPOLITAN NASHVILLE POLICE DEPT,20180233976,Davidson,Nashville,3/13/2018 5:35:00 PM,2,0,0,36.049810,-86.650090,BELL RD,,,,185.00,Feet,West,MT VIEW RD,,,,0.00,N,Not at Intersection,N,Non-Junction,None,,,         ,William,Durham,Clear,Front to Rear,no,no,no,no,yes,False
101942825,Nashville Airport Police,2018-00907,Davidson,Nashville,3/13/2018 3:05:00 PM,2,2,0,36.133180,-86.664330,BNA DR,,,,0.00,,,DONELSON PKES,,,,0.00,Y,T-Intersection,Y,Intersection,None,,,         ,Christopher,Lueders,Clear,Angle,no,no,no,no,no,False
101942827,METROPOLITAN NASHVILLE POLICE DEPT,20180233432,Davidson,Nashville,3/13/2018 2:48:00 PM,2,1,0,36.081900,-86.701910,LINBAR DR,,,,14.00,Feet,North,WALLACE RD,,,,0.00,N,Not at Intersection,N,Non-Junction,None,,,         ,Patrick,Martin,Clear,Front to Rear,no,no,no,no,yes,False
101942828,METROPOLITAN NASHVILLE POLICE DEPT,2018-0233735,Davidson,Nashville,3/13/2018 3:38:00 PM,2,0,0,36.073420,-86.918720,BELLEVUE VALLEY PLAZA PVTDR,,,,0.00,Feet,East,OLD HICKORY BLVD,,,,0.00,N,Not at Intersection,N,Non-Junction,None,,,         ,Ryan,Allen,Clear,Other,no,no,no,yes,yes,False
101942850,METROPOLITAN NASHVILLE POLICE DEPT,20180234136,Davidson,Nashville,3/13/2018 6:00:00 PM,2,2,0,36.081380,-86.726890,NOLENSVILLE PKE,,,,462.00,Feet,South,WELSHWOOD DR,,,,0.00,N,Not at Intersection, ,Non-Junction,None,,,         ,Jacob,Paul,Clear,Angle,no,no,no,no,no,False
101942851,METROPOLITAN NASHVILLE POLICE DEPT,20180234156,Davidson,Nashville,3/13/2018 5:43:00 PM,2,0,0,36.168530,-86.759790,SHELBY AV,,,,74.00,Feet,West,S 6TH ST,,,,0.00,N,Not at Intersection, ,Non-Junction,None,,,         ,Richard,Conger,Clear,Front to Rear,no,no,no,no,no,False
101942860,METROPOLITAN NASHVILLE POLICE DEPT,20180234038,Davidson,Nashville,3/13/2018 5:32:00 PM,3,0,0,36.149030,-86.809690,25TH AVN,,,,0.00,Feet,West,BRANDAU PL,,,,0.00,N,Not at Intersection, ,Non-Junction,None,,,         ,Ryan,Cagle,Clear,Angle,no,no,no,no,no,Campus
101942861,METROPOLITAN NASHVILLE POLICE DEPT,20180233921,Davidson,Nashville,3/13/2018 12:00:00 AM,1,0,0,36.205010,-86.756120,E TRINITY LN,,,,444.00,Feet,East,JONES AV,,,,0.00,N,Not at Intersection,N,Non-Junction,None,,,         ,Gordon,Stovall,Clear,Not Collision with Motor Vehicle in Transport,no,no,no,no,yes,False
101942862,METROPOLITAN NASHVILLE POLICE DEPT,20180233569,Davidson,Nashville,3/13/2018 3:35:00 PM,1,0,0,36.142790,-86.706950,I 40,,,,0.00,,,,,,,214.40,N,Not at Intersection,N,Non-Junction,None,,,         ,Seth,Vaughn,Clear,Not Collision with Motor Vehicle in Transport,no,no,no,no,no,False
101942864,METROPOLITAN NASHVILLE POLICE DEPT,20180234140,Davidson,Nashville,3/13/2018 6:13:00 PM,2,0,0,36.174860,-86.771370,I24 E ENT RAMP,,,,0.00,,,I 24,,,,0.00,Y,OTHER, ,Non-Junction,None,,,         ,Robert,Schohn,Clear,"Sideswipe, Same Direction",no,no,no,no,no,False
101942873,METROPOLITAN NASHVILLE POLICE DEPT,20180233917,Davidson,Nashville,3/13/2018 5:00:00 PM,2,0,0,36.162330,-86.790140,CHARLOTTE AV,,,,159.00,Feet,East,11TH AVN,,,,0.00,N,Not at Intersection, ,Non-Junction,None,,,         ,Kevin,Johnson,Clear,"Sideswipe, Opposite Direction",no,no,no,no,no,False
101942874,METROPOLITAN NASHVILLE POLICE DEPT,20180233649,Davidson,Nashville,3/13/2018 4:10:00 PM,2,0,0,36.134030,-86.776370,I65 S ENT RAMP,,,,0.00,Feet,,I 65,,,,0.00,Y,T-Intersection, ,Intersection-Related,None,,,         ,Jacob,Paul,Clear,Angle,no,no,no,no,no,False
101942875,METROPOLITAN NASHVILLE POLICE DEPT,20180233845,Davidson,Nashville,3/13/2018 12:00:00 AM,5,0,0,36.182380,-86.799340,I 65,,,,0.00,,,,,,,85.20,N,Not at Intersection, ,Non-Junction,None,,,         ,Melvin,Taylor,Clear,"Sideswipe, Same Direction",no,no,no,no,no,False
101942881,METROPOLITAN NASHVILLE POLICE DEPT,20180233802,Davidson,Not in City Limit,3/13/2018 4:34:00 PM,2,0,0,36.256540,-86.714230,GALLATIN PKES,,,,100.00,Feet,North,NEELYS BEND RD,,,,0.00,N,Not at Intersection, ,Non-Junction,None,,,         ,Christopher,Littles,Clear,Angle,no,no,no,no,yes,False
101942882,METROPOLITAN NASHVILLE POLICE DEPT,20180233875,Davidson,Not in City Limit,3/13/2018 5:06:00 PM,4,5,0,36.278280,-86.772190,OLD HICKORY BLVD,,,,75.00,Feet,West,DALEMERE DR,,,,0.00,N,Not at Intersection,N,Non-Junction,None,,,         ,Christopher,Littles,Clear,Front to Rear,no,no,no,no,no,False
101942895,GOODLETTSVILLE POLICE DEPT,18-09439,Davidson,Goodlettsville,3/13/2018 6:35:00 PM,2,0,0,36.324200,-86.704040,I65 N EXT RAMP,,,,0.00,,,LONG HOLLOW PKE,,,,0.00,Y,T-Intersection,Y,Intersection-Related,None,,,         ,Benny,Alexander,Clear,Front to Rear,no,no,no,no,no,False
101942917,METROPOLITAN NASHVILLE POLICE DEPT,20180234267,Davidson,Nashville,3/13/2018 6:50:00 PM,2,0,0,36.102250,-86.664970,MURFREESBORO PKE,,,,472.00,Feet,East,OLD MURFREESBORO PKE,,,,0.00,N,Not at Intersection, ,Non-Junction,None,,,         ,Richard,Olive,Clear,Front to Rear,no,no,no,no,yes,False
101942918,METROPOLITAN NASHVILLE POLICE DEPT,20180234211,Davidson,Not in City Limit,3/13/2018 6:31:00 PM,2,0,0,35.996870,-86.689890,NOLENSVILLE PKE,,,,0.00,,,CONCORD RD,,,,0.00,Y,Four-Way,N,Intersection,None,,,         ,Randall,Ward,Clear,Angle,no,no,no,no,yes,False
101942919,METROPOLITAN NASHVILLE POLICE DEPT,20180234093,Davidson,Nashville,3/13/2018 5:00:00 PM,2,0,0,36.152650,-86.796730,WEST END AV,,,,247.00,Feet,East,19TH AVN,,,,0.00,N,Not at Intersection, ,Non-Junction,None,,,         ,Darryl,Williams,Clear,Angle,no,no,no,no,yes,False
101942921,METROPOLITAN NASHVILLE POLICE DEPT,2018-0234018,Davidson,Nashville,3/13/2018 5:50:00 PM,2,0,0,36.081930,-86.751070,LYNN DR,,,,0.00,,,WAUFORD DR,,,,0.00,Y,Four-Way,N,Intersection,None,,,         ,Jonathan,Seidl,Clear,Angle,no,no,no,no,no,False
101942928,METROPOLITAN NASHVILLE POLICE DEPT,20180234463,Davidson,Nashville,3/13/2018 7:30:00 PM,2,0,0,36.047550,-86.655930,BELL RD,,,,0.00,,,HICKORY HOLLOW PKWY,,,,0.00,Y,Four-Way, ,Intersection,None,,,         ,Candice,Soper,Clear,Front to Rear,no,no,no,no,yes,False
101942929,METROPOLITAN NASHVILLE POLICE DEPT,20180233860,Davidson,Nashville,3/13/2018 4:15:00 PM,2,0,0,36.079600,-86.726320,NOLENSVILLE PKE,,,,0.00,,,HARDING PL,,,,0.00,Y,OTHER, ,Non-Junction,None,,,         ,Jacob,Paul,Clear,Angle,no,no,no,no,no,False
101942937,METROPOLITAN NASHVILLE POLICE DEPT,20180234126,Davidson,Nashville,3/13/2018 6:10:00 PM,2,0,0,36.164550,-86.868530,BRILEY PKWYN,,,,261.00,Feet,North,BRILEY PKWYS,,,,0.00,N,Not at Intersection,N,Non-Junction,None,,,         ,Riley,Brewer,Clear,Front to Rear,no,no,no,no,no,False
101942942,METROPOLITAN NASHVILLE POLICE DEPT,20180234298,Davidson,Nashville,3/13/2018 7:06:00 PM,2,0,0,36.088970,-86.649930,MURFREESBORO PKE,,,,0.00,,,RANSOM PL,,,,0.00,Y,Four-Way, ,Intersection-Related,None,,,         ,William,Durham,Clear,Front to Rear,no,no,no,no,no,False
101942947,METROPOLITAN NASHVILLE POLICE DEPT,20180234069,Davidson,Nashville,3/13/2018 5:42:00 PM,2,1,0,36.078610,-86.745220,HARDING PL,,,,0.00,,,DANBY DR,,,,0.00,Y,Four-Way, ,Intersection,None,,,         ,Brandon,Hughes,Clear,Angle,no,no,no,no,no,False
101942979,METROPOLITAN NASHVILLE POLICE DEPT,20180234036,Davidson,Nashville,3/13/2018 5:45:00 PM,4,2,0,36.083340,-86.764020,I65 S EXT RAMP,,,,0.00,Feet,East,I 65,,,,0.00,N,Not at Intersection,N,Non-Junction,None,,,         ,Jed,Baldoni,Clear,Front to Rear,no,no,no,no,no,False
101942980,METROPOLITAN NASHVILLE POLICE DEPT,2018-0234431,Davidson,Nashville,3/13/2018 7:44:00 PM,1,2,0,36.147450,-86.873790,AMERICAN RD,,,,357.00,Feet,North,PREMIER DR,,,,0.00,N,Not at Intersection,N,Non-Junction,None,,,         ,Ryan,Allen,Clear,Not Collision with Motor Vehicle in Transport,yes,no,no,no,yes,False
101942987,METROPOLITAN NASHVILLE POLICE DEPT,20180234481,Davidson,Nashville,3/13/2018 8:01:00 PM,2,2,0,36.203550,-86.738530,GALLATIN PKE,,,,0.00,,,E TRINITY LN,,,,0.00,Y,T-Intersection,N,Intersection,None,,,         ,Christopher,Valdez,Clear,Angle,no,no,no,no,no,False
101942996,METROPOLITAN NASHVILLE POLICE DEPT,20180234569,Davidson,Nashville,3/13/2018 6:20:00 PM,2,0,0,36.055490,-86.642240,BELL RD,,,,181.00,Feet,North,THE OVERLOOK PVTDR,,,,0.00,N,Not at Intersection, ,,None,,,         ,Richard,Olive,,,no,no,no,no,no,False
101942997,METROPOLITAN NASHVILLE POLICE DEPT,20180234560,Davidson,Nashville,3/13/2018 12:00:00 AM,3,1,0,36.206670,-86.778600,W TRINITY LN,,,,49.00,Feet,West,HAMPTON ST,,,,0.00,N,Not at Intersection,N,Non-Junction,None,,,         ,Melvin,Taylor,Clear,Front to Rear,no,no,no,no,no,False
101943014,METROPOLITAN NASHVILLE POLICE DEPT,20180233406,Davidson,Nashville,3/13/2018 2:45:00 PM,2,0,0,36.140870,-86.817430,WEST END AV,,,,0.00,Feet,,ACKLEN PARK DR,,,,0.00,Y,T-Intersection, ,Intersection,None,,,         ,Akira,McSwain,Clear,Angle,no,no,no,no,no,False
101943020,METROPOLITAN NASHVILLE POLICE DEPT,20180233908,Davidson,Nashville,3/13/2018 5:00:00 PM,2,0,0,36.148480,-86.822280,I 440,,,,0.00,,,,,,,1.35,N,Not at Intersection,N,Non-Junction,None,,,         ,Akira,McSwain,Clear,Front to Rear,no,no,no,no,no,False
101943021,METROPOLITAN NASHVILLE POLICE DEPT,20180234584,Davidson,Nashville,3/13/2018 8:10:00 PM,2,0,0,36.049280,-86.651730,BELL RD,,,,0.00,,,HICKORY HOLLOW MALL PVTDR PL,,,,0.00,Y,Four-Way, ,Intersection,None,,,         ,Candice,Soper,Clear,Front to Rear,no,no,no,no,no,False
101943022,METROPOLITAN NASHVILLE POLICE DEPT,2018-234111,Davidson,Nashville,3/13/2018 12:00:00 AM,2,0,0,36.154890,-86.809100,23RD AVN,,,,105.00,Feet,North,LESLIE AV,,,,0.00,N,Not at Intersection,N,Non-Junction,None,,,         ,Akira,McSwain,Clear,Angle,no,no,no,yes,yes,False
101943027,METROPOLITAN NASHVILLE POLICE DEPT,20180234663,Davidson,Nashville,3/13/2018 8:52:00 PM,2,0,0,36.171330,-86.799200,12TH AVN,,,,0.00,,,JEFFERSON ST,,,,0.00,Y,T-Intersection, ,Intersection,None,,,         ,Christopher,Dickerson,Clear,Angle,no,no,no,no,no,False
101943041,METROPOLITAN NASHVILLE POLICE DEPT,2018-0230741,Davidson,Nashville,3/12/2018 7:41:00 PM,2,3,1,36.221870,-86.746520,ELLINGTON PKWYN,,,,57.00,Feet,North,ELLINGTON PKWY N ENT RAMP,,,,0.00,N,Not at Intersection,N,Non-Junction,None,,,18-0152  ,Russell,Ward,Clear,HeadOn,no,no,no,no,no,False
101943060,METROPOLITAN NASHVILLE POLICE DEPT,20180234775,Davidson,Nashville,3/13/2018 9:19:00 PM,2,0,0,36.161760,-86.775470,BROADWAY,,,,167.00,Feet,East,3RD AVN,,,,0.00,N,Not at Intersection, ,Non-Junction,None,,,         ,David,Snowden,Clear,"Sideswipe, Same Direction",no,no,no,no,no,False
101943080,METROPOLITAN NASHVILLE POLICE DEPT,20180233646,Davidson,Nashville,3/13/2018 4:00:00 PM,2,0,0,36.136200,-86.778930,EAST ARGYLE AV,,,,0.00,,,8TH AVS,,,,0.00,Y,T-Intersection, ,Non-Junction,None,,,         ,Akira,McSwain,Clear,Front to Rear,no,no,no,no,no,False
101943081,METROPOLITAN NASHVILLE POLICE DEPT,20180234697,Davidson,Nashville,3/13/2018 12:00:00 AM,2,0,0,36.139260,-86.816110,LOVE CIR,,,,237.00,Feet,South,ORLEANS DR,,,,0.00,N,Not at Intersection,N,Non-Junction,None,,,         ,Akira,McSwain,Clear,Angle,no,no,no,no,no,False
101943082,METROPOLITAN NASHVILLE POLICE DEPT,20180234604,Davidson,Nashville,3/13/2018 8:34:00 PM,2,1,0,36.154210,-86.804010,21ST AVN,,,,20.00,Feet,South,PATTERSON ST,,,,0.00,N,Not at Intersection,N,Non-Junction,None,,,         ,Eric,Burford,Clear,Angle,no,no,no,no,no,False
101943093,METROPOLITAN NASHVILLE POLICE DEPT,20180234503,Davidson,Nashville,3/13/2018 7:56:00 PM,2,1,0,36.193600,-86.763270,DOUGLAS AV,,,,0.00,,,LISCHEY AV,,,,0.00,Y,Four-Way,N,Intersection,None,,,         ,Joshua,Lackey,Clear,Angle,no,no,no,no,no,False
101943103,METROPOLITAN NASHVILLE POLICE DEPT,2018233913,Davidson,Not in City Limit,3/13/2018 5:15:00 PM,3,1,0,36.366310,-86.887970,WHITES CREEK PKE,,,,135.00,Feet,North,ELLIS DR,,,,0.00,N,Not at Intersection,N,Non-Junction,None,,,         ,Katelin,Ehrhardt,Clear,Front to Rear,no,no,no,no,no,False
101943108,METROPOLITAN NASHVILLE POLICE DEPT,20180234892,Davidson,Old Hickory,3/13/2018 9:57:00 PM,2,2,0,36.247470,-86.641270,OLD HICKORY BLVD,,,,0.00,,,24TH ST,,,,0.00,Y,Four-Way,N,Intersection,None,,,         ,Cesar,Rocha,Clear,"Sideswipe, Opposite Direction",no,no,no,no,no,False
101943109,METROPOLITAN NASHVILLE POLICE DEPT,20180234839,Davidson,Nashville,3/13/2018 10:05:00 PM,1,0,0,36.179730,-86.774320,N 1ST ST,,,,453.00,Feet,South,DICKERSON PKE NB ENT RAMP,,,,0.00,N,Not at Intersection, ,Non-Junction,Construction Zone,,,         ,Ky,Luu,Clear,Not Collision with Motor Vehicle in Transport,no,no,no,no,no,False
101943111,METROPOLITAN NASHVILLE POLICE DEPT,20180234304,Davidson,Nashville,3/12/2018 11:30:00 PM,2,0,0,36.169710,-86.667240,OLD LEBANON PKE,,,,185.00,Feet,West,J B ESTILLE DR,,,,0.00,N,Not at Intersection,N,Non-Junction,None,,,         ,Patrick,Martin,Clear,Unknown,no,no,no,yes,yes,False
101943121,METROPOLITAN NASHVILLE POLICE DEPT,20180234879,Davidson,Nashville,3/13/2018 9:47:00 PM,1,1,0,36.144100,-86.752870,LESTER AV,,,,44.00,Feet,South,STANLEY ST,,,,0.00,N,Not at Intersection,N,Non-Junction,None,,,         ,Patrick,Martin,Clear,Not Collision with Motor Vehicle in Transport,no,no,no,no,no,False
101943141,METROPOLITAN NASHVILLE POLICE DEPT,20180235108,Davidson,Nashville,3/13/2018 11:15:00 PM,2,0,0,36.155000,-86.779380,8TH AVS,,,,77.00,Feet,West,KOREAN VETERANS BLVD,,,,0.00,N,Not at Intersection, ,Unknown,None,,,         ,Austin,Childress,Clear,Angle,no,no,no,no,no,False
101943149,METROPOLITAN NASHVILLE POLICE DEPT,20180235452,Davidson,Nashville,3/14/2018 1:20:00 AM,2,0,0,36.147480,-86.757980,FAIRFIELD AV,,,,0.00,,,,,,,0.00,,,N,Non-Junction,None,,,         ,Samuel,Sundra,Clear,Angle,no,no,no,yes,yes,False
101943150,METROPOLITAN NASHVILLE POLICE DEPT,20180235383,Davidson,Nashville,3/14/2018 1:10:00 AM,2,0,0,36.124080,-86.751680,NOLENSVILLE PKE,,,,0.00,,,I440 W EXT RAMP,,,,0.00,Y,T-Intersection,Y,Entrance/Exit Ramp Related,None,,,         ,Robert,Erickson,Clear,Angle,no,no,no,no,no,False
101943154,METROPOLITAN NASHVILLE POLICE DEPT,20180235424,Davidson,Nashville,3/13/2018 10:30:00 PM,2,0,0,36.164290,-86.794440,12TH AVN,,,,40.00,Feet,South,MILSON AV,,,,0.00,N,Not at Intersection, ,Non-Junction,None,,,         ,Joshua,Green,Clear,"Sideswipe, Same Direction",no,no,no,no,no,False
101943166,METROPOLITAN NASHVILLE POLICE DEPT,20180234975,Davidson,Nashville,3/13/2018 10:26:00 PM,2,0,0,36.160830,-86.793530,CHARLOTTE AV,,,,52.00,Feet,East,14TH AVN,,,,0.00,N,Not at Intersection,Y,Entrance/Exit Ramp Related,None,,,         ,Joshua,Whitworth,Clear,Angle,no,no,no,no,no,False
101943176,METROPOLITAN NASHVILLE POLICE DEPT,20180235547,Davidson,Not in City Limit,3/13/2018 11:00:00 PM,1,0,0,36.297740,-86.888120,CLARKSVILLE PKE,,,,298.00,Feet,North,BEAR HOLLOW RD,,,,0.00,N,Not at Intersection,N,Non-Junction,None,,,         ,Armonty,Houston,Clear,Unknown,no,no,no,no,yes,False
101943219,METROPOLITAN NASHVILLE POLICE DEPT,20180235776,Davidson,Not in City Limit,3/14/2018 1:00:00 AM,1,0,0,36.006060,-86.655630,LEGACY DR,,,,30.00,Feet,North,OLD HICKORY BLVD,,,,0.00,N,Not at Intersection, ,SharedUsePathOrTrail,None,,,         ,Jeremy,Arrington,Clear,Not Collision with Motor Vehicle in Transport,no,no,no,no,no,False
101943228,METROPOLITAN NASHVILLE POLICE DEPT,20180235854,Davidson,Nashville,3/14/2018 4:53:00 AM,1,0,0,36.148010,-86.876330,I 40,,,,0.00,,,,,,,202.85,N,Not at Intersection,N,Non-Junction,None,,,         ,Michael,Richardson,Clear,Not Collision with Motor Vehicle in Transport,no,no,no,no,no,False
101943247,METROPOLITAN NASHVILLE POLICE DEPT,20180236046,Davidson,Nashville,3/14/2018 6:18:00 AM,2,0,0,36.214780,-86.817560,MOORMANS ARM RD,,,,34.00,Feet,East,BUENA VISTA PKE,,,,0.00,N,Not at Intersection, ,Non-Junction,None,,,         ,James,Murphy,Clear,Angle,no,no,no,no,no,False
101943271,METROPOLITAN NASHVILLE POLICE DEPT,20180236081,Davidson,Nashville,3/14/2018 6:45:00 AM,2,0,0,36.121750,-86.910250,I 40,,,,0.00,,,,,,,200.20,N,Not at Intersection,N,Non-Junction,None,,,         ,Curtis,Rich,Clear,Front to Rear,no,no,no,no,no,False
101943301,METROPOLITAN NASHVILLE POLICE DEPT,20180226083,Davidson,Nashville,3/10/2018 11:59:00 PM,2,3,1,36.227620,-86.805340,KNIGHT DR,,,,979.00,Feet,West,WHITES CREEK PKE,,,,0.00,N,Not at Intersection,N,Non-Junction,None,,,18-0155  ,Donald,Davidson,Clear,HeadOn,no,no,no,no,no,False
101943302,METROPOLITAN NASHVILLE POLICE DEPT,20180227374,Davidson,Nashville,3/11/2018 3:45:00 PM,2,3,1,36.237600,-86.740590,BRILEY PKWY E ENT RAMP,,,,0.00,,East,BRILEY PKWY E EXT RAMP,,,,0.00,N,Not at Intersection,N,Non-Junction,None,,,18-0145  ,Donald,Davidson,Rain,HeadOn,no,no,no,no,no,False
101943318,METROPOLITAN NASHVILLE POLICE DEPT,20180236101,Davidson,Nashville,3/14/2018 6:30:00 AM,2,0,0,36.113920,-86.810450,WOODMONT BLVD,,,,125.00,Feet,East,HILLSBORO PKE,,,,0.00,N,Not at Intersection, ,Non-Junction,None,,,         ,Paul,Junkmann,Clear,Front to Rear,no,no,no,no,no,False
101943333,METROPOLITAN NASHVILLE POLICE DEPT,20180236079,Davidson,Not in City Limit,3/14/2018 5:45:00 AM,1,0,0,36.279680,-86.815490,LICKTON PKE,,,,2169.00,Feet,South,OLD HICKORY BLVD,,,,0.00,N,Not at Intersection,N,Non-Junction,None,,,         ,Jeanine,Sarno,Clear,Not Collision with Motor Vehicle in Transport,no,no,no,no,no,False
101943336,METROPOLITAN NASHVILLE POLICE DEPT,20180236196,Davidson,Not in City Limit,3/14/2018 12:00:00 AM,1,0,0,36.274730,-86.753120,DICKERSON PKE,,,,0.00,,,,,,,0.00,,,N,Non-Junction,None,,,         ,Michelle,Steidl,Unknown,Not Collision with Motor Vehicle in Transport,no,no,no,yes,yes,False
101943351,METROPOLITAN NASHVILLE POLICE DEPT,20180236257,Davidson,Nashville,3/14/2018 8:07:00 AM,2,0,0,36.089620,-86.622140,SMITH SPRINGS RD,,,,0.00,,,RURAL HILL RD,,,,0.00,Y,T-Intersection, ,Intersection,None,,,         ,James,Curtis,Clear,Angle,no,no,no,no,no,False
101943352,METROPOLITAN NASHVILLE POLICE DEPT,18-0236318,Davidson,Nashville,3/14/2018 8:28:00 AM,2,0,0,36.099370,-86.763830,I 65,,,,0.00,,,,,,,79.00,N,Not at Intersection, ,Non-Junction,None,,,         ,Kaleb,Stella,Clear,Front to Rear,no,no,no,no,no,False
101943358,METROPOLITAN NASHVILLE POLICE DEPT,20180236280,Davidson,Nashville,3/14/2018 8:08:00 AM,2,0,0,36.235810,-86.758230,DICKERSON PKE,,,,261.00,Feet,North,HOMESTEAD RD,,,,0.00,N,Not at Intersection, ,Non-Junction,None,,,         ,Nicholas,Smith,Clear,Angle,no,no,no,no,no,False
101943366,METROPOLITAN NASHVILLE POLICE DEPT,20180236193,Davidson,Nashville,3/14/2018 7:40:00 AM,3,0,0,36.148430,-86.625700,BELL RD,,,,401.00,Feet,North,TRAILS CIR,,,,0.00,N,Not at Intersection, ,Non-Junction,None,,,         ,James,Curtis,Clear,Front to Rear,no,no,no,no,yes,False
101943367,METROPOLITAN NASHVILLE POLICE DEPT,20180236132,Davidson,Not in City Limit,3/14/2018 6:41:00 AM,2,0,0,36.014510,-86.699630,SUNNYWOOD DR,,,,95.00,Feet,South,SUGARBERRY CT,,,,0.00,N,Not at Intersection,N,Non-Junction,None,,,         ,Nicholas,Carter,Clear,Angle,no,no,no,no,no,False
101943369,METROPOLITAN NASHVILLE POLICE DEPT,20180236292,Davidson,Nashville,3/14/2018 8:18:00 AM,3,1,0,36.163320,-86.613120,BELL RD,,,,0.00,,,DODSON CHAPEL RD,,,,0.00,Y,T-Intersection,N,Intersection,None,,,         ,Michael,Dance,Clear,Angle,no,no,no,no,no,False
101943376,METROPOLITAN NASHVILLE POLICE DEPT,20180236215,Davidson,Nashville,3/14/2018 7:51:00 AM,2,1,0,36.043930,-86.693300,BELL RD,,,,0.00,,,BROOK VIEW ESTATES DR,,,,0.00,Y,Four-Way,N,Intersection,None,,,         ,Abigail,Malone,Clear,Angle,no,no,no,no,no,False
101943377,THP District 9 - Administrative,318015040,Davidson,Nashville,3/13/2018 8:35:00 AM,2,0,0,36.168760,-86.566100,I 40,,,,0.00,,,,,,,222.75,N,Not at Intersection, ,Non-Junction,None,,,         ,Jeffrey,Buchanan,Clear,"Sideswipe, Same Direction",no,no,no,no,no,False
101943381,METROPOLITAN NASHVILLE POLICE DEPT,2018-0236358,Davidson,Madison,3/14/2018 8:35:00 AM,1,1,0,36.274930,-86.717160,E CAMPBELL RD,,,,267.00,Feet,West,OLD AMQUI RD,,,,0.00,N,Not at Intersection,N,Non-Junction,None,,,         ,Travis,Baxter,Clear,Not Collision with Motor Vehicle in Transport,no,no,no,no,no,False
101943386,METROPOLITAN NASHVILLE POLICE DEPT,20180236349,Davidson,Nashville,3/14/2018 12:00:00 AM,2,0,0,36.154630,-86.779160,LAFAYETTE ST,,,,0.00,,,8TH AVS,,,,0.00,Y,Roundabout, ,Intersection,None,,,         ,James,Thornton,Clear,Angle,no,no,no,no,no,False
101943391,METROPOLITAN NASHVILLE POLICE DEPT,2018-0236077,Davidson,Nashville,3/14/2018 6:20:00 AM,2,0,0,36.172600,-86.769290,I 24,,,,0.00,,,,,,,48.25,N,Not at Intersection, ,Non-Junction,None,,,         ,Gregory,Julia,Clear,"Sideswipe, Same Direction",no,no,no,no,no,False
101943403,METROPOLITAN NASHVILLE POLICE DEPT,2018-0236107,Davidson,Nashville,3/14/2018 6:53:00 AM,3,0,0,36.131710,-86.726910,I24E,,,,520.00,Feet,North,I24 W ENT RAMP,,,,0.00,N,Not at Intersection, ,Non-Junction,None,,,         ,William,Whitworth,Clear,Front to Rear,no,no,no,no,no,False
101943404,METROPOLITAN NASHVILLE POLICE DEPT,2018-0236372,Davidson,Nashville,3/14/2018 8:48:00 AM,3,0,0,36.084570,-86.699030,I 24,,,,0.00,,,,,,,55.85,N,Not at Intersection,N,Non-Junction,None,,,         ,William,Whitworth,Clear,Front to Rear,no,no,no,no,no,False
101943406,METROPOLITAN NASHVILLE POLICE DEPT,20180236504,Davidson,Nashville,3/14/2018 9:34:00 AM,2,0,0,36.205090,-86.590070,LEESA ANN LN,,,,0.00,,,TULIP GROVE RD,,,,0.00,Y,T-Intersection, ,Intersection,None,,,         ,Michael,Dance,Clear,Front to Rear,no,no,no,no,no,False
101943407,METROPOLITAN NASHVILLE POLICE DEPT,20180236340,Davidson,Nashville,3/14/2018 8:34:00 AM,3,1,0,36.154740,-86.831230,I 40,,,,0.00,,,,,,,205.45,N,Not at Intersection,N,Non-Junction,None,,,         ,William,Coy,Clear,Front to Rear,no,no,no,no,no,False
101943411,METROPOLITAN NASHVILLE POLICE DEPT,20180236417,Davidson,Nashville,3/14/2018 8:45:00 AM,2,0,0,36.225600,-86.774350,I 65,,,,0.00,,,,,,,88.65,N,Not at Intersection, ,,None,,,         ,Kenneth,Oneal,,,no,no,no,no,no,False
101943425,METROPOLITAN NASHVILLE POLICE DEPT,20180236528,Davidson,Nashville,3/14/2018 9:50:00 AM,2,0,0,36.191120,-86.797200,VANTAGE WAY,,,,0.00,,,FRENCH LANDING DR,,,,0.00,Y,Four-Way, ,Intersection,None,,,         ,Isaac,Wood,Clear,Front to Rear,no,no,no,no,no,False
101943433,METROPOLITAN NASHVILLE POLICE DEPT,20180236097,Davidson,Nashville,3/14/2018 6:55:00 AM,2,1,0,36.253050,-86.776990,WESTCHESTER DR,,,,0.00,Feet,,BRICK CHURCH PKE,,,,0.00,Y,T-Intersection,N,Intersection,None,,,         ,Brian,Otto,Clear,Angle,no,no,no,no,no,False