master_record_number,agency,agency_tracking_number,county,city,collision_date,vehicles_involved,number_injured,number_dead,latitude,longitude,roadway_name,roadway_suffix,roadway_number,roadway_local_id,distance_from_reference,miles-feet_indicator,direction_from_reference,intersection_road_name,intersection_road_name_suffix,intersection_road_number,intersection_local_id,mile_marker,intersection_indicator,intersect_type,interchange_related_indicator,relation_to_junction,work_zone_type,construction_maintenance_zone,construction_maintenance_zone_location,fatal_case_number,officer_first_name,officer_last_name,weather_condition(s),manner_of_crash,pedestrian,bicycle,scooter,parking,hitrun,mou
101945736,METROPOLITAN NASHVILLE POLICE DEPT,2018-0243729,Davidson,Nashville,3/16/2018 10:01:00 AM,2,3,0,36.082100,-86.761700,HARDING PL,,,,0.00,,,SIDCO DR,,,,0.00,Y,Four-Way,Y,Entrance/Exit Ramp Related,None,,,         ,Erik,Wagner,Clear,Angle,no,no,no,no,no,False
101945747,METROPOLITAN NASHVILLE POLICE DEPT,20180243859,Davidson,Nashville,3/16/2018 10:45:00 AM,2,0,0,36.117920,-86.810020,GOLF CLUB LN,,,,0.00,,,HILLSBORO PKE,,,,0.00,Y,T-Intersection, ,Intersection-Related,None,,,         ,Jon,Mcvey,Clear,Angle,no,no,no,no,no,False
101945761,METROPOLITAN NASHVILLE POLICE DEPT,20180243834,Davidson,Nashville,3/16/2018 10:40:00 AM,2,0,0,36.089720,-86.650370,MURFREESBORO PKE,,,,258.00,Feet,North,RANSOM PL,,,,0.00,N,Not at Intersection,N,Non-Junction,None,,,         ,Michael,Dance,Clear,"Sideswipe, Same Direction",no,no,no,no,yes,False
101945763,METROPOLITAN NASHVILLE POLICE DEPT,2017-0243406,Davidson,Nashville,3/16/2018 7:27:00 AM,2,0,0,36.155590,-86.805050,21ST AVN,,,,112.00,Feet,North,MURPHY AV,,,,0.00,N,Not at Intersection, ,Non-Junction,None,,,         ,Erik,Wagner,Clear,Angle,no,no,no,no,no,False
101945771,METROPOLITAN NASHVILLE POLICE DEPT,20180243889,Davidson,Nashville,3/16/2018 10:39:00 AM,2,0,0,36.153790,-86.720730,LEBANON PKE,,,,249.00,Feet,East,SPENCE LN,,,,0.00,N,Not at Intersection, ,Non-Junction,None,,,         ,Michael,Dance,Clear,"Sideswipe, Same Direction",no,no,no,no,no,False
101945801,METROPOLITAN NASHVILLE POLICE DEPT,20180243987,Davidson,Nashville,3/16/2018 11:50:00 AM,2,0,0,36.154320,-86.742130,LEBANON PKE,,,,0.00,,,FESSLERS LN,,,,0.00,Y,T-Intersection, ,Intersection,None,,,         ,Michael,Dance,Clear,"Sideswipe, Same Direction",no,no,no,no,no,False
101945807,METROPOLITAN NASHVILLE POLICE DEPT,20180243937,Davidson,Nashville,3/16/2018 11:30:00 AM,2,0,0,36.121740,-86.750590,I440 E EXT RAMP,,,,0.00,,,I 440,,,,0.00,Y,OTHER,Y,Entrance/Exit Ramp Related,None,,,         ,John,Chambers,Clear,Front to Rear,no,no,no,no,no,False
101945814,METROPOLITAN NASHVILLE POLICE DEPT,20180243847,Davidson,Not in City Limit,3/16/2018 10:45:00 AM,2,0,0,36.264060,-86.735920,I65 N EXT RAMP,,,,0.00,Feet,East,OLD HICKORY BLVDW,,,,0.00,N,Not at Intersection,N,Entrance/Exit Ramp Related,None,,,         ,Cyretha,Frazier,Cloudy,Front to Rear,no,no,no,no,no,False
101945818,THP District 9 - Administrative,318015720,Davidson,Nashville,3/15/2018 11:30:00 AM,2,0,0,36.200320,-86.811890,METRO CENTER LEVEE GRNWY,,,,0.00,,,,,,,0.00,,, ,Non-Junction,None,,,         ,William,Gregory,Clear,Front to Rear,no,no,no,yes,yes,False
101945826,METROPOLITAN NASHVILLE POLICE DEPT,20180244009,Davidson,Nashville,3/16/2018 11:59:00 AM,2,0,0,36.146970,-86.808360,WEST END AV,,,,0.00,,,25TH AVS,,,,0.00,Y,OTHER, ,Intersection,None,,,         ,Michael,McCord,Clear,Front to Rear,no,no,no,no,no,Campus
101945827,METROPOLITAN NASHVILLE POLICE DEPT,20180244108,Davidson,Nashville,3/16/2018 12:38:00 PM,2,0,0,36.138580,-86.723450,SPENCE LN,,,,209.00,Feet,South,CORNELIA ST,,,,0.00,N,Not at Intersection,N,Non-Junction,None,,,         ,Michael,Dance,Clear,"Sideswipe, Same Direction",no,no,no,no,yes,False
101945837,METROPOLITAN NASHVILLE POLICE DEPT,20180243863,Davidson,Nashville,3/16/2018 10:51:00 AM,2,0,0,36.164080,-86.782070,UNION ST,,,,85.00,Feet,East,6TH AVN,,,,0.00,N,Not at Intersection, ,OtherLocation,Unknown,,,         ,Frank,Campbell,Clear,"Sideswipe, Same Direction",no,no,no,no,no,False
101945857,METROPOLITAN NASHVILLE POLICE DEPT,20180244125,Davidson,Nashville,3/16/2018 12:55:00 PM,2,0,0,36.125480,-86.846960,HARDING PKE,,,,186.00,Feet,West,KENNER AV,,,,0.00,N,Not at Intersection, ,,None,,,         ,Curtis,Rich,,,no,no,no,no,no,False
101945900,GOODLETTSVILLE POLICE DEPT,18-09761,Davidson,Goodlettsville,3/16/2018 6:32:00 AM,2,0,0,36.310265,-86.686891,VIETNAM VETERANS BLVD,,SR386,,1200.00,Feet,South,CONFERENCE DR.,,,,1.00,N,Not at Intersection, ,Non-Junction,None,,,         ,John,Spencer,Clear,Front to Rear,no,no,no,no,no,False
101945930,METROPOLITAN NASHVILLE POLICE DEPT,20180243990,Davidson,Nashville,3/16/2018 11:49:00 AM,2,3,0,36.149410,-86.769630,4TH AVS,,,,109.00,Feet,South,MCCANN ST,,,,0.00,N,Not at Intersection,N,Non-Junction,None,,,         ,Jon,Mcvey,Clear,Angle,no,no,no,no,no,False
101945931,METROPOLITAN NASHVILLE POLICE DEPT,20180243812,Davidson,Nashville,3/16/2018 10:32:00 AM,3,0,0,36.084210,-86.705730,HARDING PL,,,,50.00,Feet,East,LINBAR DR,,,,0.00,N,Not at Intersection,N,Non-Junction,None,,,         ,Patrick,Martin,Clear,Front to Rear,no,no,no,no,no,False
101945953,METROPOLITAN NASHVILLE POLICE DEPT,20180244276,Davidson,Nashville,3/16/2018 1:45:00 PM,2,0,0,36.153070,-86.848610,ALABAMA AV,,,,0.00,,,51ST AVN,,,,0.00,Y,Four-Way, ,Intersection,None,,,         ,Curtis,Rich,Cloudy,Angle,no,no,no,no,no,False
101945957,METROPOLITAN NASHVILLE POLICE DEPT,20180244181,Davidson,Nashville,3/16/2018 12:45:00 PM,2,0,0,36.029090,-86.591310,MURFREESBORO PKE,,,,362.00,Feet,North,LAVERGNE COUCHVILLE PKE,,,,0.00,N,Not at Intersection, ,,None,,,         ,Jason,Hees,,,no,no,no,no,no,False
101945963,METROPOLITAN NASHVILLE POLICE DEPT,20180244206,Davidson,Nashville,3/16/2018 1:00:00 PM,3,0,0,36.146470,-86.813480,28TH AVN,,,,100.00,Feet,North,POSTON AV,,,,0.00,N,Not at Intersection, ,,None,,,         ,Brian,Murphy,,,no,no,no,no,no,False
101945965,METROPOLITAN NASHVILLE POLICE DEPT,20180244215,Davidson,Nashville,3/16/2018 1:10:00 PM,2,0,0,36.152110,-86.786970,I 40,,,,0.00,,,,,,,209.45,N,Not at Intersection,N,Non-Junction,None,,,         ,William,Caillouette,Clear,"Sideswipe, Same Direction",no,no,no,no,yes,False
101945966,METROPOLITAN NASHVILLE POLICE DEPT,20180244007,Davidson,Nashville,3/16/2018 11:57:00 AM,2,1,0,36.085600,-86.647980,MURFREESBORO PKE,,,,521.00,Feet,South,UNA ANTIOCH PKE,,,,0.00,N,Not at Intersection,N,Non-Junction,None,,,         ,James,Curtis,Clear,Angle,no,no,no,no,no,False
101945967,METROPOLITAN NASHVILLE POLICE DEPT,20180244054,Davidson,Nashville,3/16/2018 12:51:00 PM,3,1,0,36.075390,-86.827900,VINTAGE PL,,,,1332.00,Feet,North,TYNE BLVD,,,,0.00,N,Not at Intersection,N,Non-Junction,None,,,         ,Samuel,Miller,Clear,Not Collision with Motor Vehicle in Transport,yes,no,no,no,no,False
101945968,METROPOLITAN NASHVILLE POLICE DEPT,20180243947,Davidson,Nashville,3/16/2018 11:31:00 AM,4,1,0,36.178610,-86.795040,ROSA L PARKS BLVD,,,,97.00,Feet,South,HUME ST,,,,0.00,N,Not at Intersection,N,Non-Junction,None,,,         ,Chase,Burnett,Clear,Front to Rear,no,no,no,no,no,False
101945976,METROPOLITAN NASHVILLE POLICE DEPT,20180244250,Davidson,Nashville,3/16/2018 1:36:00 PM,2,0,0,36.148350,-86.780320,I 40,,,,0.00,,,,,,,209.80,N,Not at Intersection, ,Non-Junction,None,,,         ,John,Chambers,Clear,Angle,no,no,no,no,no,False
101945977,METROPOLITAN NASHVILLE POLICE DEPT,20180244237,Davidson,Nashville,3/16/2018 1:30:00 PM,2,0,0,36.095580,-86.707550,I 24,,,,0.00,,,,,,,54.90,N,Not at Intersection, ,Non-Junction,None,,,         ,Michael,Dudley,Clear,Front to Rear,no,no,no,no,no,False
101945983,METROPOLITAN NASHVILLE POLICE DEPT,20180244272,Davidson,Nashville,3/16/2018 1:50:00 PM,1,1,0,36.201510,-86.758240,JONES AV,,,,155.00,Feet,North,CHICKASAW AV,,,,0.00,N,Not at Intersection,N,Non-Junction,None,,,         ,Joseph,Progar,Cloudy,Not Collision with Motor Vehicle in Transport,no,no,no,no,no,False
101946003,METROPOLITAN NASHVILLE POLICE DEPT,20180244239,Davidson,Nashville,3/16/2018 12:00:00 AM,3,1,0,36.165610,-86.764100,I 24,,,,0.00,,,,,,,49.00,N,Not at Intersection, ,Non-Junction,None,,,         ,Trevor,Taylor,Clear,Front to Rear,no,no,no,no,no,False
101946027,METROPOLITAN NASHVILLE POLICE DEPT,20180244300,Davidson,Nashville,3/16/2018 1:45:00 PM,2,0,0,36.154360,-86.788440,I 40,,,,0.00,,,,,,,209.25,N,Not at Intersection, ,Non-Junction,None,,,         ,Jon,Mcvey,Clear,"Sideswipe, Same Direction",no,no,no,no,no,False
101946034,Nashville Airport Police,2018-00942,Davidson,Nashville,3/15/2018 12:00:00 AM,2,0,0,36.136650,-86.667650,I40 E EXT RAMP,,,,0.00,,,TERMINAL DR,,,,0.00,Y,OTHER, ,Unknown,Work Zone,,,         ,Daniel,Winter,Clear,Unknown,no,no,no,yes,yes,False
101946099,METROPOLITAN NASHVILLE POLICE DEPT,20180244491,Davidson,Nashville,3/16/2018 2:55:00 PM,2,0,0,36.139510,-86.722930,SPENCE LN,,,,119.00,Feet,South,CORNELIA CT,,,,0.00,N,Not at Intersection, ,Non-Junction,None,,,         ,Seth,Vaughn,Clear,Front to Rear,no,no,no,no,no,False
101946141,METROPOLITAN NASHVILLE POLICE DEPT,20180244410,Davidson,Nashville,3/16/2018 2:21:00 PM,2,0,0,36.217060,-86.740670,HART LN,,,,300.00,Feet,East,HUTSON AV,,,,0.00,N,Not at Intersection, ,Non-Junction,None,,,         ,Tyler,Adcock,Cloudy,"Sideswipe, Same Direction",no,no,no,no,no,False
101946147,METROPOLITAN NASHVILLE POLICE DEPT,2018-0244380,Davidson,Nashville,3/16/2018 2:27:00 PM,2,0,0,36.138770,-86.857530,WHITE BRIDGE PKE,,,,282.00,Feet,South,KENDALL DR,,,,0.00,N,Not at Intersection,N,Non-Junction,None,,,         ,Ryan,Allen,Clear,Front to Rear,no,no,no,no,yes,False
101946148,METROPOLITAN NASHVILLE POLICE DEPT,2018-0244462,Davidson,Nashville,3/16/2018 3:17:00 PM,2,0,0,36.129440,-86.816730,I 440,,,,0.00,,,,,,,2.00,N,Not at Intersection,N,Non-Junction,None,,,         ,Ryan,Allen,Clear,Front to Rear,no,no,no,no,no,False
101946150,METROPOLITAN NASHVILLE POLICE DEPT,20180244191,Davidson,Nashville,3/16/2018 12:00:00 AM,1,0,0,36.192880,-86.801870,ATHENS WAY,,,,36.00,Feet,South,ROSA L PARKS BLVD,,,,0.00,N,Not at Intersection, ,,None,,,         ,Brian,Mclarty,,,no,no,no,no,no,False
101946153,GOODLETTSVILLE POLICE DEPT,18-09562,Davidson,Goodlettsville,3/14/2018 5:15:00 PM,5,1,0,36.305931,-86.702050,VIETNAM VETERANS,BLVD,SR386 E,,0.10,Miles,West,VIETNAM VETERANS,BLVD,SR386 E,,0.80,N,Not at Intersection,N,Non-Junction,None,,,         ,Charles,Hauskin,Clear,Front to Rear,no,no,no,no,no,False
101946192,METROPOLITAN NASHVILLE POLICE DEPT,20180244455,Davidson,Nashville,3/16/2018 3:16:00 PM,2,0,0,36.142510,-86.815590,WEST END AV,,,,38.00,Feet,South,31ST AVN,,,,0.00,N,Not at Intersection, ,,None,,,         ,Ryan,Cagle,,,no,no,no,no,no,Campus
101946197,METROPOLITAN NASHVILLE POLICE DEPT,20180244408,Davidson,Nashville,3/16/2018 1:29:00 PM,2,0,0,36.155950,-86.789950,14TH AVN,,,,128.00,Feet,North,I40 E ENT RAMP,,,,0.00,N,Not at Intersection, ,Non-Junction,None,,,         ,Jed,Baldoni,Clear,Front to Rear,no,no,no,no,yes,False
101946198,METROPOLITAN NASHVILLE POLICE DEPT,20180244492,Davidson,Nashville,3/16/2018 2:55:00 PM,2,0,0,36.055370,-86.667810,HICKORY HOLLOW PKWY,,,,1367.00,Feet,East,MT VIEW RD,,,,0.00,N,Not at Intersection,N,Non-Junction,None,,,         ,Richard,Olive,Clear,Angle,no,no,no,no,no,False
101946199,METROPOLITAN NASHVILLE POLICE DEPT,20180244450,Davidson,Nashville,3/16/2018 3:10:00 PM,2,0,0,36.048100,-86.865640,OLD HICKORY BLVD,,,,210.00,Feet,East,CHICKERING WOOD DR,,,,0.00,N,Not at Intersection,N,Non-Junction,None,,,         ,Michael,Baggech,Clear,Front to Rear,no,no,no,no,yes,False
101946212,METROPOLITAN NASHVILLE POLICE DEPT,20180244506,Davidson,Nashville,3/16/2018 3:30:00 PM,2,0,0,36.185450,-86.759260,ELLINGTON PKWYN,,,,203.00,Feet,North,CLEVELAND ST,,,,0.00,N,Not at Intersection,N,Non-Junction,None,,,         ,Randall,Smith,Clear,Angle,no,no,no,no,no,False
101946215,METROPOLITAN NASHVILLE POLICE DEPT,20180244533,Davidson,Not in City Limit,3/16/2018 3:44:00 PM,2,0,0,36.264280,-86.711490,GALLATIN PKEN,,,,0.00,,,OLD TIME VILLAGE PVTDR,,,,0.00,Y,T-Intersection,N,Intersection,None,,,         ,Christopher,Littles,Clear,Angle,no,no,no,no,no,False
101946244,METROPOLITAN NASHVILLE POLICE DEPT,20180244527,Davidson,Nashville,3/16/2018 3:42:00 PM,2,0,0,36.166920,-86.795350,I 40,,,,0.00,,,,,,,208.30,N,Not at Intersection, ,Non-Junction,None,,,         ,Roy,Sain Jr.,Clear,Front to Rear,no,no,no,no,no,False
101946246,METROPOLITAN NASHVILLE POLICE DEPT,20180244653,Davidson,Nashville,3/16/2018 4:15:00 PM,2,0,0,36.108990,-86.721110,I 24,,,,0.00,,,,,,,53.75,N,Not at Intersection, ,Non-Junction,None,,,         ,Madison,Meiss,Clear,Front to Rear,no,no,no,no,no,False
101946247,METROPOLITAN NASHVILLE POLICE DEPT,20180244559,Davidson,Nashville,3/16/2018 3:52:00 PM,2,0,0,36.134050,-86.764820,RAINS AV,,,,145.00,Feet,North,BYRUM AV,,,,0.00,N,Not at Intersection,N,Non-Junction,None,,,         ,FELIKS,ABRAHAMYAN,Clear,Front to Rear,no,no,no,yes,no,False
101946263,METROPOLITAN NASHVILLE POLICE DEPT,20180244624,Davidson,Nashville,3/16/2018 3:40:00 PM,2,0,0,36.074290,-86.921620,HIGHWAY 70S,,,,114.00,Feet,East,OLD HARDING PKE,,,,0.00,N,Not at Intersection, ,Non-Junction,None,,,         ,Ryan,Allen,Clear,Front to Rear,no,no,no,no,no,False
101946266,METROPOLITAN NASHVILLE POLICE DEPT,20180243762,Davidson,Nashville,3/16/2018 10:15:00 AM,2,2,0,36.115440,-86.747520,NOLENSVILLE PKE,,,,17.00,Feet,South,WHITSETT RD,,,,0.00,N,Not at Intersection,N,Non-Junction,None,,,         ,Jessie,Meadows,Clear,Angle,no,no,no,no,no,False
101946267,METROPOLITAN NASHVILLE POLICE DEPT,20180243930,Davidson,Nashville,3/16/2018 11:20:00 AM,2,0,0,36.044520,-86.661540,CANE RIDGE RD,,,,59.00,Feet,North,TARGET DR,,,,0.00,N,Not at Intersection, ,Non-Junction,None,,,         ,Jessie,Meadows,Clear,Angle,no,no,no,no,no,False
101946268,METROPOLITAN NASHVILLE POLICE DEPT,20180244043,Davidson,Nashville,3/16/2018 12:05:00 PM,2,1,0,36.141750,-86.741790,CLEVELAND AV,,,,68.00,Feet,South,MURFREESBORO PKE,,,,0.00,N,Not at Intersection,N,Non-Junction,None,,,         ,Jessie,Meadows,Clear,Angle,no,no,no,no,no,False
101946269,METROPOLITAN NASHVILLE POLICE DEPT,20180244220,Davidson,Nashville,3/16/2018 1:29:00 PM,2,3,0,36.095710,-86.707650,I 24,,,,0.00,,,,,,,54.90,N,Not at Intersection,N,Non-Junction,None,,,         ,Jessie,Meadows,Clear,Front to Rear,no,no,no,no,no,False
101946271,METROPOLITAN NASHVILLE POLICE DEPT,20180244430,Davidson,Nashville,3/16/2018 3:00:00 PM,2,1,0,36.168350,-86.656860,STEWARTS FERRY PKE,,,,0.00,Feet,,MUNN RD,,,,0.00,Y,T-Intersection,N,Intersection,None,,,         ,Darci,Stechman,Clear,Other,no,no,no,no,no,False
101946288,METROPOLITAN NASHVILLE POLICE DEPT,20180244279,Davidson,Nashville,3/16/2018 2:04:00 PM,2,0,0,36.090120,-86.650610,MURFREESBORO PKE,,,,339.00,Feet,South,BOROWOOD DR,,,,0.00,N,Not at Intersection, ,Non-Junction,None,,,         ,Cheri,Cox,Clear,Angle,no,no,no,no,no,False
101946291,METROPOLITAN NASHVILLE POLICE DEPT,20180244717,Davidson,Not in City Limit,3/16/2018 4:36:00 PM,2,1,0,36.306100,-86.816960,I 24,,,,0.00,,,,,,,38.30,N,Not at Intersection,N,Non-Junction,None,,,         ,Bryan,Musgrave,Clear,Front to Rear,no,no,no,no,no,False
101946311,METROPOLITAN NASHVILLE POLICE DEPT,20180244346,Davidson,Antioch,3/16/2018 2:45:00 PM,1,0,0,36.076820,-86.596410,DAISY TRL,,,,0.00,Feet,East,PHILHALL PKWY,,,,0.00,N,Not at Intersection,N,Non-Junction,None,,,         ,Jessie,Meadows,Clear,Not Collision with Motor Vehicle in Transport,no,no,no,no,yes,False
101946314,METROPOLITAN NASHVILLE POLICE DEPT,20180244587,Davidson,Nashville,3/16/2018 4:03:00 PM,3,0,0,36.167590,-86.765570,I 24,,,,0.00,,,,,,,48.90,N,Not at Intersection,N,Non-Junction,None,,,         ,Robert,Schohn,Clear,Front to Rear,no,no,no,no,no,False
101946315,METROPOLITAN NASHVILLE POLICE DEPT,20180244403,Davidson,Nashville,3/16/2018 1:00:00 PM,2,0,0,36.101300,-86.818340,HILLSBORO PKE,,,,174.00,Feet,North,OVERHILL DR,,,,0.00,N,Not at Intersection, ,Non-Junction,None,,,         ,Akira,McSwain,Clear,Angle,no,no,no,yes,no,False
101946316,METROPOLITAN NASHVILLE POLICE DEPT,20180244543,Davidson,Nashville,3/16/2018 3:30:00 PM,2,0,0,36.155750,-86.809740,CHARLOTTE AV,,,,0.00,,,23RD AVN,,,,0.00,Y,Four-Way,N,Intersection,None,,,         ,Akira,McSwain,Clear,Angle,no,no,no,no,yes,False
101946325,METROPOLITAN NASHVILLE POLICE DEPT,20180244623,Davidson,Nashville,3/16/2018 3:50:00 PM,3,2,0,36.044940,-86.666860,BELL RD,,,,74.00,Feet,East,CEDAR POINTE PKWY,,,,0.00,N,Not at Intersection,N,Non-Junction,None,,,         ,Eric,Keller,Clear,Front to Rear,no,no,no,no,no,False
101946343,METROPOLITAN NASHVILLE POLICE DEPT,20180244838,Davidson,Nashville,3/16/2018 5:05:00 PM,2,0,0,36.124780,-86.794530,SWEETBRIAR AV,,,,84.00,Feet,West,BELMONT BLVD,,,,0.00,N,Not at Intersection,N,Non-Junction,None,,,         ,Jacob,Paul,Clear,"Sideswipe, Same Direction",no,no,no,no,yes,False
101946347,METROPOLITAN NASHVILLE POLICE DEPT,20180244904,Davidson,Nashville,3/16/2018 5:15:00 PM,2,0,0,36.078130,-86.657010,OAKWOOD FOREST DR,,,,0.00,,,UNA ANTIOCH PKE,,,,0.00,Y,T-Intersection, ,Intersection,None,,,         ,Eric,Keller,Clear,Angle,no,no,no,no,no,False
101946349,METROPOLITAN NASHVILLE POLICE DEPT,20180244848,Davidson,Nashville,3/16/2018 4:42:00 PM,2,0,0,36.143310,-86.703730,I 40,,,,0.00,,,,,,,214.50,N,Not at Intersection, ,Non-Junction,None,,,         ,Seth,Vaughn,Clear,Front to Rear,no,no,no,no,no,False
101946354,METROPOLITAN NASHVILLE POLICE DEPT,20180244740,Davidson,Nashville,3/16/2018 4:04:00 PM,2,2,0,36.148850,-86.804560,WEST END AV,,,,0.00,,,23RD AVN,,,,0.00,Y,Four-Way,N,Intersection,None,,,         ,Eric,Burford,Clear,Front to Rear,no,no,no,no,no,Campus
101946355,METROPOLITAN NASHVILLE POLICE DEPT,20180244669,Davidson,Nashville,3/16/2018 3:57:00 PM,2,1,0,36.216080,-86.813180,CHATEAU VALLEY DR,,,,0.00,Feet,West,MOORMANS ARM RD,,,,0.00,N,Not at Intersection,N,Non-Junction,None,,,         ,Janelle,Keslar,Clear,Front to Rear,no,no,no,no,no,False
101946362,METROPOLITAN NASHVILLE POLICE DEPT,20180244873,Davidson,Not in City Limit,3/16/2018 5:25:00 PM,2,0,0,36.003460,-86.697900,AUTUMN OAKS DR,,,,13.00,Feet,East,NOLENSVILLE PKE,,,,0.00,N,Not at Intersection, ,Non-Junction,None,,,         ,Andrew,Brazee,Clear,"Sideswipe, Same Direction",no,no,no,no,no,False
101946364,METROPOLITAN NASHVILLE POLICE DEPT,20180244557,Davidson,Nashville,3/16/2018 3:49:00 PM,2,2,0,36.163950,-86.786910,ROSA L PARKS BLVD,,,,90.00,Feet,West,CHARLOTTE AV,,,,0.00,N,Not at Intersection,N,Entrance/Exit Ramp Related,None,,,         ,Joshua,Reece,Clear,Front to Rear,no,no,no,no,no,False
101946371,METROPOLITAN NASHVILLE POLICE DEPT,20180244589,Davidson,Not in City Limit,3/16/2018 4:00:00 PM,2,0,0,36.273050,-86.710110,GALLATIN PKEN,,,,145.00,Feet,South,ANDERSON LN,,,,0.00,N,Not at Intersection, ,Non-Junction,None,,,         ,Michael,Thompson,Clear,"Sideswipe, Same Direction",no,no,no,no,no,False
101946379,METROPOLITAN NASHVILLE POLICE DEPT,20180244493,Davidson,Nashville,3/16/2018 3:28:00 PM,2,1,0,36.150940,-86.750140,I 40,,,,0.00,,,,,,,211.60,N,Not at Intersection,N,Non-Junction,None,,,         ,Trenton,Searcy,Clear,"Sideswipe, Same Direction",no,no,no,no,yes,False
101946382,METROPOLITAN NASHVILLE POLICE DEPT,20180244537,Davidson,Nashville,3/16/2018 3:46:00 PM,2,0,0,36.175010,-86.784680,3RD AVN,,,,0.00,,,JEFFERSON ST,,,,0.00,Y,Four-Way, ,,None,,,         ,Timothy,Mead,,,no,no,no,no,no,False
101946387,METROPOLITAN NASHVILLE POLICE DEPT,20180244803,Davidson,Nashville,3/16/2018 5:00:00 PM,2,0,0,36.153660,-86.775870,6TH AVS,,,,0.00,,,LEA AV,,,,0.00,Y,Four-Way,N,Non-Junction,None,,,         ,Russell,Ward,Clear,Angle,no,no,no,no,no,False
101946390,METROPOLITAN NASHVILLE POLICE DEPT,20180244769,Davidson,Nashville,3/16/2018 4:57:00 PM,2,0,0,36.216080,-86.813180,CHATEAU VALLEY DR,,,,0.00,Feet,East,MOORMANS ARM RD,,,,0.00,N,Not at Intersection, ,Non-Junction,None,,,         ,Janelle,Keslar,Clear,Front to Rear,no,no,no,no,no,False
101946410,METROPOLITAN NASHVILLE POLICE DEPT,20180244665,Davidson,Not in City Limit,3/16/2018 3:28:00 PM,2,0,0,36.323820,-86.867010,I 24,,,,0.00,,,,,,,35.00,N,Not at Intersection,N,Non-Junction,None,,,         ,Andrey,Volfson,Clear,Front to Rear,no,no,no,no,no,False
101946435,METROPOLITAN NASHVILLE POLICE DEPT,20180245054,Davidson,Nashville,3/16/2018 6:30:00 PM,2,2,0,36.182320,-86.745040,STRATTON AV,,,,0.00,,,N 14TH ST,,,,0.00,Y,Four-Way,N,Intersection,None,,,         ,James,Smith,Clear,Other,no,no,no,no,no,False
101946437,METROPOLITAN NASHVILLE POLICE DEPT,20180244630,Davidson,Nashville,3/16/2018 4:05:00 PM,2,0,0,36.036430,-86.784560,FRIERSON ST,,,,0.00,,,BROOKS CHAPEL RD,,,,0.00,Y,OTHER, ,Intersection-Related,None,,,         ,Jacob,Paul,Clear,"Sideswipe, Opposite Direction",no,no,no,no,no,False
101946438,METROPOLITAN NASHVILLE POLICE DEPT,20180245079,Davidson,Nashville,3/16/2018 6:40:00 PM,2,0,0,36.175960,-86.747330,HOLLY ST,,,,0.00,,,S 13TH ST,,,,0.00,Y,Four-Way,Y,Intersection,None,,,         ,Barrett,Teague,Clear,Angle,no,no,no,no,no,False
101946439,METROPOLITAN NASHVILLE POLICE DEPT,20180245022,Davidson,Nashville,3/16/2018 6:00:00 PM,2,0,0,36.172650,-86.769090,I 24,,,,0.00,,,,,,,48.30,N,Not at Intersection,N,Non-Junction,None,,,         ,Gregory,Cenicola,Clear,Front to Rear,no,no,no,no,no,False
101946444,METROPOLITAN NASHVILLE POLICE DEPT,20180244767,Davidson,Nashville,3/16/2018 4:55:00 PM,2,0,0,36.046000,-86.856760,OLD HICKORY BLVD,,,,403.00,Feet,West,WILDWOOD VALLEY DR,,,,0.00,N,Not at Intersection, ,Non-Junction,None,,,         ,Nicholas,Carroll,Clear,Front to Rear,no,no,no,no,no,False
101946455,METROPOLITAN NASHVILLE POLICE DEPT,20180244797,Davidson,Nashville,3/16/2018 1:40:00 PM,2,0,0,36.146980,-86.756950,LAFAYETTE ST,,,,308.00,Feet,East,FAIRFIELD AV,,,,0.00,N,Not at Intersection,N,Non-Junction,None,,,         ,Jessica,Johann,Clear,Front to Rear,no,no,no,no,yes,False
101946460,METROPOLITAN NASHVILLE POLICE DEPT,20180245040,Davidson,Nashville,3/16/2018 6:23:00 PM,2,1,0,36.046280,-86.657600,BELL RD,,,,136.00,Feet,East,COLLINS PARK DR,,,,0.00,N,Not at Intersection,N,Non-Junction,None,,,         ,Madison,Meiss,Clear,Front to Rear,no,no,no,no,no,False
101946466,METROPOLITAN NASHVILLE POLICE DEPT,2018-0245236,Davidson,Not in City Limit,3/16/2018 6:38:00 PM,2,0,0,36.071120,-86.947080,TODD PREIS DR,,,,0.00,,,SAWYER BROWN RD,,,,0.00,Y,Four-Way, ,Intersection,None,,,         ,Ryan,Allen,Clear,"Sideswipe, Same Direction",no,no,no,no,no,False
101946473,METROPOLITAN NASHVILLE POLICE DEPT,20180245256,Davidson,Nashville,3/16/2018 7:40:00 PM,2,0,0,36.134280,-86.774690,WEDGEWOOD AV,,,,11.00,Feet,East,I65 N ENT RAMP,,,,0.00,N,Not at Intersection, ,Non-Junction,None,,,         ,Akira,McSwain,Clear,Angle,no,no,no,no,no,False
101946478,METROPOLITAN NASHVILLE POLICE DEPT,20180245355,Davidson,Nashville,3/16/2018 8:02:00 PM,2,0,0,36.206800,-86.781220,W TRINITY LN,,,,62.00,Feet,West,SCRUGGS LN,,,,0.00,N,Not at Intersection, ,Non-Junction,None,,,         ,Bryan,Musgrave,Clear,Angle,no,no,no,no,yes,False