master_record_number,agency,agency_tracking_number,county,city,collision_date,vehicles_involved,number_injured,number_dead,latitude,longitude,roadway_name,roadway_suffix,roadway_number,roadway_local_id,distance_from_reference,miles-feet_indicator,direction_from_reference,intersection_road_name,intersection_road_name_suffix,intersection_road_number,intersection_local_id,mile_marker,intersection_indicator,intersect_type,interchange_related_indicator,relation_to_junction,work_zone_type,construction_maintenance_zone,construction_maintenance_zone_location,fatal_case_number,officer_first_name,officer_last_name,weather_condition(s),manner_of_crash,pedestrian,bicycle,scooter,parking,hitrun,mou
101947501,METROPOLITAN NASHVILLE POLICE DEPT,20180247803,Davidson,Nashville,3/17/2018 5:34:00 PM,2,0,0,36.154710,-86.773120,LEA AV,,,,0.00,,,4TH AVS,,,,0.00,Y,OTHER, ,Non-Junction,None,,,         ,Seth,Quiles,Clear,"Sideswipe, Same Direction",no,no,no,no,no,False
101947502,METROPOLITAN NASHVILLE POLICE DEPT,20180247694,Davidson,Nashville,3/17/2018 4:56:00 PM,1,0,0,36.150770,-86.770480,I 40,,,,0.00,,,,,,,210.40,N,Not at Intersection, ,,None,,,         ,Phillip,Box,,,no,no,no,no,no,False
101947507,METROPOLITAN NASHVILLE POLICE DEPT,20180247476,Davidson,Nashville,3/17/2018 2:20:00 PM,1,0,0,36.124730,-86.711080,BOWWOOD DR,,,,0.00,,,BOWWOOD CT,,,,0.00,Y,T-Intersection, ,Intersection,None,,,         ,Patrick,Martin,Clear,Not Collision with Motor Vehicle in Transport,no,no,no,no,no,False
101947509,METROPOLITAN NASHVILLE POLICE DEPT,20180247759,Davidson,Nashville,3/17/2018 4:56:00 PM,2,0,0,36.131690,-86.896040,CHARLOTTE PKE,,,,89.00,Feet,East,I40 E EXT RAMP,,,,0.00,N,Not at Intersection, ,Non-Junction,None,,,         ,Marc,Kozen,Clear,Front to Rear,no,no,no,no,no,False
101947512,METROPOLITAN NASHVILLE POLICE DEPT,20180247827,Davidson,Nashville,3/17/2018 6:05:00 PM,2,0,0,36.238810,-86.723860,GALLATIN PKES,,,,0.00,,,GALLATIN PKE,,,,0.00,Y,T-Intersection, ,,None,,,         ,Brittani,Campbell,,,no,no,no,no,no,False
101947516,METROPOLITAN NASHVILLE POLICE DEPT,2018-0247747,Davidson,Nashville,3/17/2018 5:16:00 PM,2,3,0,36.203090,-86.591610,TULIP GROVE RD,,,,0.00,,,SCOTTS CREEK PKWY,,,,0.00,Y,Four-Way,N,Intersection,None,,,         ,Sandra,Talavera,Clear,Angle,no,no,no,no,no,False
101947525,METROPOLITAN NASHVILLE POLICE DEPT,20180247904,Davidson,Nashville,3/17/2018 6:10:00 PM,2,0,0,36.132470,-86.719310,MURFREESBORO PKE,,,,0.00,Feet,,WILHAGAN RD,,,,0.00,Y,T-Intersection,N,Intersection,None,,,         ,Ciarra,Rench,Clear,Front to Rear,no,no,no,no,no,False
101947548,GOODLETTSVILLE POLICE DEPT,18-09946,Davidson,Goodlettsville,3/17/2018 6:03:00 PM,2,0,0,36.324984,-86.701638,CONFERENCE,DR,,,100.00,Feet,South,LONG HOLLOW,PIKE,SR174,,0.00,N,Not at Intersection, ,Non-Junction,None,,,         ,Hannah,Poole,Clear,Angle,no,no,no,no,no,False
101947569,METROPOLITAN NASHVILLE POLICE DEPT,20180247884,Davidson,Nashville,3/17/2018 6:17:00 PM,2,1,0,36.153030,-86.764940,I 40,,,,0.00,,,,,,,210.70,N,Not at Intersection,N,Non-Junction,None,,,         ,Brandon,Hughes,Clear,"Sideswipe, Same Direction",no,no,no,no,yes,False
101947571,METROPOLITAN NASHVILLE POLICE DEPT,20180248011,Davidson,Nashville,3/17/2018 7:07:00 PM,1,0,0,36.058990,-86.741430,EDMONDSON PKE,,,,404.00,Feet,South,SEVEN MILE CREEK GRNWY,,,,0.00,N,Not at Intersection,N,Non-Junction,None,,,         ,Nicholas,Carroll,Clear,Not Collision with Motor Vehicle in Transport,no,no,no,no,no,False
101947584,METROPOLITAN NASHVILLE POLICE DEPT,20180248177,Davidson,Nashville,3/17/2018 8:07:00 PM,2,0,0,36.227210,-86.835580,BRILEY PKWY E ENT RAMP,,,,0.00,Feet,East,CLARKSVILLE PKE,,,,0.00,N,Not at Intersection,N,Entrance/Exit Ramp Related,None,,,         ,Jason,Hogan,Clear,Angle,no,no,no,no,yes,False
101947608,METROPOLITAN NASHVILLE POLICE DEPT,20180248037,Davidson,Nashville,3/17/2018 5:38:00 PM,2,0,0,36.161870,-86.779340,OPRY PL,,,,0.00,,,5TH AVN,,,,0.00,Y,OTHER, ,Non-Junction,None,,,         ,Seth,Quiles,Clear,Front to Rear,no,no,no,no,no,False
101947612,METROPOLITAN NASHVILLE POLICE DEPT,20180247080,Davidson,Nashville,3/17/2018 2:07:00 PM,2,0,0,36.140860,-86.817440,WEST END AV,,,,3.00,Feet,South,ACKLEN PARK DR,,,,0.00,N,Not at Intersection, ,Non-Junction,None,,,         ,Akira,McSwain,Clear,Angle,no,no,no,no,no,False
101947613,METROPOLITAN NASHVILLE POLICE DEPT,20180248000,Davidson,Nashville,3/17/2018 7:00:00 PM,2,0,0,36.128990,-86.795230,ASHWOOD AV,,,,0.00,,,BELMONT BLVD,,,,0.00,Y,Y-Intersection, ,Non-Junction,None,,,         ,Akira,McSwain,Clear,Angle,no,no,no,no,no,False
101947614,METROPOLITAN NASHVILLE POLICE DEPT,20180248126,Davidson,Nashville,3/17/2018 7:30:00 PM,2,0,0,36.142590,-86.815500,WEST END AV,,,,0.00,,,31ST AVN,,,,0.00,Y,Four-Way, ,Non-Junction,None,,,         ,Akira,McSwain,Clear,Front to Rear,no,no,no,no,no,Campus
101947629,METROPOLITAN NASHVILLE POLICE DEPT,20180248122,Davidson,Nashville,3/17/2018 7:42:00 PM,2,0,0,36.243930,-86.756770,DOVERSIDE DR,,,,59.00,Feet,West,DICKERSON PKE,,,,0.00,N,Not at Intersection,N,Non-Junction,None,,,         ,DuJuan,Kendrick,Clear,HeadOn,no,no,no,no,no,False
101947652,METROPOLITAN NASHVILLE POLICE DEPT,2018-0248086,Davidson,Nashville,3/17/2018 7:29:00 PM,2,2,0,36.199870,-86.619040,LEBANON PKE,,,,633.00,Feet,North,OLD HICKORY BLVD,,,,0.00,N,Not at Intersection,N,Non-Junction,None,,,         ,Sandra,Talavera,Clear,Angle,no,no,no,no,no,False
101947662,METROPOLITAN NASHVILLE POLICE DEPT,20180247943,Davidson,Nashville,3/17/2018 6:00:00 PM,2,0,0,36.182610,-86.797800,I65 N EXT RAMP,,,,0.00,,,I 65,,,,0.00,Y,OTHER,N,Non-Junction,None,,,         ,Shannon,Forsyth,Clear,Front to Rear,no,no,no,no,yes,False
101947664,METROPOLITAN NASHVILLE POLICE DEPT,20180247772,Davidson,Nashville,3/17/2018 5:23:00 PM,2,1,0,36.195730,-86.775560,I 65,,,,0.00,,,,,,,86.60,N,Not at Intersection, ,Non-Junction,None,,,         ,Joshua,Lackey,Clear,Front to Rear,no,no,no,no,no,False
101947683,METROPOLITAN NASHVILLE POLICE DEPT,20180248344,Davidson,Nashville,3/17/2018 9:00:00 PM,2,0,0,36.146840,-86.808630,WEST END AV,,,,0.00,,,25TH AVN,,,,0.00,Y,Y-Intersection, ,Intersection-Related,None,,,         ,Gary,Peters,Clear,Front to Rear,no,no,no,no,no,Campus
101947704,METROPOLITAN NASHVILLE POLICE DEPT,20180247974,Davidson,Nashville,3/17/2018 6:50:00 PM,2,0,0,36.143190,-86.704520,I 40,,,,0.00,,,,,,,214.50,N,Not at Intersection, ,Non-Junction,None,,,         ,Keiara,Ward,Clear,Front to Rear,no,no,no,no,no,False
101947710,METROPOLITAN NASHVILLE POLICE DEPT,20180247926,Davidson,Nashville,3/17/2018 6:25:00 PM,2,0,0,36.145500,-86.666710,DONELSON PKE,,,,166.00,Feet,South,ROYAL PKWY,,,,0.00,N,Not at Intersection,N,Non-Junction,None,,,         ,Allyson,Reis,Clear,Angle,no,no,no,no,yes,False
101947715,METROPOLITAN NASHVILLE POLICE DEPT,20180248455,Davidson,Nashville,3/17/2018 9:45:00 PM,2,0,0,36.145230,-86.740450,I 40,,,,0.00,,,,,,,212.25,N,Not at Intersection,N,Non-Junction,None,,,         ,Seth,Vaughn,Clear,"Sideswipe, Same Direction",no,no,no,no,no,False
101947748,GOODLETTSVILLE POLICE DEPT,18-09959,Davidson,Goodlettsville,3/17/2018 9:00:00 PM,2,0,0,36.295440,-86.709820,MONTICELLO AV,,,,39.00,Feet,South,ALTA LOMA RD,,,,0.00,N,Not at Intersection,N,Non-Junction,None,,,         ,Jeffery,Hunter,Clear,"Sideswipe, Opposite Direction",no,no,no,no,yes,False
101947758,METROPOLITAN NASHVILLE POLICE DEPT,20180247914,Davidson,Nashville,3/17/2018 12:00:00 AM,2,0,0,36.217030,-86.695760,MCGAVOCK PKE,,,,182.00,Feet,East,MUSIC VALLEY DR,,,,0.00,N,Not at Intersection, ,Non-Junction,None,,,         ,Jessica,Johann,Clear,"Sideswipe, Same Direction",no,no,no,no,no,False
101947763,METROPOLITAN NASHVILLE POLICE DEPT,20180248601,Davidson,Nashville,3/17/2018 11:08:00 PM,3,0,0,36.151460,-86.751810,I 40,,,,0.00,,,,,,,211.50,N,Not at Intersection,N,Entrance/Exit Ramp Related,None,,,         ,Steven,Rowlett,Cloudy,"Sideswipe, Same Direction",no,no,no,no,yes,False
101947824,METROPOLITAN NASHVILLE POLICE DEPT,20180248577,Davidson,Nashville,3/17/2018 10:50:00 PM,1,1,0,36.061120,-86.624450,MURFREESBORO PKE,,,,1790.00,Feet,South,HAMILTON CHURCH RD,,,,0.00,N,Not at Intersection,N,Non-Junction,None,,,         ,Kyle,Burks,Clear,Not Collision with Motor Vehicle in Transport,no,no,no,no,no,False
101947840,METROPOLITAN NASHVILLE POLICE DEPT,20180248539,Davidson,Nashville,3/17/2018 10:21:00 PM,2,2,0,36.096120,-86.655560,MURFREESBORO PKE,,,,24.00,Feet,East,SMITH SPRINGS RD,,,,0.00,N,Not at Intersection,N,Non-Junction,None,,,         ,Marcus,Darden,Clear,Angle,no,no,no,no,no,False
101947845,METROPOLITAN NASHVILLE POLICE DEPT,20180248641,Davidson,Nashville,3/17/2018 11:18:00 PM,2,0,0,36.145310,-86.812280,WEST END AV,,,,0.00,,,,,,,0.00,,,N,Non-Junction,None,,,         ,Jonathan,Hadley,Clear,Front to Rear,no,no,no,yes,yes,Campus
101947875,METROPOLITAN NASHVILLE POLICE DEPT,20180248447,Davidson,Nashville,3/17/2018 9:40:00 PM,2,1,0,36.160500,-86.776860,4TH AVS,,,,212.00,Feet,South,BROADWAY,,,,0.00,N,Not at Intersection,N,Non-Junction,None,,,         ,William,Gibbs,Clear,Angle,no,no,no,no,yes,False
101947894,METROPOLITAN NASHVILLE POLICE DEPT,20180248840,Davidson,Antioch,3/18/2018 1:01:00 AM,2,1,0,36.047840,-86.612050,MURFREESBORO PKE,,,,1284.00,Feet,North,MOUNTAIN SPRINGS RD,,,,0.00,N,Not at Intersection,N,Non-Junction,None,,,         ,Jefferson,Hughes,Clear,Angle,no,no,no,no,no,False
101947915,METROPOLITAN NASHVILLE POLICE DEPT,20180249058,Davidson,Nashville,3/18/2018 12:44:00 AM,2,0,0,36.162120,-86.778710,COMMERCE ST,,,,207.00,Feet,East,5TH AVN,,,,0.00,N,Not at Intersection,N,Non-Junction,None,,,         ,Austin,Childress,Clear,Angle,no,no,no,no,no,False
101947916,METROPOLITAN NASHVILLE POLICE DEPT,20180249033,Davidson,Nashville,3/18/2018 12:37:00 AM,1,0,0,36.069080,-86.676340,WAIKIKI BLVD,,,,0.00,Feet,East,RICHARDS RD,,,,0.00,N,Not at Intersection,N,Non-Junction,None,,,         ,Autumn,Manning,Clear,Not Collision with Motor Vehicle in Transport,no,no,no,yes,yes,False
101947922,METROPOLITAN NASHVILLE POLICE DEPT,20180248952,Davidson,Nashville,3/17/2018 11:20:00 PM,1,0,0,36.226400,-86.625380,OLD HICKORY BLVD,,,,437.00,Feet,North,CENTER ST,,,,0.00,N,Not at Intersection,N,Non-Junction,None,,,         ,Patrick,Lancaster,Clear,Not Collision with Motor Vehicle in Transport,no,no,no,no,no,False
101947941,METROPOLITAN NASHVILLE POLICE DEPT,20180248606,Davidson,Nashville,3/17/2018 11:16:00 PM,2,1,0,36.171210,-86.769510,JAMES ROBERSON,,,,1.00,Feet,,,,,,0.10,N,Not at Intersection,N,Non-Junction,None,,,         ,Daniel,Russett,,HeadOn,no,no,no,no,no,False
101947948,METROPOLITAN NASHVILLE POLICE DEPT,20180249220,Davidson,Nashville,3/18/2018 4:20:00 AM,2,0,0,36.094460,-86.653430,MURFREESBORO PKE,,,,0.00,,,FRANKLIN LIMESTONE RD,,,,0.00,Y,Four-Way, ,Intersection,None,,,         ,David,Smith,Clear,Front to Rear,no,no,no,no,no,False
101947953,METROPOLITAN NASHVILLE POLICE DEPT,20180249251,Davidson,Nashville,3/18/2018 1:40:00 AM,2,0,0,36.168420,-86.687960,LEBANON PKE,,,,0.00,,,LEBANON PKE,,,,0.00,Y,OTHER,N,Non-Junction,None,,,         ,Joseph,Zambardi,Clear,"Sideswipe, Opposite Direction",no,no,no,no,yes,False
101947954,METROPOLITAN NASHVILLE POLICE DEPT,20180249117,Davidson,Nashville,3/18/2018 3:42:00 AM,2,0,0,36.152340,-86.791070,DEMONBREUN ST,,,,100.00,Feet,East,DIVISION ST,,,,0.00,N,Not at Intersection,N,Non-Junction,None,,,         ,Jonathan,Hadley,Clear,"Sideswipe, Opposite Direction",no,no,no,no,yes,False
101947981,METROPOLITAN NASHVILLE POLICE DEPT,20180249091,Davidson,Nashville,3/18/2018 3:17:00 AM,2,1,0,36.154630,-86.761680,I24 W ENT RAMP,,,,0.00,,,I 40,,,,0.00,Y,OTHER,Y,Entrance/Exit Ramp Related,None,,,         ,Stephen,Waterman,Clear,Front to Rear,no,no,no,no,no,False
101947984,METROPOLITAN NASHVILLE POLICE DEPT,20180249125,Davidson,Nashville,3/18/2018 3:45:00 AM,1,1,0,36.069390,-86.693940,APACHE TRL,,,,75.00,Feet,South,HAYWOOD LN,,,,0.00,N,Not at Intersection,N,Non-Junction,None,,,         ,Autumn,Manning,Clear,Not Collision with Motor Vehicle in Transport,no,no,no,no,yes,False
101947987,METROPOLITAN NASHVILLE POLICE DEPT,20180249125,Davidson,Nashville,3/18/2018 3:45:00 AM,3,1,0,36.064680,-86.686450,PACKARD DR,,,,212.00,Feet,East,VILLAS OF BAVARIA PVTDR,,,,0.00,N,Not at Intersection,N,Non-Junction,None,,,         ,Derrick,Toney,Clear,Not Collision with Motor Vehicle in Transport,no,no,no,no,yes,False
101947988,METROPOLITAN NASHVILLE POLICE DEPT,20180249062,Davidson,Nashville,3/18/2018 2:58:00 AM,1,0,0,36.154710,-86.761540,I 40,,,,0.00,,,,,,,210.90,N,Not at Intersection,Y,Entrance/Exit Ramp Related,None,,,         ,Landon,Bagwell,Cloudy,Not Collision with Motor Vehicle in Transport,no,no,no,no,no,False
101948034,Nashville Airport Police,18-00919,Davidson,Nashville,3/16/2018 9:53:00 AM,2,0,0,36.129140,-86.665380,DONELSON PKE,,,,0.00,,,DONELSON PKE S ENT RAMP,,,,0.00,Y,OTHER, ,Non-Junction,None,,,         ,George,Youssef,Clear,Front to Rear,no,no,no,no,no,False
101948050,METROPOLITAN NASHVILLE POLICE DEPT,20180249353,Davidson,Nashville,3/18/2018 12:00:00 AM,2,0,0,36.070900,-86.649270,PEBBLE CREEK DR,,,,375.00,Feet,West,CANYON RIDGE CT,,,,0.00,N,Not at Intersection, ,Non-Junction,None,,,         ,Jason,Hees,Clear,Front to Rear,no,no,no,no,yes,False
101948061,GOODLETTSVILLE POLICE DEPT,18-09915,Davidson,Goodlettsville,3/17/2018 2:25:00 PM,2,0,0,36.299740,-86.711790,I 65,,,,0.00,,,,,,,95.15,N,Not at Intersection,N,Non-Junction,None,,,         ,John,Spencer,Clear,"Sideswipe, Same Direction",no,no,no,no,yes,False
101948062,METROPOLITAN NASHVILLE POLICE DEPT,2018-0249441,Davidson,Nashville,3/17/2018 11:00:00 PM,1,1,0,36.177300,-86.607190,FRIST BLVD,,,,688.00,Feet,West,I40 W ENT RAMP,,,,0.00,N,Not at Intersection,N,Non-Junction,None,,,         ,Calvin,Graham,Clear,Not Collision with Motor Vehicle in Transport,yes,no,no,no,yes,False
101948107,METROPOLITAN NASHVILLE POLICE DEPT,20180249634,Davidson,Not in City Limit,3/18/2018 12:00:00 AM,1,0,0,36.081150,-86.929370,HICKS RD,,,,337.00,Feet,East,POST CREEK RD,,,,0.00,N,Not at Intersection, ,Non-Junction,None,,,         ,Douglas,Atwood,Unknown,Not Collision with Motor Vehicle in Transport,no,no,no,yes,yes,False
101948164,Nashville Airport Police,2018-00982,Davidson,Nashville,3/18/2018 12:00:00 AM,2,0,0,36.135960,-86.663620,TERMINAL DRIVE,,,,500.00,Feet,South,,,,,255.00,N,Not at Intersection, ,Non-Junction,None,,,         ,Lynn,Oliver,Unknown,Unknown,no,no,no,yes,yes,False
101948177,METROPOLITAN NASHVILLE POLICE DEPT,20180249764,Davidson,Nashville,3/18/2018 10:55:00 AM,2,0,0,36.172200,-86.752220,S 10TH ST,,,,219.00,Feet,South,BOSCOBEL ST,,,,0.00,N,Not at Intersection, ,Non-Junction,None,,,         ,Michael,Agee,Cloudy,Rear to Rear,no,no,no,yes,no,False
101948221,METROPOLITAN NASHVILLE POLICE DEPT,20180249839,Davidson,Nashville,3/18/2018 11:40:00 AM,2,0,0,36.068120,-86.696340,CREEKSIDE DR,,,,0.00,,,KEELEY DR,,,,0.00,Y,Four-Way,N,Non-Junction,None,,,         ,Honorio,Canchola,Clear,Other,no,no,no,no,no,False
101948296,METROPOLITAN NASHVILLE POLICE DEPT,20180249768,Davidson,Nashville,3/18/2018 12:00:00 AM,1,0,0,36.095780,-86.737100,WHEELER AV,,,,114.00,Feet,East,NOLENSVILLE PKE,,,,0.00,N,Not at Intersection,N,Non-Junction,None,,,         ,Barry,Demonbreun,Clear,Not Collision with Motor Vehicle in Transport,no,no,no,no,yes,False
101948331,METROPOLITAN NASHVILLE POLICE DEPT,20180249983,Davidson,Nashville,3/18/2018 1:59:00 PM,2,0,0,36.090290,-86.703530,I 24,,,,0.00,,,,,,,55.35,N,Not at Intersection, ,Non-Junction,None,,,         ,Stephen,Soule,Clear,Front to Rear,no,no,no,no,no,False
101948340,METROPOLITAN NASHVILLE POLICE DEPT,20180249608,Davidson,Nashville,3/18/2018 12:00:00 AM,1,0,0,36.043130,-86.640310,MT VIEW RD,,,,157.00,Feet,East,BABY RUTH LN,,,,0.00,N,Not at Intersection,N,Non-Junction,None,,,         ,Brandon,Evans,Unknown,Not Collision with Motor Vehicle in Transport,no,no,no,no,yes,False
101948348,METROPOLITAN NASHVILLE POLICE DEPT,20180249940,Davidson,Nashville,3/18/2018 1:27:00 PM,2,1,0,36.170240,-86.821370,ED TEMPLE BLVD,,,,205.00,Feet,North,W HEIMAN ST,,,,0.00,N,Not at Intersection,N,Non-Junction,None,,,         ,Patrick,Taylor,Clear,Front to Rear,no,no,no,no,yes,False
101948364,Bicentennial Capitol Mall State Park,72031818DF01,Davidson,Nashville,3/18/2018 11:35:00 AM,2,0,0,36.173280,-86.788310,6TH AVN,,,,250.00,Feet,South,JEFFERSON ST,,,,0.00,N,Not at Intersection, ,,None,,,         ,Donald,Fend,,,no,no,no,no,no,False
101948369,METROPOLITAN NASHVILLE POLICE DEPT,20180249948,Davidson,Nashville,3/18/2018 1:36:00 PM,2,0,0,36.210710,-86.833850,WALTERS CT,,,,0.00,,,HAYNES PARK DR,,,,0.00,Y,T-Intersection,N,Intersection,None,,,         ,William,Coy,Clear,Angle,no,no,no,no,yes,False
101948397,METROPOLITAN NASHVILLE POLICE DEPT,20180249924,Davidson,Nashville,3/18/2018 1:00:00 PM,3,0,0,36.040660,-86.779820,OLD HICKORY BLVD,,,,156.00,Feet,West,STONE BROOK DR,,,,0.00,N,Not at Intersection,N,Non-Junction,None,,,         ,Justan,Vance,Clear,Front to Rear,no,no,no,no,no,False
101948412,GOODLETTSVILLE POLICE DEPT,18-09899,Davidson,Goodlettsville,3/17/2018 11:30:00 AM,1,0,0,36.310390,-86.703700,I65 S ENT RAMP,,,,0.00,,,I 65,,,,0.00,Y,OTHER,Y,Entrance/Exit Ramp Related,None,,,         ,John,Spencer,Clear,Not Collision with Motor Vehicle in Transport,no,no,no,no,no,False
101948421,METROPOLITAN NASHVILLE POLICE DEPT,20180250039,Davidson,Nashville,3/18/2018 1:40:00 PM,2,1,0,36.202500,-86.776850,I 65,,,,0.00,,,,,,,86.95,N,Not at Intersection,N,Non-Junction,None,,,         ,Bryan,Musgrave,Clear,Front to Rear,no,no,no,no,no,False
101948423,METROPOLITAN NASHVILLE POLICE DEPT,20180250114,Davidson,Nashville,3/18/2018 3:34:00 PM,2,0,0,36.050670,-86.775150,I 65,,,,0.00,,,,,,,74.60,N,Not at Intersection, ,Non-Junction,None,,,         ,Nicholas,Carroll,Clear,"Sideswipe, Same Direction",no,no,no,no,no,False
101948432,METROPOLITAN NASHVILLE POLICE DEPT,20180250118,Davidson,Nashville,3/18/2018 2:16:00 PM,1,0,0,36.164060,-86.860610,PENNSYLVANIA AV,,,,0.00,,,,,,,0.00,,,N,Non-Junction,None,,,         ,Andrew,McCarron,Clear,Not Collision with Motor Vehicle in Transport,no,no,no,yes,yes,False
101948447,METROPOLITAN NASHVILLE POLICE DEPT,20180250156,Davidson,Nashville,3/18/2018 3:40:00 PM,2,0,0,36.145840,-86.741460,I 40,,,,0.00,,,,,,,212.20,N,Not at Intersection,N,Non-Junction,None,,,         ,Darci,Stechman,Clear,"Sideswipe, Same Direction",no,no,no,no,yes,False
101948453,METROPOLITAN NASHVILLE POLICE DEPT,20180250183,Davidson,Not in City Limit,3/18/2018 4:55:00 PM,2,0,0,36.273020,-86.710120,GALLATIN PKEN,,,,86.00,Feet,North,NESBITT LN,,,,0.00,N,Not at Intersection, ,,None,,,         ,Bradley,Campbell,,,no,no,no,no,no,False
101948465,METROPOLITAN NASHVILLE POLICE DEPT,20180250140,Davidson,Nashville,3/18/2018 1:58:00 PM,2,0,0,36.085210,-86.647830,MURFREESBORO PKE,,,,557.00,Feet,East,UNA ANTIOCH PKE,,,,0.00,N,Not at Intersection, ,Non-Junction,None,,,         ,Deandera,Payne,Clear,Front to Rear,no,no,no,no,no,False
101948474,METROPOLITAN NASHVILLE POLICE DEPT,20180250228,Davidson,Nashville,3/18/2018 4:25:00 PM,2,0,0,36.076680,-86.640840,MURFREESBORO PKE,,,,248.00,Feet,East,LAKEVILLA DR,,,,0.00,N,Not at Intersection, ,Non-Junction,None,,,         ,Deandera,Payne,Clear,"Sideswipe, Same Direction",no,no,no,no,no,False
101948485,METROPOLITAN NASHVILLE POLICE DEPT,20180250272,Davidson,Nashville,3/18/2018 4:46:00 PM,2,0,0,36.154000,-86.770040,2ND AVS,,,,69.00,Feet,South,ELM ST,,,,0.00,N,Not at Intersection,N,Non-Junction,None,,,         ,Seth,Quiles,Cloudy,"Sideswipe, Same Direction",no,no,no,no,no,False
101948489,METROPOLITAN NASHVILLE POLICE DEPT,20180250333,Davidson,Not in City Limit,3/18/2018 5:33:00 PM,2,0,0,36.104060,-86.558540,ARBOR POINTE WAY,,,,505.00,Feet,South,ARBOR POINTE CV,,,,0.00,N,Not at Intersection, ,Non-Junction,None,,,         ,YUNUS,ADAK,Clear,Front to Rear,no,no,no,yes,no,False
101948495,VANDERBILT UNIVERSITY POLICE,18-0250361,Davidson,Nashville,3/18/2018 12:00:00 AM,2,0,0,36.111510,-86.765070,STATE HWY 155,,,,0.00,,,,,,,0.00,,, ,Non-Junction,None,,,         ,William,Amburn,Cloudy,Angle,no,no,no,yes,no,OHO
101948496,METROPOLITAN NASHVILLE POLICE DEPT,20180250243,Davidson,Nashville,3/18/2018 4:30:00 PM,2,0,0,36.193300,-86.830630,CLARKSVILLE PKE,,,,215.00,Feet,East,BUENA VISTA PKE,,,,0.00,N,Not at Intersection,N,Non-Junction,None,,,         ,Jason,Hogan,Clear,Angle,no,no,no,no,yes,False
101948500,METROPOLITAN NASHVILLE POLICE DEPT,20180250322,Davidson,Nashville,3/18/2018 5:01:00 PM,2,0,0,36.100310,-86.711650,I 24,,,,0.00,,,,,,,54.55,N,Not at Intersection,N,Non-Junction,None,,,         ,Johnathon,Birdwell,Clear,Other,no,no,no,no,yes,False
101948513,METROPOLITAN NASHVILLE POLICE DEPT,20180250309,Davidson,Nashville,3/18/2018 5:20:00 PM,1,1,0,36.108060,-86.743760,NOLENSVILLE PKE,,,,184.00,Feet,North,TIMMONS ST,,,,0.00,N,Not at Intersection,N,Non-Junction,None,,,         ,Marcus,Darden,Clear,Not Collision with Motor Vehicle in Transport,no,no,no,no,no,False
101948548,METROPOLITAN NASHVILLE POLICE DEPT,20180250345,Davidson,Nashville,3/18/2018 5:38:00 PM,2,2,0,36.063200,-86.699200,PACKARD DR,,,,3.00,Feet,East,EAST RIDGE DR,,,,0.00,N,Not at Intersection,N,Non-Junction,None,,,         ,Andrew,Brazee,Clear,Angle,no,no,no,no,no,False
101948552,METROPOLITAN NASHVILLE POLICE DEPT,20180250537,Davidson,Nashville,3/18/2018 7:23:00 PM,2,0,0,36.178520,-86.749840,FORREST AV,,,,0.00,,,N 11TH ST,,,,0.00,Y,Four-Way, ,Intersection,None,,,         ,Gregory,Cenicola,Clear,Angle,no,no,no,no,no,False
101948555,METROPOLITAN NASHVILLE POLICE DEPT,20180250490,Davidson,Nashville,3/18/2018 6:47:00 PM,2,1,0,36.045610,-86.719770,OLD HICKORY BLVD,,,,0.00,,,ZERMATT AV,,,,0.00,Y,T-Intersection,Y,Intersection,None,,,         ,Nicholas,Carroll,Clear,Other,no,no,no,no,no,False
101948577,METROPOLITAN NASHVILLE POLICE DEPT,20180250631,Davidson,Nashville,3/18/2018 8:05:00 PM,1,0,0,36.142400,-86.765030,4TH AVS,,,,0.00,,,HART ST,,,,0.00,Y,OTHER,N,Intersection-Related,None,,,         ,Douglas,Sykes,Clear,Not Collision with Motor Vehicle in Transport,no,no,no,no,no,False
101948607,METROPOLITAN NASHVILLE POLICE DEPT,20180250304,Davidson,Not in City Limit,3/18/2018 4:00:00 PM,2,0,0,36.328370,-86.894140,I 24,,,,0.00,,,,,,,33.45,N,Not at Intersection, ,,None,,,         ,Jerry,Pirtle,,,no,no,no,no,no,False
101948626,METROPOLITAN NASHVILLE POLICE DEPT,20180250582,Davidson,Nashville,3/18/2018 7:39:00 PM,2,4,0,36.129720,-86.839550,VINE CT,,,,0.00,Feet,,HARDING PKE,,,,0.00,Y,T-Intersection,N,Intersection-Related,None,,,         ,Torian,Cox,Clear,Angle,no,no,no,no,no,False
101948628,METROPOLITAN NASHVILLE POLICE DEPT,20180250771,Davidson,Not in City Limit,3/18/2018 7:49:00 PM,2,0,0,36.270590,-86.700920,ROOSEVELT AV,,,,0.00,,,BECKLEA DR,,,,0.00,Y,Four-Way,N,Intersection,None,,,         ,Bradley,Campbell,Clear,Angle,no,no,no,no,yes,False
101948629,METROPOLITAN NASHVILLE POLICE DEPT,20180250722,Davidson,Nashville,3/18/2018 8:43:00 PM,1,1,0,36.155790,-86.823930,I40 E EXT RAMP,,,,0.00,,East,I 40,,,,0.00,N,Not at Intersection,Y,Non-Junction,None,,,         ,Andrew,McCarron,Clear,Not Collision with Motor Vehicle in Transport,no,no,no,no,no,False