master_record_number,agency,agency_tracking_number,county,city,collision_date,vehicles_involved,number_injured,number_dead,latitude,longitude,roadway_name,roadway_suffix,roadway_number,roadway_local_id,distance_from_reference,miles-feet_indicator,direction_from_reference,intersection_road_name,intersection_road_name_suffix,intersection_road_number,intersection_local_id,mile_marker,intersection_indicator,intersect_type,interchange_related_indicator,relation_to_junction,work_zone_type,construction_maintenance_zone,construction_maintenance_zone_location,fatal_case_number,officer_first_name,officer_last_name,weather_condition(s),manner_of_crash,pedestrian,bicycle,scooter,parking,hitrun,mou
101950721,METROPOLITAN NASHVILLE POLICE DEPT,20180256958,Davidson,Nashville,3/20/2018 8:00:00 PM,2,0,0,36.062230,-86.682220,I 24,,,,0.00,,,,,,,57.65,N,Not at Intersection, ,Non-Junction,None,,,         ,Eric,Keller,Rain,Front to Rear,no,no,no,no,no,False
101950725,METROPOLITAN NASHVILLE POLICE DEPT,20180256124,Davidson,Nashville,3/20/2018 3:00:00 PM,2,0,0,36.105460,-86.772790,CALDWELL LN,,,,0.00,,,FRANKLIN PKE,,,,0.00,Y,T-Intersection,N,Intersection-Related,None,,,         ,Jacob,Paul,Rain,Angle,no,no,no,no,no,False
101950734,METROPOLITAN NASHVILLE POLICE DEPT,20180256702,Davidson,Nashville,3/20/2018 5:30:00 PM,2,0,0,36.061200,-86.681150,I 24,,,,0.00,,,,,,,57.75,N,Not at Intersection, ,Non-Junction,None,,,         ,Eric,Keller,Rain,Front to Rear,no,no,no,no,no,False
101950735,METROPOLITAN NASHVILLE POLICE DEPT,20180256556,Davidson,Nashville,3/20/2018 5:05:00 PM,3,0,0,36.133050,-86.811610,NATCHEZ TRC,,,,188.00,Feet,North,ESSEX PL,,,,0.00,N,Not at Intersection, ,Non-Junction,None,,,         ,Eric,Burford,Rain,Front to Rear,no,no,no,no,no,False
101950736,THP District 3 - Nashville,318017160,Davidson,Nashville,3/20/2018 5:27:00 PM,1,0,0,36.034790,-86.783310,I 65,,,,0.00,,,,,,,74.30,N,Not at Intersection, ,Entrance/Exit Ramp Related,None,,,         ,Charles,Spires,Rain,Not Collision with Motor Vehicle in Transport,no,no,no,no,no,False
101950747,METROPOLITAN NASHVILLE POLICE DEPT,20180256747,Davidson,Nashville,3/20/2018 6:45:00 PM,2,0,0,36.062790,-86.704470,PACKARD DR,,,,0.00,,,FAIRLANE DR,,,,0.00,Y,T-Intersection,N,Intersection,None,,,         ,Marcus,Darden,Rain,Front to Rear,no,no,no,no,no,False
101950749,METROPOLITAN NASHVILLE POLICE DEPT,20180256873,Davidson,Nashville,3/20/2018 7:33:00 PM,2,0,0,36.162570,-86.761080,I 24,,,,0.00,,,,,,,49.30,N,Not at Intersection, ,Non-Junction,None,,,         ,Richard,Conger,Rain,Angle,no,no,no,no,no,False
101950752,METROPOLITAN NASHVILLE POLICE DEPT,20180256845,Davidson,Nashville,3/20/2018 12:00:00 AM,2,1,0,36.238200,-86.781810,BRILEY PKWYE,,,,261.00,Feet,West,BRICK CHURCH PKE,,,,0.00,N,Not at Intersection, ,Non-Junction,None,,,         ,Melvin,Taylor,Clear,"Sideswipe, Same Direction",no,no,no,no,yes,False
101950758,METROPOLITAN NASHVILLE POLICE DEPT,20180256672,Davidson,Nashville,3/20/2018 6:14:00 PM,2,1,0,36.123860,-86.746410,I 440,,,,0.00,,,,,,,6.50,N,Not at Intersection,Y,Non-Junction,None,,,         ,Je-Marc,Sears,Rain,Front to Rear,no,no,no,no,no,False
101950762,METROPOLITAN NASHVILLE POLICE DEPT,20180257047,Davidson,Nashville,3/20/2018 7:49:00 PM,2,0,0,36.069330,-86.692500,HAYWOOD LN,,,,76.00,Feet,East,HAYWOOD SQUARE PVTDR,,,,0.00,N,Not at Intersection, ,Non-Junction,None,,,         ,William,Durham,Rain,Angle,no,no,no,no,no,False
101950776,METROPOLITAN NASHVILLE POLICE DEPT,20180256899,Davidson,Nashville,3/20/2018 7:49:00 PM,2,0,0,36.082100,-86.761700,HARDING PL,,,,0.00,,,SIDCO DR,,,,0.00,Y,OTHER,N,Intersection-Related,None,,,         ,Jacob,Paul,Rain,Front to Rear,no,no,no,no,yes,False
101950778,METROPOLITAN NASHVILLE POLICE DEPT,20180256534,Davidson,Nashville,3/20/2018 4:19:00 PM,2,0,0,36.029620,-86.703820,BARNES COVE DR,,,,0.00,,,BARNES RD,,,,0.00,Y,T-Intersection,N,Intersection,None,,,         ,Patrick,Martin,Rain,Angle,no,no,no,no,no,False
101950782,METROPOLITAN NASHVILLE POLICE DEPT,2018-0257094,Davidson,Nashville,3/20/2018 8:32:00 PM,2,0,0,36.146600,-86.834250,SENTINEL DR,,,,259.00,Feet,North,LOOKOUT DR,,,,0.00,N,Not at Intersection,N,Non-Junction,None,,,         ,Ryan,Allen,Rain,"Sideswipe, Opposite Direction",no,no,no,no,yes,False
101950787,METROPOLITAN NASHVILLE POLICE DEPT,20180257039,Davidson,Nashville,3/20/2018 8:40:00 PM,2,0,0,36.134370,-86.894820,I 40,,,,0.00,,,,,,,201.40,N,Not at Intersection,N,Entrance/Exit Ramp Related,None,,,         ,Jeremy,Huffine,Rain,"Sideswipe, Same Direction",no,no,no,no,yes,False
101950795,METROPOLITAN NASHVILLE POLICE DEPT,20180256542,Davidson,Nashville,3/20/2018 4:52:00 PM,2,0,0,36.150490,-86.795720,DIVISION ST,,,,0.00,Feet,East,19TH AVS,,,,0.00,N,Not at Intersection, ,Non-Junction,None,,,         ,Darryl,Williams,Rain,"Sideswipe, Opposite Direction",no,no,no,no,yes,False
101950797,METROPOLITAN NASHVILLE POLICE DEPT,20180257056,Davidson,Antioch,3/20/2018 5:37:00 PM,2,0,0,36.019960,-86.654430,SKINNER DR,,,,337.00,Feet,East,HASKELL DR,,,,0.00,N,Not at Intersection, ,,None,,,         ,Patrick,Martin,,,no,no,no,no,no,False
101950798,METROPOLITAN NASHVILLE POLICE DEPT,20180256135,Davidson,Nashville,3/20/2018 12:00:00 AM,2,0,0,36.039910,-86.727170,E WOODLANDS TRL,,,,0.00,,,WINDYPINE DR,,,,0.00,Y,T-Intersection,N,Intersection,None,,,         ,Akira,McSwain,Rain,Angle,no,no,no,no,yes,False
101950799,METROPOLITAN NASHVILLE POLICE DEPT,20180256288,Davidson,Nashville,3/20/2018 3:30:00 PM,3,0,0,36.054040,-86.742830,EDMONDSON PKE,,,,386.00,Feet,South,MCMURRAY DR,,,,0.00,N,Not at Intersection,N,Non-Junction,None,,,         ,Akira,McSwain,Rain,Angle,no,no,no,no,no,False
101950800,METROPOLITAN NASHVILLE POLICE DEPT,20180256498,Davidson,Nashville,3/20/2018 5:03:00 PM,2,0,0,36.084880,-86.761810,SIDCO DR,,,,8.00,Feet,South,ELYSIAN FIELDS RD,,,,0.00,N,Not at Intersection, ,Non-Junction,None,,,         ,Akira,McSwain,Rain,Angle,no,no,no,no,no,False
101950801,METROPOLITAN NASHVILLE POLICE DEPT,20180256729,Davidson,Nashville,3/20/2018 5:00:00 PM,3,1,0,36.111060,-86.747360,THOMPSON LN,,,,0.00,,,LOUISE DR,,,,0.00,Y,T-Intersection,N,Non-Junction,None,,,         ,Akira,McSwain,Rain,Angle,no,no,no,no,no,False
101950804,METROPOLITAN NASHVILLE POLICE DEPT,20180256559,Davidson,Nashville,3/20/2018 3:30:00 PM,2,0,0,36.090760,-86.717230,BENITA DR,,,,597.00,Feet,South,TAMPA DR,,,,0.00,N,Not at Intersection,N,Non-Junction,Work Zone,Work On Shoulder Or Median,Transition Area,         ,Devonte,Coleman,Rain,Angle,no,no,no,no,no,False
101950809,METROPOLITAN NASHVILLE POLICE DEPT,20180257086,Davidson,Nashville,3/20/2018 12:00:00 AM,2,0,0,36.180210,-86.814460,BUCHANAN ST,,,,0.00,,,23RD AVN,,,,0.00,Y,Four-Way,N,Intersection,None,,,         ,Russell,Jones,Rain,Angle,no,no,no,no,no,False
101950810,METROPOLITAN NASHVILLE POLICE DEPT,20180257196,Davidson,Nashville,3/20/2018 12:00:00 AM,2,0,0,36.180590,-86.810050,16TH AVN,,,,218.00,Feet,North,BUCHANAN ST,,,,0.00,N,Not at Intersection, ,Non-Junction,None,,,         ,Melvin,Taylor,Clear,"Sideswipe, Opposite Direction",no,no,no,no,yes,False
101950814,METROPOLITAN NASHVILLE POLICE DEPT,20180257270,Davidson,Nashville,3/20/2018 9:35:00 PM,2,0,0,36.161970,-86.779090,COMMERCE ST,,,,83.00,Feet,East,5TH AVN,,,,0.00,N,Not at Intersection, ,Non-Junction,None,,,         ,Kevin,Johnson,Clear,Angle,no,no,no,no,no,False
101950842,METROPOLITAN NASHVILLE POLICE DEPT,20180257235,Davidson,Nashville,3/20/2018 8:55:00 PM,3,0,0,36.153130,-86.842250,46TH AVN,,,,64.00,Feet,South,I40 E ENT RAMP,,,,0.00,N,Not at Intersection, ,,None,,,         ,Riley,Brewer,,,no,no,no,no,no,False
101950848,METROPOLITAN NASHVILLE POLICE DEPT,20180257346,Davidson,Nashville,3/20/2018 10:40:00 PM,2,1,0,36.215200,-86.691720,BRILEY PKWY N EXT RAMP,,,,0.00,Feet,East,MCGAVOCK PKE EB ENT RAMP,,,,0.00,N,Not at Intersection,N,Non-Junction,None,,,         ,Curtis,Fisher,Rain,Front to Rear,no,no,no,no,no,False
101950858,METROPOLITAN NASHVILLE POLICE DEPT,20180257397,Davidson,Nashville,3/20/2018 11:40:00 PM,2,1,0,36.077350,-86.671170,FRANKLIN LIMESTONE RD,,,,449.00,Feet,South,BILLINGSGATE RD,,,,0.00,N,Not at Intersection,N,Non-Junction,None,,,         ,William,Williams,Snow,Front to Rear,no,no,no,no,yes,False
101950860,METROPOLITAN NASHVILLE POLICE DEPT,20180257559,Davidson,Nashville,3/20/2018 11:48:00 PM,1,0,0,36.073600,-86.647590,EDGE O LAKE DR,,,,506.00,Feet,North,DOVER GLEN PVTDR,,,,0.00,N,Not at Intersection,N,Non-Junction,None,,,         ,David,Simmonds,Blowing Snow,Not Collision with Motor Vehicle in Transport,no,no,no,no,no,False
101950868,METROPOLITAN NASHVILLE POLICE DEPT,20180257382,Davidson,Nashville,3/20/2018 10:05:00 PM,2,0,0,36.168310,-86.760330,S 6TH ST,,,,0.00,Feet,,SHELBY AV,,,,0.00,Y,T-Intersection,N,Intersection,None,,,         ,Colin,Bleem,Rain,Angle,no,no,no,no,yes,False
101950872,METROPOLITAN NASHVILLE POLICE DEPT,20180257687,Davidson,Nashville,3/21/2018 12:55:00 AM,1,1,0,36.077910,-86.673570,FRANKLIN LIMESTONE RD,,,,940.00,Feet,North,MULLINS RD,,,,0.00,N,Not at Intersection,N,Non-Junction,None,,,         ,Autumn,Manning,Snow,Not Collision with Motor Vehicle in Transport,no,no,no,no,no,False
101950873,METROPOLITAN NASHVILLE POLICE DEPT,20180257801,Davidson,Nashville,3/21/2018 1:35:00 AM,1,1,0,36.111440,-86.758000,THOMPSON LN,,,,0.00,,,KRAFT DR,,,,0.00,Y,T-Intersection,N,Intersection,None,,,         ,Ralph,Smith IV,Clear,Not Collision with Motor Vehicle in Transport,no,no,no,no,no,False
101950874,METROPOLITAN NASHVILLE POLICE DEPT,20180257656,Davidson,Nashville,3/21/2018 12:40:00 AM,3,0,0,36.170790,-86.606290,I40 E EXT RAMP,,,,0.00,Feet,East,I 40,,,,0.00,N,Not at Intersection,N,Non-Junction,None,,,         ,Leonard,Spadavecchia,Rain,Front to Rear,no,no,no,no,no,False
101950887,METROPOLITAN NASHVILLE POLICE DEPT,20180258108,Davidson,Nashville,3/21/2018 3:45:00 AM,2,0,0,36.140670,-86.725760,I 40,,,,0.00,,,,,,,213.35,N,Not at Intersection, ,Non-Junction,None,,,         ,Kyle,Berkheiser,Rain,"Sideswipe, Same Direction",no,no,no,no,yes,False
101950907,METROPOLITAN NASHVILLE POLICE DEPT,20180258120,Davidson,Nashville,3/21/2018 4:00:00 AM,2,1,0,36.232070,-86.826830,BRILEY PKWYW,,,,514.00,Feet,West,BRILEY PKWYE,,,,0.00,N,Not at Intersection,N,Non-Junction,None,,,         ,Armonty,Houston,Clear,"Sideswipe, Same Direction",no,no,no,no,yes,False
101950928,METROPOLITAN NASHVILLE POLICE DEPT,20180258317,Davidson,Nashville,3/21/2018 5:45:00 AM,2,1,0,36.095450,-86.680160,AIRPARK CENTER DR,,,,885.00,Feet,North,DONELSON PKE,,,,0.00,N,Not at Intersection,N,Non-Junction,None,,,         ,William,Williams,Clear,Front to Rear,no,no,no,no,no,False
101950929,BERRY HILL POLICE DEPT,18-0941,Davidson,Berry Hill,3/20/2018 10:00:00 AM,2,0,0,36.120340,-86.767950,BERRY RD,,,,0.00,,,FESSEY CT,,,,0.00,Y,T-Intersection, ,Non-Junction,None,,,         ,Ronnie,Hill,Rain,Not Collision with Motor Vehicle in Transport,no,no,no,no,yes,False
101950932,METROPOLITAN NASHVILLE POLICE DEPT,20180258198,Davidson,Nashville,3/21/2018 4:31:00 AM,2,1,0,36.044990,-86.659590,BELL RD,,,,49.00,Feet,East,I24 E ENT RAMP,,,,0.00,N,Not at Intersection,N,Non-Junction,None,,,         ,Sandra,Fly,Cloudy,Not Collision with Motor Vehicle in Transport,no,no,no,no,yes,False
101950940,METROPOLITAN NASHVILLE POLICE DEPT,20180258402,Davidson,Nashville,3/21/2018 6:45:00 AM,1,0,0,36.063300,-86.916960,OLD HICKORY BLVD,,,,60.00,Feet,North,BELLEVUE RD,,,,0.00,N,Not at Intersection,N,Non-Junction,None,,,         ,Curtis,Rich,Fog,Not Collision with Motor Vehicle in Transport,no,no,no,no,no,False
101950957,METROPOLITAN NASHVILLE POLICE DEPT,20180258384,Davidson,Nashville,3/21/2018 6:15:00 AM,2,0,0,36.089480,-86.702600,I 24,,,,0.00,,,,,,,55.45,N,Not at Intersection,N,Entrance/Exit Ramp Related,None,,,         ,Justin,Pinkelton,Clear,Front to Rear,no,no,no,no,no,False
101950959,METROPOLITAN NASHVILLE POLICE DEPT,20180258000,Davidson,Nashville,3/21/2018 12:00:00 AM,1,1,0,36.108090,-86.720200,I24 W EXT RAMP,,,,0.00,Feet,East,I 24,,,,0.00,N,Not at Intersection,N,Non-Junction,None,,,         ,Nopel,Stella,Clear,Not Collision with Motor Vehicle in Transport,no,no,no,no,no,False
101950961,METROPOLITAN NASHVILLE POLICE DEPT,20180258410,Davidson,Nashville,3/21/2018 6:19:00 AM,2,0,0,36.101480,-86.818150,HILLSBORO PKE,,,,176.00,Feet,South,HILLSBORO DR,,,,0.00,N,Not at Intersection,N,Non-Junction,None,,,         ,Walter,Cothran,Clear,Front to Rear,no,no,no,no,no,False
101950965,METROPOLITAN NASHVILLE POLICE DEPT,20180258425,Davidson,Nashville,3/21/2018 6:28:00 AM,2,0,0,36.150610,-86.794410,18TH AVS,,,,125.00,Feet,North,ROY ACUFF PL,,,,0.00,N,Not at Intersection, ,Non-Junction,None,,,         ,Michael,McCord,Clear,"Sideswipe, Opposite Direction",no,no,no,no,no,False
101950967,METROPOLITAN NASHVILLE POLICE DEPT,20180258455,Davidson,Nashville,3/21/2018 7:20:00 AM,3,0,0,36.084900,-86.703520,HARDING PL,,,,27.00,Feet,West,TRAVELERS INN DR,,,,0.00,N,Not at Intersection, ,Non-Junction,None,,,         ,Jessie,Meadows,Clear,Front to Rear,no,no,no,no,no,False
101950969,METROPOLITAN NASHVILLE POLICE DEPT,20180258351,Davidson,Nashville,3/21/2018 6:04:00 AM,2,4,0,36.045370,-86.713260,NOLENSVILLE PKE,,,,0.00,,,OLD HICKORY BLVD,,,,0.00,Y,Four-Way,N,Intersection,None,,,         ,Brandon,Rardin,Cloudy,HeadOn,no,no,no,no,no,False
101950970,METROPOLITAN NASHVILLE POLICE DEPT,20180258436,Davidson,Nashville,3/21/2018 6:36:00 AM,2,0,0,36.159740,-86.703530,LEBANON PKE,,,,229.00,Feet,West,QUINN CIR,,,,0.00,N,Not at Intersection, ,Non-Junction,None,,,         ,James,Curtis,Clear,"Sideswipe, Opposite Direction",no,no,no,no,yes,False
101950977,METROPOLITAN NASHVILLE POLICE DEPT,20180258459,Davidson,Nashville,3/21/2018 7:13:00 AM,2,0,0,36.140620,-86.721490,I 40,,,,0.00,,,,,,,213.55,N,Not at Intersection, ,Non-Junction,None,,,         ,John,Petriello,Clear,Front to Rear,no,no,no,no,no,False
101950985,METROPOLITAN NASHVILLE POLICE DEPT,20180258555,Davidson,Old Hickory,3/21/2018 7:56:00 AM,2,0,0,36.257410,-86.656180,ROBINSON RD,,,,269.00,Feet,East,MARTINGALE DR,,,,0.00,N,Not at Intersection,N,Non-Junction,None,,,         ,Michael,Dance,Clear,Front to Rear,no,no,no,no,no,False
101950990,METROPOLITAN NASHVILLE POLICE DEPT,20180258518,Davidson,Nashville,3/21/2018 7:45:00 AM,2,0,0,36.077140,-86.641460,DOVER GLEN DR,,,,0.00,,,MURFREESBORO PKE,,,,0.00,Y,Four-Way, ,,None,,,         ,Blake,McKay,,,no,no,no,no,no,False
101950995,METROPOLITAN NASHVILLE POLICE DEPT,20180258628,Davidson,Nashville,3/21/2018 3:00:00 AM,2,0,0,36.098380,-86.743420,SAINDON ST,,,,155.00,Feet,North,VERITAS ST,,,,0.00,N,Not at Intersection,N,Non-Junction,None,,,         ,Ryan,Sherry,Unknown,Front to Rear,no,no,no,no,yes,False
101951003,METROPOLITAN NASHVILLE POLICE DEPT,20180258577,Davidson,Nashville,3/21/2018 8:04:00 AM,2,0,0,36.081970,-86.761780,I65 N EXT RAMP,,,,0.00,,,SIDCO DR,,,,0.00,Y,Four-Way, ,Entrance/Exit Ramp Related,None,,,         ,Walter,Cothran,Clear,Front to Rear,no,no,no,no,no,False
101951004,METROPOLITAN NASHVILLE POLICE DEPT,20180258501,Davidson,Nashville,3/21/2018 7:30:00 AM,2,0,0,36.243930,-86.756760,DOVERSIDE DR,,,,54.00,Feet,West,DICKERSON PKE,,,,0.00,N,Not at Intersection, ,,None,,,         ,Joel,Rogers,,,no,no,no,no,no,False
101951009,METROPOLITAN NASHVILLE POLICE DEPT,20180258488,Davidson,Nashville,3/21/2018 7:30:00 AM,2,0,0,36.169060,-86.682400,LEBANON PKE,,,,0.00,,,FAIRWAY DR,,,,0.00,Y,Four-Way, ,Intersection,None,,,         ,Lee,Davis,Clear,Angle,no,no,no,no,no,False
101951024,METROPOLITAN NASHVILLE POLICE DEPT,20180258707,Davidson,Nashville,3/21/2018 8:43:00 AM,2,0,0,36.175170,-86.759310,MAIN ST,,,,158.00,Feet,West,N 8TH ST,,,,0.00,N,Not at Intersection,N,Non-Junction,None,,,         ,Joseph,Progar,Clear,Front to Rear,no,no,no,no,no,False
101951027,METROPOLITAN NASHVILLE POLICE DEPT,20180258760,Davidson,Nashville,3/21/2018 8:31:00 AM,2,0,0,36.041250,-86.778300,OLD HICKORY BLVD,,,,342.00,Feet,East,STONE BROOK DR,,,,0.00,N,Not at Intersection, ,Non-Junction,None,,,         ,Walter,Cothran,Clear,"Sideswipe, Same Direction",no,no,no,no,no,False
101951034,METROPOLITAN NASHVILLE POLICE DEPT,2018-0258810,Davidson,Nashville,3/21/2018 9:30:00 AM,2,0,0,36.050790,-86.775150,I 65,,,,0.00,,,,,,,74.60,N,Not at Intersection, ,Non-Junction,None,,,         ,Justin,Pinkelton,Clear,Angle,no,no,no,no,no,False
101951041,METROPOLITAN NASHVILLE POLICE DEPT,20180258644,Davidson,Nashville,3/21/2018 8:26:00 AM,2,0,0,36.229710,-86.732500,BROADMOOR DR,,,,0.00,,,SAUNDERS AV,,,,0.00,Y,Four-Way, ,Non-Junction,None,,,         ,Michael,Agee,Cloudy,Front to Rear,no,no,no,no,yes,False
101951048,METROPOLITAN NASHVILLE POLICE DEPT,20180258819,Davidson,Nashville,3/21/2018 9:28:00 AM,2,0,0,36.138860,-86.819610,WEST END AV,,,,231.00,Feet,South,MURPHY RD,,,,0.00,N,Not at Intersection,N,Non-Junction,None,,,         ,Michael,McCord,Cloudy,Angle,no,no,no,no,yes,False
101951049,METROPOLITAN NASHVILLE POLICE DEPT,20180258791,Davidson,Nashville,3/21/2018 9:16:00 AM,2,0,0,36.238160,-86.782500,BRILEY PKWYE,,,,156.00,Feet,East,I24 W EXT RAMP,,,,0.00,N,Not at Intersection,N,Non-Junction,None,,,         ,Joel,Rogers,Clear,"Sideswipe, Same Direction",no,no,no,no,yes,False
101951052,METROPOLITAN NASHVILLE POLICE DEPT,20180258742,Davidson,Nashville,3/21/2018 8:34:00 AM,3,0,0,36.051750,-86.775160,I 65,,,,0.00,,,,,,,74.65,N,Not at Intersection,N,Non-Junction,None,,,         ,Ryan,Sherry,Clear,Front to Rear,no,no,no,no,no,False
101951067,METROPOLITAN NASHVILLE POLICE DEPT,20180258601,Davidson,Nashville,3/21/2018 8:10:00 AM,3,0,0,36.148870,-86.779810,I40 W ENT RAMP,,,,0.00,,,I 40,,,,0.00,Y,OTHER,Y,Entrance/Exit Ramp Related,None,,,         ,Frank,Campbell,Clear,Front to Rear,no,no,no,no,no,False
101951073,METROPOLITAN NASHVILLE POLICE DEPT,20180258754,Davidson,Nashville,3/21/2018 8:50:00 AM,2,2,0,36.186760,-86.748110,PETWAY AV,,,,291.00,Feet,West,GALLATIN AV,,,,0.00,N,Not at Intersection,N,Non-Junction,None,,,         ,Eric,Knight,Cloudy,Angle,no,no,no,no,yes,False
101951082,METROPOLITAN NASHVILLE POLICE DEPT,20180258567,Davidson,Nashville,3/21/2018 7:52:00 AM,2,0,0,36.041750,-86.743900,EDMONDSON PKE,,,,193.00,Feet,South,BRENTWOOD SQ,,,,0.00,N,Not at Intersection,N,Non-Junction,None,,,         ,Jon,Mcvey,Clear,Angle,no,no,no,no,no,False
101951107,METROPOLITAN NASHVILLE POLICE DEPT,20180258827,Davidson,Nashville,3/21/2018 9:33:00 AM,2,0,0,36.191420,-86.786830,I 65,,,,0.00,,,,,,,85.95,N,Not at Intersection,N,Non-Junction,None,,,         ,Catherine,Poole,Clear,"Sideswipe, Same Direction",no,no,no,no,no,False
101951125,METROPOLITAN NASHVILLE POLICE DEPT,20180258485,Davidson,Nashville,3/21/2018 7:15:00 AM,2,0,0,36.099630,-86.739380,MCCALL ST,,,,17.00,Feet,East,NOLENSVILLE PKE,,,,0.00,N,Not at Intersection, ,,None,,,         ,Jon,Mcvey,,,no,no,no,no,no,False
101951129,METROPOLITAN NASHVILLE POLICE DEPT,20180258786,Davidson,Nashville,3/21/2018 8:45:00 AM,3,0,0,36.165440,-86.764210,I 24,,,,0.00,,,,,,,49.00,N,Not at Intersection, ,Non-Junction,None,,,         ,Gregory,Julia,Clear,Front to Rear,no,no,no,no,no,False
101951133,METROPOLITAN NASHVILLE POLICE DEPT,20180258640,Davidson,Nashville,3/21/2018 8:25:00 AM,4,0,0,36.118540,-86.726040,I 24,,,,0.00,,,,,,,53.00,N,Not at Intersection,N,Non-Junction,None,,,         ,Jessie,Meadows,Clear,Front to Rear,no,no,no,no,no,False
101951134,METROPOLITAN NASHVILLE POLICE DEPT,20180258843,Davidson,Nashville,3/21/2018 9:08:00 AM,2,0,0,36.079090,-86.695640,I 24,,,,0.00,,,,,,,56.25,N,Not at Intersection, ,Non-Junction,None,,,         ,Jessie,Meadows,Clear,Front to Rear,no,no,no,no,no,False
101951135,METROPOLITAN NASHVILLE POLICE DEPT,20180258887,Davidson,Nashville,3/21/2018 9:54:00 AM,2,0,0,36.087640,-86.701150,I 24,,,,0.00,,,,,,,55.60,N,Not at Intersection,N,Non-Junction,None,,,         ,Jessie,Meadows,Clear,Front to Rear,no,no,no,no,no,False
101951141,METROPOLITAN NASHVILLE POLICE DEPT,2018-0258556,Davidson,Nashville,3/21/2018 7:58:00 AM,2,0,0,36.063170,-86.736050,BREWER DR,,,,0.00,Feet,East,HILL CREEK DR,,,,0.00,N,Not at Intersection, ,Non-Junction,None,,,         ,Sean,Williams,Clear,HeadOn,no,no,no,no,no,False
101951142,METROPOLITAN NASHVILLE POLICE DEPT,2018-0258830,Davidson,Nashville,3/21/2018 8:57:00 AM,2,0,0,36.092900,-86.736000,NOLENSVILLE PKE,,,,164.00,Feet,South,MCNALLY DR,,,,0.00,N,Not at Intersection, ,Non-Junction,None,,,         ,Sean,Williams,Clear,Front to Rear,no,no,no,no,no,False
101951148,METROPOLITAN NASHVILLE POLICE DEPT,20180258709,Davidson,Not in City Limit,3/21/2018 8:44:00 AM,1,0,0,36.271700,-86.736260,I 65,,,,0.00,,,,,,,92.75,N,Not at Intersection, ,,None,,,         ,William,Coy,,,no,no,no,no,no,False
101951157,METROPOLITAN NASHVILLE POLICE DEPT,20180258977,Davidson,Nashville,3/21/2018 10:00:00 AM,3,0,0,36.155410,-86.794490,HAYES ST,,,,208.00,Feet,West,16TH AVN,,,,0.00,N,Not at Intersection,N,Non-Junction,None,,,         ,Brian,Murphy,Clear,"Sideswipe, Same Direction",no,no,no,yes,yes,False
101951207,Metro Park Police,20180255338,Davidson,Nashville,3/20/2018 12:00:00 AM,2,0,0,36.147550,-86.820750,OMAN ST,,,,0.00,,,,,,,0.00,,Not at Intersection,N,Non-Junction,None,,,         ,Thomas,Harbison,Unknown,Unknown,no,no,no,yes,yes,False
101951215,METROPOLITAN NASHVILLE POLICE DEPT,20180258998,Davidson,Not in City Limit,3/21/2018 10:35:00 AM,2,0,0,36.032990,-86.986190,HIGHWAY 100,,,,66.00,Feet,East,HESTER BEASLEY RD,,,,0.00,N,Not at Intersection,N,Non-Junction,None,,,         ,Jack,Crouch,Clear,Front to Rear,no,no,no,no,no,False
101951218,METROPOLITAN NASHVILLE POLICE DEPT,20180259225,Davidson,Nashville,3/21/2018 12:14:00 PM,2,2,0,36.174100,-86.608520,CENTRAL PKE,,,,0.00,Feet,,FRIST BLVD,,,,0.00,Y,Four-Way,N,Intersection,None,,,         ,Michael,Parman,Cloudy,Front to Rear,no,no,no,no,no,False
101951219,METROPOLITAN NASHVILLE POLICE DEPT,20180259103,Davidson,Nashville,3/21/2018 11:27:00 AM,2,0,0,36.169360,-86.679890,LEBANON PKE,,,,0.00,,,MCGAVOCK PKE,,,,0.00,Y,OTHER, ,Non-Junction,None,,,         ,Joshua,Hausman,Clear,Angle,no,no,no,no,no,False
101951238,METROPOLITAN NASHVILLE POLICE DEPT,20180258718,Davidson,Nashville,3/21/2018 8:47:00 AM,2,0,0,36.236050,-86.831170,CLARKSVILLE PKE,,,,101.00,Feet,North,ECHO LN,,,,0.00,N,Not at Intersection, ,Non-Junction,None,,,         ,Kevin,Coleman,Clear,"Sideswipe, Opposite Direction",no,no,no,no,no,False
101951242,METROPOLITAN NASHVILLE POLICE DEPT,20180259327,Davidson,Nashville,3/21/2018 12:53:00 PM,2,0,0,36.072550,-86.732660,EDMONDSON PKE,,,,165.00,Feet,North,BLACKMAN RD,,,,0.00,N,Not at Intersection, ,Non-Junction,None,,,         ,Ryan,Sherry,Clear,"Sideswipe, Same Direction",no,no,no,no,no,False
101951254,METROPOLITAN NASHVILLE POLICE DEPT,20180259104,Davidson,Nashville,3/21/2018 11:25:00 AM,1,0,0,36.165660,-86.805090,DR D B TODD JR BLVD,,,,33.00,Feet,South,JACKSON ST,,,,0.00,N,Not at Intersection,N,Non-Junction,None,,,         ,Victor,Alexander,Clear,Not Collision with Motor Vehicle in Transport,no,no,no,no,no,False
101951256,METROPOLITAN NASHVILLE POLICE DEPT,20180258481,Davidson,Nashville,3/21/2018 7:27:00 AM,3,0,0,36.167330,-86.824420,31ST AVN,,,,79.00,Feet,South,JOHN A MERRITT BLVD,,,,0.00,N,Not at Intersection,N,Non-Junction,None,,,         ,Christopher,Butner,Cloudy,HeadOn,no,no,no,no,no,False