master_record_number,agency,agency_tracking_number,county,city,collision_date,vehicles_involved,number_injured,number_dead,latitude,longitude,roadway_name,roadway_suffix,roadway_number,roadway_local_id,distance_from_reference,miles-feet_indicator,direction_from_reference,intersection_road_name,intersection_road_name_suffix,intersection_road_number,intersection_local_id,mile_marker,intersection_indicator,intersect_type,interchange_related_indicator,relation_to_junction,work_zone_type,construction_maintenance_zone,construction_maintenance_zone_location,fatal_case_number,officer_first_name,officer_last_name,weather_condition(s),manner_of_crash,pedestrian,bicycle,scooter,parking,hitrun,mou
101953799,METROPOLITAN NASHVILLE POLICE DEPT,20180266884,Davidson,Nashville,3/23/2018 4:05:00 PM,2,0,0,36.054340,-86.658390,HICKORY HOLLOW MALL PVTDR PL,,,,0.00,Feet,,MT VIEW RD,,,,0.00,Y,T-Intersection,N,Intersection,None,,,         ,Richard,Olive,Cloudy,Angle,no,no,no,no,no,False
101953824,METROPOLITAN NASHVILLE POLICE DEPT,20180266878,Davidson,Nashville,3/23/2018 4:00:00 PM,2,2,0,36.043490,-86.661810,CANEWOOD DR,,,,49.00,Feet,West,CANE RIDGE RD,,,,0.00,N,Not at Intersection,N,Non-Junction,None,,,         ,Arend,Groeneweg,Clear,"Sideswipe, Same Direction",no,no,no,no,no,False
101953825,METROPOLITAN NASHVILLE POLICE DEPT,20180266916,Davidson,Nashville,3/23/2018 4:25:00 PM,2,0,0,36.157670,-86.636710,STEWARTS FERRY PKE,,,,250.00,Feet,West,CLOVERWOOD DR,,,,0.00,N,Not at Intersection, ,,None,,,         ,Trenton,Searcy,,,no,no,no,no,no,False
101953826,METROPOLITAN NASHVILLE POLICE DEPT,20180266842,Davidson,Nashville,3/23/2018 3:51:00 PM,1,1,0,36.122210,-86.716950,LAWNDALE DR,,,,201.00,Feet,East,EAST THOMPSON LN,,,,0.00,N,Not at Intersection,N,Non-Junction,None,,,         ,Aimee,Ortiz,Cloudy,Not Collision with Motor Vehicle in Transport,no,no,no,no,no,False
101953828,METROPOLITAN NASHVILLE POLICE DEPT,20180266912,Davidson,Nashville,3/23/2018 4:20:00 PM,2,0,0,36.155220,-86.848750,51ST AVN,,,,54.00,Feet,South,GEORGIA AV,,,,0.00,N,Not at Intersection, ,Non-Junction,None,,,         ,Michael,Baggech,Cloudy,HeadOn,no,no,no,no,no,False
101953829,METROPOLITAN NASHVILLE POLICE DEPT,20180266959,Davidson,Nashville,3/23/2018 4:20:00 PM,2,0,0,36.065860,-86.768060,HOGAN RD,,,,0.00,,,REGENT DR,,,,0.00,Y,T-Intersection,Y,Intersection,None,,,         ,Nicholas,Carroll,Clear,Other,no,no,no,no,no,False
101953833,METROPOLITAN NASHVILLE POLICE DEPT,20180266887,Davidson,Nashville,3/23/2018 4:09:00 PM,2,0,0,36.188480,-86.769210,VAUGHN ST,,,,12.00,Feet,East,STOCKELL ST,,,,0.00,N,Not at Intersection, ,Non-Junction,None,,,         ,Cody,Jaworski,Clear,Angle,no,no,no,no,no,False
101953834,METROPOLITAN NASHVILLE POLICE DEPT,20180266975,Davidson,Nashville,3/23/2018 4:45:00 PM,1,1,0,36.067120,-86.643090,RURAL HILL RD,,,,991.00,Feet,West,EVANFIELD CT,,,,0.00,N,Not at Intersection,N,Non-Junction,None,,,         ,Eric,Keller,Cloudy,Not Collision with Motor Vehicle in Transport,no,no,no,no,no,False
101953847,METROPOLITAN NASHVILLE POLICE DEPT,20180266992,Davidson,Nashville,3/23/2018 4:27:00 PM,2,1,0,36.037770,-86.743470,EDMONDSON PKE,,,,103.00,Feet,South,BONNIE BRIDGE RD,,,,0.00,N,Not at Intersection,N,Non-Junction,None,,,         ,Randall,Ward,Cloudy,Front to Rear,no,no,no,no,no,False
101953852,METROPOLITAN NASHVILLE POLICE DEPT,20180266926,Davidson,Nashville,3/23/2018 4:20:00 PM,2,0,0,36.121890,-86.751140,I440 E ENT RAMP,,,,0.00,Feet,East,I 440,,,,0.00,N,Not at Intersection,N,Non-Junction,None,,,         ,Conor,Cronin,Cloudy,Front to Rear,no,no,no,no,yes,False
101953858,METROPOLITAN NASHVILLE POLICE DEPT,20180266805,Davidson,Madison,3/23/2018 1:45:00 PM,2,0,0,36.262820,-86.680970,STATE RT 45,,,,0.00,Feet,,RIO VISTA DR,,,,0.00,Y,Four-Way,Y,Intersection,None,,,         ,Bradley,Fort,Cloudy,Angle,no,no,no,no,no,False
101953861,METROPOLITAN NASHVILLE POLICE DEPT,20180267044,Davidson,Nashville,3/23/2018 5:14:00 PM,2,0,0,36.161580,-86.783890,ROSA L PARKS BLVD,,,,0.00,,,CHURCH ST,,,,0.00,Y,Five Point Or More, ,,None,,,         ,Robert,Schohn,,,no,no,no,no,no,False
101953862,BERRY HILL POLICE DEPT,18-0967,Davidson,Berry Hill,3/23/2018 4:30:00 PM,2,0,0,36.127470,-86.777510,FRANKLIN PKE,,,,0.00,,,MELPARK DR,,,,0.00,Y,T-Intersection, ,,None,,,         ,Stephen,Reece,,,no,no,no,no,no,False
101953864,METROPOLITAN NASHVILLE POLICE DEPT,20180266713,Davidson,Nashville,3/23/2018 3:02:00 PM,2,0,0,36.142330,-86.709780,I 40,,,,0.00,,,,,,,214.20,N,Not at Intersection,N,Non-Junction,None,,,         ,Seth,Vaughn,Clear,Front to Rear,no,no,no,no,no,False
101953873,Metro Park Police,20180266892,Davidson,Nashville,3/23/2018 3:45:00 PM,2,0,0,36.147840,-86.820870,PARK PLZ,,,,112.00,Feet,North,OMAN ST,,,,0.00,N,Not at Intersection, ,Non-Junction,None,,,         ,Paul,Brown,Cloudy,"Sideswipe, Same Direction",no,no,no,yes,no,False
101953882,METROPOLITAN NASHVILLE POLICE DEPT,20180266972,Davidson,Nashville,3/23/2018 4:40:00 PM,2,0,0,36.137750,-86.820650,I440 W EXT RAMP,,,,0.00,Feet,East,I 440,,,,0.00,N,Not at Intersection, ,,None,,,         ,Ryan,Cagle,,,no,no,no,no,no,False
101953883,METROPOLITAN NASHVILLE POLICE DEPT,20180267115,Davidson,Nashville,3/23/2018 5:35:00 PM,2,3,0,36.082850,-86.761580,SIDCO DR,,,,170.00,Feet,South,CSX DR,,,,0.00,N,Not at Intersection,N,Non-Junction,None,,,         ,Gregory,Scott,Clear,Angle,no,no,no,no,no,False
101953901,METROPOLITAN NASHVILLE POLICE DEPT,20180267138,Davidson,Nashville,3/23/2018 5:40:00 PM,2,0,0,36.095290,-86.707320,I 24,,,,0.00,,,,,,,55.00,N,Not at Intersection,N,Non-Junction,None,,,         ,Eric,Keller,Cloudy,Front to Rear,no,no,no,no,no,False
101953942,METROPOLITAN NASHVILLE POLICE DEPT,20180267065,Davidson,Nashville,3/23/2018 5:10:00 PM,4,0,0,36.045570,-86.705820,OLD HICKORY BLVD,,,,6.00,Feet,West,PINECREST DR,,,,0.00,N,Not at Intersection,N,Non-Junction,None,,,         ,Andrew,Brazee,Cloudy,Front to Rear,no,no,no,no,no,False
101953951,METROPOLITAN NASHVILLE POLICE DEPT,20180267016,Davidson,Nashville,3/23/2018 4:48:00 PM,2,0,0,36.110730,-86.742440,THOMPSON LN,,,,155.00,Feet,East,FOSTER AV,,,,0.00,N,Not at Intersection, ,Non-Junction,None,,,         ,Patrick,Martin,Clear,"Sideswipe, Same Direction",no,no,no,no,no,False
101953958,METROPOLITAN NASHVILLE POLICE DEPT,20180267410,Davidson,Nashville,3/23/2018 6:15:00 PM,2,0,0,36.057390,-86.715960,NOLENSVILLE PKE,,,,523.00,Feet,North,APRIL LN,,,,0.00,N,Not at Intersection,N,Non-Junction,None,,,         ,Randall,Ward,Cloudy,Front to Rear,no,no,no,no,yes,False
101953984,METROPOLITAN NASHVILLE POLICE DEPT,20180267073,Davidson,Nashville,3/23/2018 4:49:00 PM,2,0,0,36.161200,-86.792680,GEORGE L DAVIS BLVD,,,,0.00,,,CHARLOTTE AV,,,,0.00,Y,Four-Way,Y,Intersection,None,,,         ,Gary,Peters,Cloudy,Angle,no,no,no,no,no,False
101953995,METROPOLITAN NASHVILLE POLICE DEPT,20180267418,Davidson,Nashville,3/23/2018 6:40:00 PM,2,0,0,36.137810,-86.820640,I440 W EXT RAMP,,,,0.00,Feet,East,I 440,,,,0.00,N,Not at Intersection, ,,None,,,         ,Ryan,Cagle,,,no,no,no,no,no,False
101953998,METROPOLITAN NASHVILLE POLICE DEPT,20180267184,Davidson,Not in City Limit,3/23/2018 5:20:00 PM,2,0,0,36.264170,-86.735470,I65 N EXT RAMP,,,,0.00,,,OLD HICKORY BLVDW,,,,0.00,Y,Four-Way, ,Intersection,None,,,         ,Jason,Dudley,Clear,"Sideswipe, Same Direction",no,no,no,no,no,False
101953999,METROPOLITAN NASHVILLE POLICE DEPT,20180266880,Davidson,Nashville,3/23/2018 12:00:00 AM,3,0,0,36.191150,-86.798070,VANTAGE WAY,,,,259.00,Feet,West,FRENCH LANDING DR,,,,0.00,N,Not at Intersection, ,Non-Junction,None,,,         ,Melvin,Taylor,Clear,Front to Rear,no,no,no,no,no,False
101954038,METROPOLITAN NASHVILLE POLICE DEPT,2018-0267487,Davidson,Nashville,3/23/2018 7:56:00 PM,2,0,0,36.076250,-86.920190,BELLE FOREST SHOPPING CENTER P,,,,199.00,Feet,East,OLD HICKORY BLVD,,,,0.00,N,Not at Intersection,N,Non-Junction,None,,,         ,Ryan,Allen,Cloudy,Other,no,no,no,yes,yes,False
101954039,METROPOLITAN NASHVILLE POLICE DEPT,20180267406,Davidson,Nashville,3/23/2018 7:28:00 PM,2,1,0,36.179860,-86.742270,ORDWAY PL,,,,229.00,Feet,West,N 16TH ST,,,,0.00,N,Not at Intersection,N,Non-Junction,None,,,         ,Gregory,Cenicola,Clear,Front to Rear,no,no,no,no,no,False
101954042,METROPOLITAN NASHVILLE POLICE DEPT,20180267219,Davidson,Nashville,3/23/2018 6:30:00 PM,2,1,0,36.219500,-86.762460,DICKERSON PKE,,,,177.00,Feet,South,ALHAMBRA CIR,,,,0.00,N,Not at Intersection,N,Non-Junction,None,,,         ,Kevin,Clausius,Cloudy,Front to Rear,no,no,no,no,no,False
101954054,METROPOLITAN NASHVILLE POLICE DEPT,20180267193,Davidson,Goodlettsville,3/23/2018 12:00:00 AM,2,1,0,36.300770,-86.694820,GALLATIN PKEN,,,,0.00,,,SHEPHERD HILLS DR,,,,0.00,Y,Four-Way,N,Intersection,None,,,         ,Joel,Callies,Cloudy,Front to Rear,no,no,no,no,no,False
101954062,METROPOLITAN NASHVILLE POLICE DEPT,20180267214,Davidson,Nashville,3/23/2018 12:00:00 AM,1,0,0,36.232280,-86.701630,MUSIC VALLEY DR,,,,381.00,Feet,West,BRILEY PKWYS,,,,0.00,N,Not at Intersection, ,Non-Junction,None,,,         ,Jason,Dudley,Clear,Not Collision with Motor Vehicle in Transport,no,no,no,no,no,False
101954064,METROPOLITAN NASHVILLE POLICE DEPT,20180267240,Davidson,Nashville,3/23/2018 6:10:00 PM,2,0,0,36.112350,-86.745970,NOLENSVILLE PKE,,,,560.00,Feet,North,THOMPSON LN,,,,0.00,N,Not at Intersection, ,"Driveway, Alley Access, etc",None,,,         ,John,Roberson,Cloudy,Angle,no,no,no,no,no,False
101954071,METROPOLITAN NASHVILLE POLICE DEPT,20180267688,Davidson,Not in City Limit,3/23/2018 8:50:00 PM,2,0,0,36.007610,-86.700860,NOLENSVILLE PKE,,,,0.00,,,CULBERTSON RD,,,,0.00,Y,T-Intersection, ,Non-Junction,None,,,         ,Eric,Keller,Clear,Front to Rear,no,no,no,no,no,False
101954098,METROPOLITAN NASHVILLE POLICE DEPT,20180267436,Davidson,Nashville,3/23/2018 7:31:00 PM,4,1,0,36.152310,-86.787130,I 40,,,,0.00,,,,,,,209.40,N,Not at Intersection,N,Non-Junction,None,,,         ,Jed,Baldoni,Clear,Front to Rear,no,no,no,no,no,False
101954133,METROPOLITAN NASHVILLE POLICE DEPT,20180266829,Davidson,Nashville,3/23/2018 3:42:00 PM,3,0,0,36.115760,-86.781680,I 440,,,,0.00,,,,,,,4.45,N,Not at Intersection,N,Non-Junction,None,,,         ,Akira,McSwain,Clear,"Sideswipe, Same Direction",no,no,no,no,no,False
101954134,METROPOLITAN NASHVILLE POLICE DEPT,20180267035,Davidson,Nashville,3/23/2018 12:00:00 AM,2,0,0,36.037530,-86.785530,OLD HICKORY BLVD,,,,91.00,Feet,East,WILSON PIKE CIR,,,,0.00,N,Not at Intersection,N,Non-Junction,None,,,         ,Akira,McSwain,Clear,"Sideswipe, Same Direction",no,no,no,no,yes,False
101954135,METROPOLITAN NASHVILLE POLICE DEPT,20180267176,Davidson,Nashville,3/23/2018 6:06:00 PM,2,0,0,36.148660,-86.807040,ELLISTON PL,,,,0.00,,,24TH AVN,,,,0.00,Y,Four-Way, ,Non-Junction,None,,,         ,Akira,McSwain,Clear,Front to Rear,no,no,no,no,no,Campus
101954138,METROPOLITAN NASHVILLE POLICE DEPT,20180267615,Davidson,Not in City Limit,3/23/2018 8:10:00 PM,2,0,0,36.263010,-86.711940,GALLATIN PKES,,,,21.00,Feet,South,STATE RT 45,,,,0.00,N,Not at Intersection, ,Non-Junction,None,,,         ,Brittani,Campbell,Clear,Angle,no,no,no,no,no,False
101954142,METROPOLITAN NASHVILLE POLICE DEPT,20180266954,Davidson,Not in City Limit,3/23/2018 1:44:00 PM,4,0,0,36.324770,-86.874090,I 24,,,,0.00,,,,,,,34.60,N,Not at Intersection,N,Non-Junction,None,,,         ,Janelle,Keslar,Clear,Front to Rear,no,no,no,no,yes,False
101954148,METROPOLITAN NASHVILLE POLICE DEPT,20180266876,Davidson,Nashville,3/23/2018 4:02:00 PM,2,0,0,36.162380,-86.778080,4TH AVN,,,,0.00,,,COMMERCE ST,,,,0.00,Y,Four-Way, ,Intersection,None,,,         ,Joshua,Reece,Clear,Angle,no,no,no,no,no,False
101954163,METROPOLITAN NASHVILLE POLICE DEPT,20180267768,Davidson,Nashville,3/23/2018 9:21:00 PM,2,1,0,36.206270,-86.773480,W TRINITY LN,,,,0.00,,,I65 N ENT RAMP,,,,0.00,Y,Four-Way, ,Intersection-Related,None,,,         ,Barrett,Teague,Rain,Front to Rear,no,no,no,no,no,False
101954166,METROPOLITAN NASHVILLE POLICE DEPT,20180267572,Davidson,Nashville,3/23/2018 8:20:00 PM,2,0,0,36.167070,-86.779560,3RD AVN,,,,32.00,Feet,South,JAMES ROBERTSON PKWY,,,,0.00,N,Not at Intersection, ,Non-Junction,None,,,         ,Ian,Swander,Clear,Angle,no,no,no,no,no,False
101954175,METROPOLITAN NASHVILLE POLICE DEPT,20180267799,Davidson,Nashville,3/23/2018 9:20:00 PM,2,2,0,36.193310,-86.752050,DOUGLAS AV,,,,9.00,Feet,West,ELLINGTON PKWY N ENT RAMP,,,,0.00,N,Not at Intersection,N,Non-Junction,None,,,         ,Gregory,Cenicola,Rain,Angle,no,no,no,no,no,False
101954187,METROPOLITAN NASHVILLE POLICE DEPT,20180267707,Davidson,Nashville,3/23/2018 9:01:00 PM,2,0,0,36.060980,-86.693000,SHUFELD CT,,,,412.00,Feet,West,COLEMONT DR,,,,0.00,N,Not at Intersection,N,Non-Junction,None,,,         ,Patrick,Martin,Clear,Rear to Side,no,no,no,no,yes,False
101954196,METROPOLITAN NASHVILLE POLICE DEPT,20180267935,Davidson,Nashville,3/23/2018 10:29:00 PM,1,0,0,36.163300,-86.787960,CHARLOTTE AV,,,,54.00,Feet,West,10TH AVN,,,,0.00,N,Not at Intersection,N,Non-Junction,None,,,         ,Chad,Wilkinson,Rain,Not Collision with Motor Vehicle in Transport,no,no,no,no,no,False
101954197,METROPOLITAN NASHVILLE POLICE DEPT,20180267906,Davidson,Nashville,3/23/2018 10:13:00 PM,2,0,0,36.159240,-86.834890,40TH AVN,,,,0.00,,,MICHIGAN AV,,,,0.00,Y,Four-Way,N,Intersection-Related,None,,,         ,Tyler,Conrads,Rain,Front to Rear,no,no,no,no,no,False
101954212,METROPOLITAN NASHVILLE POLICE DEPT,20180267934,Davidson,Nashville,3/23/2018 12:00:00 AM,1,0,0,36.067130,-86.730410,WHISPERING HILLS DR,,,,60.00,Feet,North,WHISPERING HILLS CT,,,,0.00,N,Not at Intersection,N,Non-Junction,None,,,         ,Akira,McSwain,Rain,Not Collision with Motor Vehicle in Transport,no,no,no,no,no,False
101954218,METROPOLITAN NASHVILLE POLICE DEPT,20180267866,Davidson,Nashville,3/23/2018 10:00:00 PM,1,2,0,36.042760,-86.703220,CEDARMONT DR,,,,164.00,Feet,South,CEDARVALLEY DR,,,,0.00,N,Not at Intersection,N,Non-Junction,None,,,         ,Patrick,Martin,Rain,Not Collision with Motor Vehicle in Transport,no,no,no,no,no,False
101954229,METROPOLITAN NASHVILLE POLICE DEPT,20180268045,Davidson,Nashville,3/23/2018 11:15:00 PM,2,0,0,36.156790,-86.787010,BROADWAY,,,,158.00,Feet,East,12TH AVS,,,,0.00,N,Not at Intersection, ,Non-Junction,None,,,         ,Stephen,Waterman,Rain,"Sideswipe, Same Direction",no,no,no,no,no,False
101954237,METROPOLITAN NASHVILLE POLICE DEPT,20180268020,Davidson,Nashville,3/23/2018 11:08:00 PM,1,0,0,36.079960,-86.720250,RECOVERY RD,,,,322.00,Feet,North,WALLACE RD,,,,0.00,N,Not at Intersection, ,Non-Junction,None,,,         ,Zachary,Lang,Rain,Not Collision with Motor Vehicle in Transport,no,no,no,no,no,False
101954245,METROPOLITAN NASHVILLE POLICE DEPT,20180267966,Davidson,Nashville,3/23/2018 8:28:00 PM,2,0,0,36.175740,-86.761120,RAMSEY ST,,,,136.00,Feet,East,N 7TH ST,,,,0.00,N,Not at Intersection, ,Non-Junction,None,,,         ,Shaquille,Graham,Rain,Angle,no,no,no,no,no,False
101954261,METROPOLITAN NASHVILLE POLICE DEPT,20180268026,Davidson,Nashville,3/23/2018 11:02:00 PM,2,0,0,36.106570,-86.794840,CALDWELL LN,,,,0.00,,,GRANNY WHITE PKE,,,,0.00,Y,T-Intersection,N,Intersection,None,,,         ,Matthew,Jankiewicz,Rain,"Sideswipe, Same Direction",no,no,no,no,no,False
101954266,METROPOLITAN NASHVILLE POLICE DEPT,20180268116,Davidson,Nashville,3/24/2018 12:04:00 AM,2,0,0,36.149280,-86.781840,I 40,,,,0.00,,,,,,,209.70,N,Not at Intersection, ,Non-Junction,None,,,         ,Daniel,Russett,Rain,Front to Rear,no,no,no,no,no,False
101954281,METROPOLITAN NASHVILLE POLICE DEPT,20180267971,Davidson,Nashville,3/23/2018 10:45:00 PM,2,0,0,36.154630,-86.759340,I 40,,,,0.00,,,,,,,211.00,N,Not at Intersection,N,Non-Junction,None,,,         ,Edward,Holden,Rain,"Sideswipe, Same Direction",no,no,no,no,yes,False
101954289,METROPOLITAN NASHVILLE POLICE DEPT,20180268048,Davidson,Nashville,3/23/2018 11:20:00 PM,2,0,0,36.196110,-86.776710,BRICK CHURCH PKE,,,,152.00,Feet,North,FERN AV,,,,0.00,N,Not at Intersection,N,Non-Junction,None,,,         ,Jacob,Dick,Rain,Angle,no,no,no,no,no,False
101954293,METROPOLITAN NASHVILLE POLICE DEPT,20180268177,Davidson,Nashville,3/23/2018 11:53:00 PM,2,0,0,36.159430,-86.776180,4TH AVS,,,,205.00,Feet,South,SYMPHONY PL,,,,0.00,N,Not at Intersection, ,,None,,,         ,Daniel,Caruth,,,no,no,no,no,no,False
101954295,METROPOLITAN NASHVILLE POLICE DEPT,20180268213,Davidson,Nashville,3/24/2018 12:46:00 AM,1,0,0,36.153970,-86.840840,I 40,,,,0.00,,,,,,,204.90,N,Not at Intersection,N,Non-Junction,None,,,         ,Michael,Richardson,Rain,Not Collision with Motor Vehicle in Transport,no,no,no,no,yes,False
101954298,METROPOLITAN NASHVILLE POLICE DEPT,20180268161,Davidson,Nashville,3/24/2018 12:09:00 AM,2,0,0,36.150510,-86.770370,4TH AVS,,,,15.00,Feet,North,I40 E EXT RAMP,,,,0.00,N,Not at Intersection, ,Non-Junction,None,,,         ,Christian,Martin,Rain,Front to Rear,no,no,no,no,yes,False
101954301,METROPOLITAN NASHVILLE POLICE DEPT,20180268167,Davidson,Nashville,3/23/2018 11:25:00 PM,2,0,0,36.116410,-86.703460,BRILEY PKWYN,,,,359.00,Feet,West,BRILEY PKWYS,,,,0.00,N,Not at Intersection, ,Entrance/Exit Ramp Related,None,,,         ,Erik,Dabbs,Rain,Front to Rear,no,no,no,no,no,False
101954312,METROPOLITAN NASHVILLE POLICE DEPT,20180268240,Davidson,Nashville,3/24/2018 12:59:00 AM,2,0,0,36.192600,-86.829500,CLARKSVILLE PKE,,,,166.00,Feet,West,CLIFF DR,,,,0.00,N,Not at Intersection,N,Non-Junction,None,,,         ,John,Deiterick,Rain,Front to Rear,no,no,no,yes,yes,False
101954313,METROPOLITAN NASHVILLE POLICE DEPT,20180268190,Davidson,Nashville,3/24/2018 12:30:00 AM,2,3,0,36.231600,-86.781520,EWING DR,,,,0.00,,,BRICK CHURCH PKE,,,,0.00,Y,Four-Way,N,Intersection,None,,,         ,Coleman,McKellar,Rain,Angle,no,no,no,no,no,False
101954325,METROPOLITAN NASHVILLE POLICE DEPT,20180268228,Davidson,Nashville,3/24/2018 12:54:00 AM,2,1,0,36.138200,-86.775930,I 65,,,,0.00,,,,,,,81.70,N,Not at Intersection,N,Non-Junction,None,,,         ,Christian,Martin,Rain,Front to Rear,no,no,no,no,no,False
101954326,METROPOLITAN NASHVILLE POLICE DEPT,20180268398,Davidson,Nashville,3/24/2018 2:31:00 AM,2,0,0,36.205480,-86.778030,BRICK CHURCH PKE,,,,61.00,Feet,North,I65 S ENT RAMP,,,,0.00,N,Not at Intersection, ,Non-Junction,None,,,         ,Jacob,Dick,Cloudy,Front to Rear,no,no,no,yes,yes,False
101954327,METROPOLITAN NASHVILLE POLICE DEPT,20180268117,Davidson,Nashville,3/23/2018 9:35:00 PM,2,0,0,36.111740,-86.767150,POWELL AV,,,,218.00,Feet,South,BRANSFORD AV,,,,0.00,N,Not at Intersection, ,Non-Junction,None,,,         ,Matthew,Jankiewicz,Rain,"Sideswipe, Same Direction",no,no,no,no,no,False
101954341,METROPOLITAN NASHVILLE POLICE DEPT,20180268193,Davidson,Nashville,3/24/2018 12:17:00 AM,2,1,0,36.207550,-86.777790,BRICK CHURCH PKE,,,,0.00,,,I65 S EXT RAMP,,,,0.00,Y,T-Intersection,N,Intersection,None,,,         ,Armonty,Houston,Rain,Front to Rear,no,no,no,no,yes,False
101954344,METROPOLITAN NASHVILLE POLICE DEPT,20180268127,Davidson,Nashville,3/23/2018 11:00:00 PM,2,0,0,36.109450,-86.728050,BRILEY PKWYN,,,,0.00,Feet,,BRILEY PKWYS,,,,0.00,Y,Four-Way,N,Intersection,None,,,         ,Sharissa,Perez,Rain,HeadOn,no,no,no,no,no,False
101954348,METROPOLITAN NASHVILLE POLICE DEPT,20180268250,Davidson,Nashville,3/24/2018 1:03:00 AM,3,1,0,36.205970,-86.776360,I 65,,,,0.00,,,,,,,87.30,N,Not at Intersection,N,Non-Junction,None,,,         ,Lindsey,Anderson,Rain,Front to Rear,no,no,no,no,no,False
101954349,METROPOLITAN NASHVILLE POLICE DEPT,20180268515,Davidson,Nashville,3/24/2018 3:43:00 AM,1,0,0,36.226090,-86.805780,KNIGHT DR,,,,881.00,Feet,North,WHITES CREEK PKE,,,,0.00,N,Not at Intersection,N,Non-Junction,None,,,         ,Jacob,Dick,Cloudy,Unknown,no,no,no,no,yes,False
101954355,METROPOLITAN NASHVILLE POLICE DEPT,20180268487,Davidson,Not in City Limit,3/24/2018 3:32:00 AM,1,2,0,36.282370,-86.731360,I 65,,,,0.00,,,,,,,93.55,N,Not at Intersection,N,Non-Junction,None,,,         ,Patrick,McGinnis,Rain,Not Collision with Motor Vehicle in Transport,no,no,no,no,no,False
101954356,METROPOLITAN NASHVILLE POLICE DEPT,20180268067,Davidson,Nashville,3/23/2018 10:48:00 PM,1,1,0,36.033890,-86.691180,OLD HICKORY BLVD,,,,2038.00,Feet,East,PRATT PROPERTY PVTDR,,,,0.00,N,Not at Intersection,N,Non-Junction,None,,,         ,Jefferson,Hughes,Rain,Not Collision with Motor Vehicle in Transport,no,no,no,no,yes,False
101954362,METROPOLITAN NASHVILLE POLICE DEPT,20180268519,Davidson,Nashville,3/24/2018 3:37:00 AM,1,0,0,36.212610,-86.798950,WHITES CREEK PKE,,,,154.00,Feet,North,AVALON DR,,,,0.00,N,Not at Intersection,N,Non-Junction,None,,,         ,John,Deiterick,Clear,Not Collision with Motor Vehicle in Transport,no,no,no,no,no,False
101954363,METROPOLITAN NASHVILLE POLICE DEPT,20180268084,Davidson,Nashville,3/23/2018 12:00:00 AM,2,1,0,36.144050,-86.766100,4TH AVS,,,,358.00,Feet,South,CHESTNUT ST,,,,0.00,N,Not at Intersection,N,Non-Junction,None,,,         ,John,Tyree,Rain,Front to Rear,no,no,no,no,no,False
101954376,METROPOLITAN NASHVILLE POLICE DEPT,20180268422,Davidson,Nashville,3/24/2018 2:38:00 AM,3,0,0,36.158410,-86.790610,CHURCH ST,,,,0.00,,,GEORGE L DAVIS BLVD,,,,0.00,Y,Four-Way,N,Intersection-Related,None,,,         ,Austin,Childress,Clear,Front to Rear,no,no,no,no,no,False
101954378,METROPOLITAN NASHVILLE POLICE DEPT,20180268577,Davidson,Nashville,3/24/2018 1:32:00 AM,2,0,0,36.156860,-86.793850,CHURCH ST,,,,13.00,Feet,West,16TH AVN,,,,0.00,N,Not at Intersection,N,Non-Junction,None,,,         ,Alyson,Cook,Clear,Front to Rear,no,no,no,no,yes,False
101954394,METROPOLITAN NASHVILLE POLICE DEPT,20180268434,Davidson,Nashville,3/24/2018 2:49:00 AM,1,1,0,36.126230,-86.903860,I 40,,,,0.00,,,,,,,200.65,N,Not at Intersection,N,Non-Junction,None,,,         ,Kevin,McGinniss,Rain,Not Collision with Motor Vehicle in Transport,no,no,no,no,no,False
101954424,METROPOLITAN NASHVILLE POLICE DEPT,20180268444,Davidson,Nashville,3/24/2018 12:00:00 AM,2,0,0,36.153250,-86.794010,17TH AVS,,,,0.00,,,BROADWAY,,,,0.00,Y,Four-Way, ,,None,,,         ,John,Tyree,,,no,no,no,no,no,False
101954438,METROPOLITAN NASHVILLE POLICE DEPT,20180268414,Davidson,Nashville,3/24/2018 1:01:00 AM,3,1,0,36.133010,-86.798700,PORTLAND AV,,,,18.00,Feet,West,19TH AVS,,,,0.00,N,Not at Intersection,N,Non-Junction,None,,,         ,Eugene,Martino,Rain,Front to Rear,no,no,no,no,no,False
101954488,METROPOLITAN NASHVILLE POLICE DEPT,20180268729,Davidson,Nashville,3/24/2018 5:55:00 AM,3,3,0,36.139510,-86.700310,KAREN DR,,,,0.00,,,BRILEY PKWY,,,,0.00,Y,Four-Way,N,Intersection,None,,,         ,Bradley,Pope,Clear,Angle,no,no,no,no,no,False
101954507,METROPOLITAN NASHVILLE POLICE DEPT,20180269044,Davidson,Nashville,3/24/2018 9:00:00 AM,1,0,0,36.161550,-86.599190,BELL RD,,,,613.00,Feet,West,OLD HICKORY BLVD,,,,0.00,N,Not at Intersection,N,Non-Junction,None,,,         ,Cassandra,Del Bosco,Cloudy,Not Collision with Motor Vehicle in Transport,no,no,no,no,yes,False
101954531,METROPOLITAN NASHVILLE POLICE DEPT,20180269125,Davidson,Nashville,3/24/2018 9:43:00 AM,2,0,0,36.216200,-86.696300,OPRYLAND DR,,,,0.00,,,MCGAVOCK PKE,,,,0.00,Y,Y-Intersection, ,Intersection-Related,None,,,         ,Tien,Nguyen,Cloudy,"Sideswipe, Same Direction",no,no,no,no,no,False