master_record_number,agency,agency_tracking_number,county,city,collision_date,vehicles_involved,number_injured,number_dead,latitude,longitude,roadway_name,roadway_suffix,roadway_number,roadway_local_id,distance_from_reference,miles-feet_indicator,direction_from_reference,intersection_road_name,intersection_road_name_suffix,intersection_road_number,intersection_local_id,mile_marker,intersection_indicator,intersect_type,interchange_related_indicator,relation_to_junction,work_zone_type,construction_maintenance_zone,construction_maintenance_zone_location,fatal_case_number,officer_first_name,officer_last_name,weather_condition(s),manner_of_crash,pedestrian,bicycle,scooter,parking,hitrun,mou
101957912,METROPOLITAN NASHVILLE POLICE DEPT,20180278676,Davidson,Nashville,3/27/2018 5:30:00 PM,2,0,0,36.075800,-86.660520,UNA ANTIOCH PKE,,,,161.00,Feet,West,TREETOP DR,,,,0.00,N,Not at Intersection, ,Non-Junction,None,,,         ,Patrick,Martin,Clear,Front to Rear,no,no,no,no,no,False
101957914,METROPOLITAN NASHVILLE POLICE DEPT,20180278949,Davidson,Nashville,3/27/2018 7:00:00 PM,2,0,0,36.120110,-86.749810,NOLENSVILLE PKE,,,,166.00,Feet,South,I440 E ENT RAMP,,,,0.00,N,Not at Intersection, ,,None,,,         ,Gregory,Scott,,,no,no,no,no,no,False
101957924,METROPOLITAN NASHVILLE POLICE DEPT,2018-0278377,Davidson,Not in City Limit,3/27/2018 3:46:00 PM,2,0,0,36.091680,-86.981190,HIGHWAY 70S,,,,0.00,,,CHARLOTTE PKE,,,,0.00,Y,OTHER,N,Intersection,None,,,         ,Ryan,Allen,Clear,Angle,no,no,no,no,yes,False
101957956,METROPOLITAN NASHVILLE POLICE DEPT,20180279013,Davidson,Nashville,3/27/2018 7:19:00 PM,2,0,0,36.170400,-86.768450,INTERSTATE DR,,,,0.00,,,WOODLAND ST,,,,0.00,Y,OTHER,N,Intersection,None,,,         ,Phillip,Box,Clear,Angle,no,no,no,no,no,False
101957957,METROPOLITAN NASHVILLE POLICE DEPT,20180279283,Davidson,Nashville,3/27/2018 8:35:00 PM,2,0,0,36.037420,-86.645980,I 24,,,,0.00,,,,,,,60.30,N,Not at Intersection,N,Non-Junction,None,,,         ,Patrick,Martin,Clear,Front to Rear,no,no,no,no,yes,False
101957959,METROPOLITAN NASHVILLE POLICE DEPT,20180278565,Davidson,Nashville,3/27/2018 5:05:00 PM,2,0,0,36.153870,-86.788130,I 40,,,,0.00,,,,,,,209.30,N,Not at Intersection, ,Non-Junction,None,,,         ,Jacob,Paul,Clear,"Sideswipe, Same Direction",no,no,no,no,no,False
101958005,METROPOLITAN NASHVILLE POLICE DEPT,20180278978,Davidson,Nashville,3/27/2018 7:19:00 PM,2,0,0,36.089190,-86.732740,NOLENSVILLE PKE,,,,408.00,Feet,South,ZOO RD,,,,0.00,N,Not at Intersection, ,,None,,,         ,Aimee,Ortiz,,,no,no,no,no,no,False
101958016,TENNESSEE STATE UNIVERSITY ,18-TSU-19376,Davidson,Nashville,3/27/2018 9:00:00 PM,2,0,0,36.164750,-86.826390,33RD AVN,,,,0.00,,,ALAMEDA ST,,,,0.00,Y,OTHER, ,Non-Junction,None,,,         ,Mark,Ray,Clear,"Sideswipe, Opposite Direction",no,no,no,yes,no,False
101958021,METROPOLITAN NASHVILLE POLICE DEPT,20180278455,Davidson,Nashville,3/27/2018 4:31:00 PM,2,0,0,36.037670,-86.784910,OLD HICKORY BLVD,,,,30.00,Feet,West,I65 S EXT RAMP,,,,0.00,N,Not at Intersection, ,,None,,,         ,Akira,McSwain,,,no,no,no,no,no,False
101958022,METROPOLITAN NASHVILLE POLICE DEPT,20180278789,Davidson,Nashville,3/27/2018 5:55:00 PM,2,0,0,36.129360,-86.802830,ASHWOOD AV,,,,79.00,Feet,West,21ST AVS,,,,0.00,N,Not at Intersection, ,Non-Junction,None,,,         ,Akira,McSwain,Clear,Angle,no,no,no,no,no,False
101958023,METROPOLITAN NASHVILLE POLICE DEPT,20180279066,Davidson,Nashville,3/27/2018 7:34:00 PM,2,2,0,36.129380,-86.778160,8TH AVS,,,,297.00,Feet,North,FRANKLIN PKE,,,,0.00,N,Not at Intersection,N,Non-Junction,None,,,         ,Akira,McSwain,Clear,Front to Rear,no,no,no,no,no,False
101958026,METROPOLITAN NASHVILLE POLICE DEPT,20180279281,Davidson,Nashville,3/27/2018 8:31:00 PM,2,0,0,36.138630,-86.800630,21ST AVS,,,,0.00,,,CHILDRENS WAY,,,,0.00,Y,Four-Way,N,Intersection-Related,None,,,         ,Jacob,Paul,Clear,Front to Rear,no,no,no,no,no,Campus
101958027,METROPOLITAN NASHVILLE POLICE DEPT,20180279312,Davidson,Nashville,3/27/2018 6:33:00 PM,2,0,0,36.063270,-86.626800,MURFREESBORO PKE,,,,744.00,Feet,South,HAMILTON CHURCH RD,,,,0.00,N,Not at Intersection, ,Non-Junction,None,,,         ,Eric,Keller,Clear,Angle,no,no,no,no,yes,False
101958053,METROPOLITAN NASHVILLE POLICE DEPT,20180279044,Davidson,Nashville,3/27/2018 7:34:00 PM,2,0,0,36.157420,-86.792630,CHURCH ST,,,,0.00,,,15TH AVN,,,,0.00,Y,Four-Way, ,Intersection,None,,,         ,Eric,Burford,Clear,Angle,no,no,no,no,no,False
101958054,METROPOLITAN NASHVILLE POLICE DEPT,20180278303,Davidson,Nashville,3/27/2018 3:10:00 PM,1,0,0,36.153950,-86.761760,CHARLES E DAVIS BLVD,,,,55.00,Feet,South,OLD HERMITAGE AV,,,,0.00,N,Not at Intersection,N,Non-Junction,None,,,         ,Johnathan,Pannell,Clear,Not Collision with Motor Vehicle in Transport,no,yes,no,no,no,False
101958055,METROPOLITAN NASHVILLE POLICE DEPT,20180279451,Davidson,Nashville,3/27/2018 12:00:00 AM,2,0,0,36.155000,-86.833010,39TH AVN,,,,35.00,Feet,South,DELAWARE AV,,,,0.00,N,Not at Intersection, ,Non-Junction,None,,,         ,Melvin,Taylor,Clear,Angle,no,no,no,yes,yes,False
101958056,METROPOLITAN NASHVILLE POLICE DEPT,20180279094,Davidson,Nashville,3/27/2018 2:59:00 PM,1,1,0,36.099780,-86.741300,ELGIN ST,,,,193.00,Feet,East,KEYSTONE AV,,,,0.00,N,Not at Intersection,N,Non-Junction,None,,,         ,Brandon,Hughes,Clear,Not Collision with Motor Vehicle in Transport,yes,no,no,yes,yes,False
101958057,METROPOLITAN NASHVILLE POLICE DEPT,20180279501,Davidson,Nashville,3/27/2018 9:11:00 PM,2,0,0,36.151010,-86.796490,19TH AVS,,,,0.00,Feet,North,BROADWAY,,,,0.00,N,Not at Intersection,N,Non-Junction,None,,,         ,Akira,McSwain,Clear,"Sideswipe, Same Direction",no,no,no,no,yes,False
101958058,GOODLETTSVILLE POLICE DEPT,18-11253,Davidson,Goodlettsville,3/27/2018 9:42:00 PM,2,1,0,36.327340,-86.706940,I 65,,,,0.00,,,,,,,97.25,N,Not at Intersection, ,Non-Junction,None,,,         ,Zachary,Goodwin,Clear,Front to Rear,no,no,no,no,no,False
101958082,METROPOLITAN NASHVILLE POLICE DEPT,20180279422,Davidson,Not in City Limit,3/27/2018 8:55:00 PM,2,0,0,36.024360,-86.631470,I 24,,,,0.00,,,,,,,61.65,N,Not at Intersection, ,Non-Junction,Maintenance Zone,,,         ,Patrick,Martin,Clear,"Sideswipe, Same Direction",no,no,no,no,no,False
101958108,METROPOLITAN NASHVILLE POLICE DEPT,20180279667,Davidson,Not in City Limit,3/27/2018 7:51:00 PM,2,0,0,36.261240,-86.712530,GALLATIN PKES,,,,0.00,Feet,East,MAPLE ST,,,,0.00,N,Not at Intersection, ,Non-Junction,None,,,         ,Chad,Mahoney,Clear,Front to Rear,no,no,no,no,no,False
101958110,METROPOLITAN NASHVILLE POLICE DEPT,20180279592,Davidson,Nashville,3/27/2018 10:40:00 PM,2,1,0,36.177910,-86.605000,I40 E EXT RAMP,,,,0.00,,,OLD HICKORY BLVD,,,,0.00,Y,Four-Way,N,Intersection,None,,,         ,Benjamin,Cole,Clear,"Sideswipe, Opposite Direction",no,no,no,no,yes,False
101958118,METROPOLITAN NASHVILLE POLICE DEPT,20180279691,Davidson,Nashville,3/27/2018 10:05:00 PM,2,0,0,36.228350,-86.831720,BUENAVIEW BLVD,,,,0.00,,,SUNNYVIEW DR,,,,0.00,Y,OTHER, ,,None,,,         ,Geoffrey,Daugherty,,,no,no,no,no,no,False
101958129,METROPOLITAN NASHVILLE POLICE DEPT,20180279494,Davidson,Antioch,3/27/2018 10:00:00 PM,3,0,0,36.018210,-86.624620,I 24,,,,0.00,,,,,,,62.20,N,Not at Intersection,Y,Non-Junction,None,,,         ,Devonte,Coleman,Clear,Angle,no,no,no,no,no,False
101958144,Nashville Airport Police,18-01103,Davidson,Nashville,3/26/2018 9:56:00 AM,2,0,0,36.132490,-86.668920,TERMINAL DR,,,,1398.00,Feet,South,I40 E EXT RAMP,,,,0.00,N,Not at Intersection, ,Non-Junction,None,,,         ,Delphia,Murphy,Clear,"Sideswipe, Same Direction",no,no,no,no,no,False
101958160,METROPOLITAN NASHVILLE POLICE DEPT,20180280485,Davidson,Nashville,3/28/2018 5:07:00 AM,2,0,0,36.091360,-86.828510,HARDING PL,,,,0.00,,,HILLSBORO PKE,,,,0.00,Y,Four-Way,Y,Non-Junction,None,,,         ,Matthew,Jankiewicz,Clear,Angle,no,no,no,no,no,False
101958161,METROPOLITAN NASHVILLE POLICE DEPT,20180280545,Davidson,Nashville,3/28/2018 4:52:00 AM,2,0,0,36.077140,-86.641460,DOVER GLEN DR,,,,0.00,Feet,West,MURFREESBORO PKE,,,,0.00,N,Not at Intersection, ,Non-Junction,None,,,         ,Ralph,Smith IV,Clear,Angle,no,no,no,no,no,False
101958199,GOODLETTSVILLE POLICE DEPT,18-11279,Davidson,Goodlettsville,3/28/2018 7:07:00 AM,1,0,0,36.301790,-86.709730,VIETNAM VETERANS BLVDN,,,,480.00,Feet,North,I 65,,,,0.00,N,Not at Intersection,Y,Entrance/Exit Ramp Related,None,,,         ,George,Forbes,Rain,Not Collision with Motor Vehicle in Transport,no,no,no,no,yes,False
101958207,METROPOLITAN NASHVILLE POLICE DEPT,20180280667,Davidson,Nashville,3/28/2018 7:01:00 AM,2,0,0,36.068620,-86.683390,ANTIOCH PKE,,,,225.00,Feet,South,RICHARDS RD,,,,0.00,N,Not at Intersection, ,Non-Junction,None,,,         ,Stephen,Soule,Rain,Front to Rear,no,no,no,no,no,False
101958216,METROPOLITAN NASHVILLE POLICE DEPT,20180280457,Davidson,Not in City Limit,3/28/2018 4:54:00 AM,3,3,0,36.022580,-86.629450,I 24,,,,0.00,,,,,,,61.80,N,Not at Intersection,N,Non-Junction,None,,,         ,Jefferson,Hughes,Cloudy,Front to Rear,no,no,no,no,no,False
101958217,METROPOLITAN NASHVILLE POLICE DEPT,20180280744,Davidson,Nashville,3/28/2018 7:44:00 AM,2,0,0,36.124570,-86.772680,I 65,,,,0.00,,,,,,,80.70,N,Not at Intersection,N,Non-Junction,None,,,         ,Nathan,Kemp,Rain,Front to Rear,no,no,no,no,no,False
101958223,METROPOLITAN NASHVILLE POLICE DEPT,20180280734,Davidson,Nashville,3/28/2018 7:38:00 AM,2,0,0,36.125870,-86.794020,BELMONT BLVD,,,,0.00,,,BEECHWOOD AV,,,,0.00,Y,T-Intersection, ,Non-Junction,None,,,         ,Walter,Cothran,Rain,Angle,no,no,no,no,no,False
101958224,METROPOLITAN NASHVILLE POLICE DEPT,20180280672,Davidson,Nashville,3/28/2018 7:00:00 AM,1,1,0,36.168120,-86.796200,I 40,,,,0.00,,,,,,,208.20,N,Not at Intersection,N,Non-Junction,None,,,         ,Isaac,Wood,Cloudy,Not Collision with Motor Vehicle in Transport,no,no,no,no,no,False
101958226,METROPOLITAN NASHVILLE POLICE DEPT,20180280732,Davidson,Nashville,3/28/2018 7:38:00 AM,1,1,0,36.033180,-86.711010,BARNES RD,,,,103.00,Feet,East,MONTE CARLO DR,,,,0.00,N,Not at Intersection,N,Non-Junction,None,,,         ,Abigail,Malone,Rain,Not Collision with Motor Vehicle in Transport,no,no,no,no,no,False
101958229,VANDERBILT UNIVERSITY POLICE,20180280689,Davidson,Nashville,3/28/2018 6:32:00 AM,2,0,0,36.110980,-86.763790,STATE HWY 155,,,,0.00,,,,,,,0.00,,, ,Non-Junction,None,,,         ,Joseph,Musick,Rain,Other,no,no,no,yes,no,False
101958231,METROPOLITAN NASHVILLE POLICE DEPT,20180280723,Davidson,Nashville,3/28/2018 8:00:00 AM,2,0,0,36.091380,-86.829280,HARDING PL,,,,114.00,Feet,West,CLAYBORNE CT,,,,0.00,N,Not at Intersection, ,Non-Junction,None,,,         ,George,Spencer,Rain,Front to Rear,no,no,no,no,no,False
101958237,METROPOLITAN NASHVILLE POLICE DEPT,20180280673,Davidson,Nashville,3/28/2018 7:05:00 AM,2,1,0,36.084900,-86.606100,ANDERSON RD,RD,US1,,0.00,,South,,,US,,111.11,N,Not at Intersection,N,Non-Junction,None,,,         ,Dakota,Vermillion,Rain,Angle,no,no,no,no,no,False
101958245,METROPOLITAN NASHVILLE POLICE DEPT,20180280786,Davidson,Nashville,3/28/2018 8:00:00 AM,2,0,0,36.107590,-86.743530,TIMMONS ST,,,,0.00,Feet,,NOLENSVILLE PKE,,,,0.00,Y,Four-Way, ,Intersection,None,,,         ,Ryan,Sherry,Cloudy,Angle,no,no,no,no,no,False
101958248,METROPOLITAN NASHVILLE POLICE DEPT,20180280691,Davidson,Nashville,3/28/2018 7:15:00 AM,2,0,0,36.195540,-86.776150,I 65,,,,0.00,,,,,,,86.55,N,Not at Intersection,N,Unknown,None,,,         ,Frank,Campbell,Rain,Front to Rear,no,no,no,no,yes,False
101958250,METROPOLITAN NASHVILLE POLICE DEPT,20180280817,Davidson,Not in City Limit,3/28/2018 8:17:00 AM,1,0,0,36.335670,-86.793200,UNION HILL RD,,,,2165.00,Feet,West,WINGO WAY,,,,0.00,N,Not at Intersection, ,Non-Junction,None,,,         ,Brandon,Tennant,Rain,Not Collision with Motor Vehicle in Transport,no,no,no,no,no,False
101958251,METROPOLITAN NASHVILLE POLICE DEPT,20180280853,Davidson,Nashville,3/28/2018 7:50:00 AM,2,0,0,36.164240,-86.819900,28TH AVN,,,,0.00,,,ALBION ST,,,,0.00,Y,Four-Way, ,,None,,,         ,Isaac,Wood,,,no,no,no,no,no,False
101958252,METROPOLITAN NASHVILLE POLICE DEPT,20180280693,Davidson,Nashville,3/28/2018 6:55:00 AM,2,0,0,36.028650,-86.619120,OLD HICKORY BLVD,BLVD,,,0.00,,,CANE RIDGE HIGH SCHOOL RD,RD,SR,,0.00,Y,T-Intersection, ,Intersection,None,,,         ,Charles,Coe,Rain,Angle,no,no,no,yes,no,False
101958253,METROPOLITAN NASHVILLE POLICE DEPT,2018-280694,Davidson,Not in City Limit,3/28/2018 7:00:00 AM,1,1,0,36.264100,-86.724180,HERITAGE DR,,,,0.00,,,OLD HICKORY BLVDW,,,,0.00,Y,T-Intersection, ,Intersection,None,,,         ,John,Pryor,Rain,Not Collision with Motor Vehicle in Transport,yes,no,no,no,yes,False
101958256,METROPOLITAN NASHVILLE POLICE DEPT,20180280963,Davidson,Nashville,3/28/2018 8:08:00 AM,2,0,0,36.156810,-86.618210,BELL RD,,,,0.00,Feet,East,STONES RIVER GRNWY,,,,0.00,N,Not at Intersection, ,Non-Junction,None,,,         ,Dakota,Vermillion,Rain,Front to Rear,no,no,no,no,no,False
101958258,METROPOLITAN NASHVILLE POLICE DEPT,20180280932,Davidson,Not in City Limit,3/28/2018 8:40:00 AM,2,0,0,36.269990,-86.684350,CHARTER VILLAGE APTS PVTDR,,,,0.00,,,,,,,0.00,,, ,,None,,,         ,Michelle,Steidl,,,no,no,no,yes,no,False
101958260,METROPOLITAN NASHVILLE POLICE DEPT,20180280679,Davidson,Nashville,3/28/2018 7:08:00 AM,3,0,0,36.091630,-86.704620,I 24,,,,0.00,,,,,,,55.25,N,Not at Intersection,N,Non-Junction,None,,,         ,Todd,Watson,Rain,"Sideswipe, Same Direction",no,no,no,no,no,False
101958271,METROPOLITAN NASHVILLE POLICE DEPT,20180280938,Davidson,Nashville,3/28/2018 9:05:00 AM,2,2,0,36.040120,-86.780740,OLD HICKORY BLVD,,,,0.00,,,I65 N ENT RAMP,,,,0.00,Y,OTHER,Y,Intersection,None,,,         ,Earl,Davis,Rain,Angle,no,no,no,no,no,False
101958279,METROPOLITAN NASHVILLE POLICE DEPT,20180280906,Davidson,Nashville,3/28/2018 8:45:00 AM,1,0,0,36.167880,-86.764240,S 4TH ST,,,,350.00,Feet,North,I24 W ENT RAMP,,,,0.00,N,Not at Intersection,N,OtherLocation,None,,,         ,Eric,Knight,Rain,Not Collision with Motor Vehicle in Transport,no,no,no,no,no,False
101958286,METROPOLITAN NASHVILLE POLICE DEPT,20180281316,Davidson,Nashville,3/28/2018 11:35:00 AM,2,0,0,36.148770,-86.792150,MUSIC SQE,,,,143.00,Feet,North,CHET ATKINS PL,,,,0.00,N,Not at Intersection, ,Non-Junction,None,,,         ,William,Caillouette,Rain,"Sideswipe, Same Direction",no,no,no,no,no,False
101958294,METROPOLITAN NASHVILLE POLICE DEPT,20180281211,Davidson,Nashville,3/28/2018 11:01:00 AM,1,1,0,36.232320,-86.826320,BRILEY PKWYW,,,,341.00,Feet,West,BUENA VISTA PKE,,,,0.00,N,Not at Intersection,N,Non-Junction,None,,,         ,William,Coy,Rain,Not Collision with Motor Vehicle in Transport,no,no,no,no,no,False
101958295,METROPOLITAN NASHVILLE POLICE DEPT,20180280940,Davidson,Nashville,3/28/2018 9:08:00 AM,2,1,0,36.194490,-86.832540,CLARKSVILLE PKE,,,,496.00,Feet,West,BUENA VISTA PKE,,,,0.00,N,Not at Intersection,N,Non-Junction,None,,,         ,William,Coy,Rain,Angle,no,no,no,no,no,False
101958296,THP District 3 - Nashville,318018847,Davidson,Nashville,3/28/2018 7:37:00 AM,3,1,0,36.034460,-86.783350,I 65,,,,0.00,,,,,,,74.25,N,Not at Intersection,N,Non-Junction,None,,,         ,Christopher,Vance,Rain,Other,no,no,no,no,no,False
101958302,METROPOLITAN NASHVILLE POLICE DEPT,20180281289,Davidson,Nashville,3/28/2018 9:46:00 AM,2,0,0,36.207550,-86.777790,BRICK CHURCH PKE,,,,0.00,,,I65 S EXT RAMP,,,,0.00,Y,T-Intersection, ,Intersection,None,,,         ,Ronald,Bright,Rain,Angle,no,no,no,no,no,False
101958311,METROPOLITAN NASHVILLE POLICE DEPT,20180280822,Davidson,Nashville,3/28/2018 8:24:00 AM,2,1,0,36.136030,-86.698680,BRILEY PKWYN,,,,0.00,,,CORPORATE DR,,,,0.00,Y,Four-Way,N,Intersection-Related,None,,,         ,Terry,Denton,Rain,Angle,no,no,no,no,no,False
101958312,METROPOLITAN NASHVILLE POLICE DEPT,20180280750,Davidson,Nashville,3/28/2018 7:48:00 AM,2,0,0,36.141910,-86.640610,ELM HILL PKE,,,,0.00,,,TIMBER VALLEY DR,,,,0.00,Y,T-Intersection, ,Intersection,None,,,         ,Terry,Denton,Rain,Front to Rear,no,no,no,no,no,False
101958316,METROPOLITAN NASHVILLE POLICE DEPT,20180280916,Davidson,Nashville,3/28/2018 8:55:00 AM,3,2,0,36.172950,-86.795150,10TH AVN,,,,0.00,,,REV DR ENOCH JONES BLVD,,,,0.00,Y,Four-Way,N,Intersection-Related,None,,,         ,Royce,McLester,Rain,Angle,no,no,no,no,no,False
101958317,METROPOLITAN NASHVILLE POLICE DEPT,20180280983,Davidson,Nashville,3/28/2018 9:25:00 AM,2,0,0,36.054530,-86.725330,MCMURRAY DR,,,,0.00,,,AMALIE DR,,,,0.00,Y,T-Intersection,N,Intersection,None,,,         ,Ryan,Sherry,Cloudy,Front to Rear,no,no,no,no,yes,False
101958320,METROPOLITAN NASHVILLE POLICE DEPT,20180281378,Davidson,Nashville,3/28/2018 12:14:00 PM,2,0,0,36.151480,-86.673660,ELM HILL PKE,,,,732.00,Feet,West,HENEY DR,,,,0.00,N,Not at Intersection, ,"Driveway, Alley Access, etc",None,,,         ,Michael,Dance,Cloudy,Angle,no,no,no,no,no,False
101958323,METROPOLITAN NASHVILLE POLICE DEPT,20180281250,Davidson,Not in City Limit,3/28/2018 11:21:00 AM,2,1,0,36.264090,-86.735880,I65 N EXT RAMP,,,,0.00,Feet,East,OLD HICKORY BLVDW,,,,0.00,N,Not at Intersection,Y,Entrance/Exit Ramp Related,None,,,         ,Michelle,Steidl,Cloudy,Front to Rear,no,no,no,no,no,False
101958324,METROPOLITAN NASHVILLE POLICE DEPT,20180280700,Davidson,Nashville,3/28/2018 7:25:00 AM,6,4,0,36.195610,-86.776140,I 65,,,,0.00,,,,,,,86.55,N,Not at Intersection,N,Non-Junction,None,,,         ,Laura,Mullin,Rain,"Sideswipe, Same Direction",no,no,no,no,no,False
101958329,METROPOLITAN NASHVILLE POLICE DEPT,20180280854,Davidson,Nashville,3/28/2018 7:30:00 AM,2,0,0,36.206620,-86.777900,BRICK CHURCH PKE,,,,0.00,,,W TRINITY LN,,,,0.00,Y,Four-Way, ,,None,,,         ,James,Wray,,,no,no,no,no,no,False
101958330,METROPOLITAN NASHVILLE POLICE DEPT,20180280825,Davidson,Nashville,3/28/2018 8:20:00 AM,2,0,0,36.055320,-86.774860,I 65,,,,0.00,,,,,,,74.90,N,Not at Intersection, ,Non-Junction,None,,,         ,Jon,Mcvey,Rain,Front to Rear,no,no,no,no,no,False
101958331,METROPOLITAN NASHVILLE POLICE DEPT,20180281130,Davidson,Nashville,3/28/2018 10:22:00 AM,1,1,0,36.081520,-86.764590,I65 S EXT RAMP,,,,0.00,,,I 65,,,,0.00,Y,OTHER,N,Entrance/Exit Ramp Related,None,,,         ,Jon,Mcvey,Rain,Not Collision with Motor Vehicle in Transport,no,no,no,no,no,False
101958344,METROPOLITAN NASHVILLE POLICE DEPT,20180280850,Davidson,Nashville,3/28/2018 8:25:00 AM,2,0,0,36.127600,-86.815520,I 440,,,,0.00,,,,,,,2.20,N,Not at Intersection,N,Non-Junction,None,,,         ,Brian,Myatt,Rain,Front to Rear,no,no,no,no,no,False
101958357,METROPOLITAN NASHVILLE POLICE DEPT,20180280944,Davidson,Nashville,3/28/2018 9:05:00 AM,1,1,0,36.170330,-86.606380,I40 E EXT RAMP,,,,0.00,,,I 40,,,,0.00,Y,OTHER,N,Entrance/Exit Ramp Related,None,,,         ,Kelsey,Hemminger,Rain,Not Collision with Motor Vehicle in Transport,no,no,no,no,no,False
101958368,METROPOLITAN NASHVILLE POLICE DEPT,20180280977,Davidson,Nashville,3/28/2018 9:08:00 AM,1,0,0,36.179440,-86.773830,I 24,,,,0.00,,,,,,,47.70,N,Not at Intersection,N,Entrance/Exit Ramp Related,None,,,         ,Russell,Freeman,Rain,Not Collision with Motor Vehicle in Transport,no,no,no,no,no,False
101958369,METROPOLITAN NASHVILLE POLICE DEPT,20180281368,Davidson,Nashville,3/28/2018 11:38:00 AM,2,0,0,36.185850,-86.743220,SUMNER AV,,,,212.00,Feet,East,N 14TH ST,,,,0.00,N,Not at Intersection, ,Non-Junction,None,,,         ,Russell,Freeman,Clear,Angle,no,no,no,no,no,False
101958374,METROPOLITAN NASHVILLE POLICE DEPT,20180281435,Davidson,Nashville,3/28/2018 12:34:00 PM,2,0,0,36.138650,-86.880050,HILLWOOD BLVD,,,,214.00,Feet,South,CHARLOTTE PKE,,,,0.00,N,Not at Intersection, ,Non-Junction,None,,,         ,Darren,Key,Cloudy,Angle,no,no,no,no,no,False
101958384,METROPOLITAN NASHVILLE POLICE DEPT,20180281557,Davidson,Nashville,3/28/2018 1:13:00 PM,2,0,0,36.039920,-86.781350,I65 N EXT RAMP,,,,0.00,,,I 65,,,,0.00,Y,OTHER, ,Entrance/Exit Ramp Related,None,,,         ,Jon,Mcvey,Cloudy,Front to Rear,no,no,no,no,no,False
101958399,METROPOLITAN NASHVILLE POLICE DEPT,20180281449,Davidson,Nashville,3/28/2018 12:40:00 PM,3,0,0,36.167450,-86.765480,I 24,,,,0.00,,,,,,,48.90,N,Not at Intersection, ,Non-Junction,None,,,         ,James,Thornton,Cloudy,Front to Rear,no,no,no,no,no,False
101958418,METROPOLITAN NASHVILLE POLICE DEPT,20180281224,Davidson,Goodlettsville,3/28/2018 11:09:00 AM,2,1,0,36.294920,-86.700940,GALLATIN PKEN,,,,0.00,,,RIVERGATE STATION PVTDR,,,,0.00,Y,Four-Way,N,Intersection,None,,,         ,Cyretha,Frazier,Rain,Angle,no,no,no,no,no,False
101958419,METROPOLITAN NASHVILLE POLICE DEPT,20180281006,Davidson,Nashville,3/28/2018 9:23:00 AM,2,1,0,36.195090,-86.776160,I 65,,,,0.00,,,,,,,86.55,N,Not at Intersection,N,Non-Junction,None,,,         ,Wesley,Young,Rain,Front to Rear,no,no,no,no,no,False
101958421,METROPOLITAN NASHVILLE POLICE DEPT,20180281519,Davidson,Nashville,3/28/2018 1:03:00 PM,2,0,0,36.150770,-86.801450,21ST AVN,,,,122.00,Feet,North,WEST END AV,,,,0.00,N,Not at Intersection,N,OtherLocation,None,,,         ,Phillip,Murphy,Cloudy,Front to Rear,no,no,no,yes,no,Campus
101958432,METROPOLITAN NASHVILLE POLICE DEPT,20180280706,Davidson,Nashville,3/28/2018 7:10:00 AM,3,0,0,36.171850,-86.767900,JAMES ROBERTSON PKWY,,,,0.00,,,JAMES ROBERTSON PKWY,,,,0.00,Y,OTHER, ,Non-Junction,None,,,         ,Joseph,Bingham,Rain,Front to Rear,no,no,no,no,no,False
101958434,METROPOLITAN NASHVILLE POLICE DEPT,20180280787,Davidson,Nashville,3/28/2018 8:06:00 AM,2,0,0,36.233750,-86.728950,JOYCE LN,,,,0.00,,,GRINSTEAD PL,,,,0.00,Y,OTHER, ,Intersection,None,,,         ,Nathan,Mayo,Rain,Angle,no,no,no,no,no,False
101958435,METROPOLITAN NASHVILLE POLICE DEPT,20180281014,Davidson,Nashville,3/28/2018 9:18:00 AM,2,0,0,36.193220,-86.750480,DOUGLAS AV,,,,328.00,Feet,East,CLINE AV,,,,0.00,N,Not at Intersection, ,,None,,,         ,Nathan,Mayo,,,no,no,no,no,no,False
101958437,METROPOLITAN NASHVILLE POLICE DEPT,20180280661,Davidson,Nashville,3/28/2018 6:53:00 AM,2,0,0,36.117560,-86.725710,I 24,,,,0.00,,,,,,,53.10,N,Not at Intersection,N,Non-Junction,None,,,         ,Jessie,Meadows,Rain,Front to Rear,no,no,no,no,no,False
101958438,METROPOLITAN NASHVILLE POLICE DEPT,20180281605,Davidson,Antioch,3/28/2018 1:35:00 PM,2,0,0,36.011520,-86.609000,J P HENNESSY DR,,,,120.00,Feet,East,FIRESTONE PKWY,,,,0.00,N,Not at Intersection,N,Non-Junction,None,,,         ,Jessie,Meadows,Clear,Front to Rear,no,no,no,no,yes,False
101958443,METROPOLITAN NASHVILLE POLICE DEPT,20180281654,Davidson,Nashville,3/28/2018 1:46:00 PM,2,0,0,36.138840,-86.800590,CAPERS AV,,,,0.00,,,21ST AVS,,,,0.00,Y,T-Intersection, ,Intersection,None,,,         ,Michael,McCord,Cloudy,Angle,no,no,no,no,no,Campus
101958444,METROPOLITAN NASHVILLE POLICE DEPT,20180280796,Davidson,Nashville,3/28/2018 8:05:00 AM,3,0,0,36.138750,-86.728320,I 24,,,,0.00,,,,,,,51.40,N,Not at Intersection,N,Non-Junction,None,,,         ,James,Thomas,Rain,"Sideswipe, Same Direction",no,no,no,no,yes,False
101958456,METROPOLITAN NASHVILLE POLICE DEPT,20180281600,Davidson,Nashville,3/28/2018 1:26:00 PM,2,0,0,36.152200,-86.791370,DIVISION ST,,,,0.00,,,DEMONBREUN ST,,,,0.00,Y,Roundabout,N,Non-Junction,None,,,         ,William,Caillouette,Cloudy,Rear to Rear,no,no,no,yes,yes,False