master_record_number,agency,agency_tracking_number,county,city,collision_date,vehicles_involved,number_injured,number_dead,latitude,longitude,roadway_name,roadway_suffix,roadway_number,roadway_local_id,distance_from_reference,miles-feet_indicator,direction_from_reference,intersection_road_name,intersection_road_name_suffix,intersection_road_number,intersection_local_id,mile_marker,intersection_indicator,intersect_type,interchange_related_indicator,relation_to_junction,work_zone_type,construction_maintenance_zone,construction_maintenance_zone_location,fatal_case_number,officer_first_name,officer_last_name,weather_condition(s),manner_of_crash,pedestrian,bicycle,scooter,parking,hitrun,mou
101959042,METROPOLITAN NASHVILLE POLICE DEPT,20180282952,Davidson,Nashville,3/28/2018 11:00:00 PM,2,2,0,36.150480,-86.866220,I 40,,,,0.00,,,,,,,203.45,N,Not at Intersection,N,Non-Junction,None,,,         ,Kevin,McGinniss,Rain,Angle,no,no,no,no,no,False
101959043,METROPOLITAN NASHVILLE POLICE DEPT,20180283281,Davidson,Nashville,3/29/2018 2:05:00 AM,2,0,0,36.153250,-86.794010,17TH AVS,,,,0.00,,,BROADWAY,,,,0.00,Y,T-Intersection,N,Intersection,None,,,         ,Craig,Oakley,Rain,Angle,no,no,no,no,no,False
101959045,METROPOLITAN NASHVILLE POLICE DEPT,20180282822,Davidson,Nashville,3/28/2018 9:21:00 PM,2,0,0,36.170820,-86.601560,I40 W ENT RAMP,,,,0.00,,,I 40,,,,0.00,Y,OTHER, ,Intersection,None,,,         ,Leonard,Spadavecchia,Rain,Angle,no,no,no,no,no,False
101959046,METROPOLITAN NASHVILLE POLICE DEPT,20180283270,Davidson,Nashville,3/29/2018 1:32:00 AM,1,0,0,36.061720,-86.681690,I 24,,,,0.00,,,,,,,57.70,N,Not at Intersection,N,Non-Junction,None,,,         ,William,Williams,Rain,Not Collision with Motor Vehicle in Transport,no,no,no,no,yes,False
101959050,METROPOLITAN NASHVILLE POLICE DEPT,20180282978,Davidson,Nashville,3/28/2018 12:00:00 AM,2,0,0,36.134350,-86.775610,I 65,,,,0.00,,,,,,,81.40,N,Not at Intersection,N,Non-Junction,None,,,         ,John,Tyree,Rain,"Sideswipe, Same Direction",no,no,no,no,yes,False
101959068,METROPOLITAN NASHVILLE POLICE DEPT,20180283286,Davidson,Nashville,3/29/2018 12:00:00 AM,1,0,0,36.050770,-86.668620,I 24,,,,0.00,,,,,,,58.75,N,Not at Intersection,N,Non-Junction,None,,,         ,Sandra,Fly,Rain,Not Collision with Motor Vehicle in Transport,no,no,no,no,no,False
101959074,METROPOLITAN NASHVILLE POLICE DEPT,20180283416,Davidson,Nashville,3/29/2018 12:00:00 AM,1,0,0,36.149950,-86.784670,I 40,,,,0.00,,,,,,,209.55,N,Not at Intersection, ,,None,,,         ,John,Tyree,,,no,no,no,no,no,False
101959084,METROPOLITAN NASHVILLE POLICE DEPT,20180283499,Davidson,Nashville,3/29/2018 4:24:00 AM,2,0,0,36.217100,-86.775170,I 65,,,,0.00,,,,,,,88.10,N,Not at Intersection, ,Non-Junction,None,,,         ,Jacob,Dick,Rain,Front to Rear,no,no,no,no,no,False
101959093,METROPOLITAN NASHVILLE POLICE DEPT,20180283375,Davidson,Nashville,3/29/2018 12:00:00 AM,1,0,0,36.119410,-86.730050,WHITSETT RD,,,,0.00,,,,,,,0.00,,,N,Non-Junction,None,,,         ,Kyle,Burks,Rain,Unknown,no,no,no,no,yes,False
101959102,METROPOLITAN NASHVILLE POLICE DEPT,20180283593,Davidson,Nashville,3/29/2018 4:30:00 AM,1,0,0,36.167450,-86.765480,I 24,,,,0.00,,,,,,,48.90,N,Not at Intersection,Y,Non-Junction,None,,,         ,Derrick,Toney,Rain,Not Collision with Motor Vehicle in Transport,no,no,no,no,no,False
101959111,METROPOLITAN NASHVILLE POLICE DEPT,20180283434,Davidson,Nashville,3/29/2018 3:43:00 AM,1,1,0,36.089440,-86.733010,NOLENSVILLE PKE,,,,286.00,Feet,South,ZOO RD,,,,0.00,N,Not at Intersection,N,Non-Junction,None,,,         ,Autumn,Manning,Rain,Not Collision with Motor Vehicle in Transport,yes,no,no,no,no,False
101959121,METROPOLITAN NASHVILLE POLICE DEPT,20180283240,Davidson,Not in City Limit,3/29/2018 1:43:00 AM,2,2,0,36.272230,-86.794840,I 24,,,,0.00,,,,,,,40.95,N,Not at Intersection,N,Entrance/Exit Ramp Related,None,,,         ,Craig,Amabile,Rain,Angle,no,no,no,no,no,False
101959146,METROPOLITAN NASHVILLE POLICE DEPT,20180283714,Davidson,Nashville,3/29/2018 5:57:00 AM,2,1,0,36.150250,-86.700210,ACORN DR,,,,35.00,Feet,North,ELM HILL PKE,,,,0.00,N,Not at Intersection,N,Non-Junction,None,,,         ,Kyle,Berkheiser,Rain,Angle,no,no,no,no,no,False
101959148,METROPOLITAN NASHVILLE POLICE DEPT,20180283733,Davidson,Nashville,3/29/2018 6:10:00 AM,2,0,0,36.153300,-86.798200,HAYES ST,,,,0.00,,,19TH AVN,,,,0.00,Y,Four-Way, ,Intersection,None,,,         ,Craig,Oakley,Rain,Angle,no,no,no,no,no,False
101959186,METROPOLITAN NASHVILLE POLICE DEPT,20180281029,Davidson,Nashville,3/28/2018 9:36:00 AM,2,0,0,36.168220,-86.806950,MEHARRY BLVD,,,,230.00,Feet,West,DR D B TODD JR BLVD,,,,0.00,N,Not at Intersection, ,,None,,,         ,Isaac,Wood,,,no,no,no,no,no,False
101959207,METROPOLITAN NASHVILLE POLICE DEPT,20180283807,Davidson,Nashville,3/29/2018 7:05:00 AM,2,0,0,36.082010,-86.761760,I65 N EXT RAMP,,,,0.00,,,HARDING PL,,,,0.00,Y,OTHER, ,Intersection,None,,,         ,Earl,Davis,Rain,Front to Rear,no,no,no,no,no,False
101959208,METROPOLITAN NASHVILLE POLICE DEPT,20180283813,Davidson,Nashville,3/29/2018 6:28:00 AM,1,0,0,36.193230,-86.833860,COUNTY HOSPITAL RD,,,,66.00,Feet,South,JOHN MALLETTE DR,,,,0.00,N,Not at Intersection,N,Non-Junction,None,,,         ,Royce,McLester,Rain,Not Collision with Motor Vehicle in Transport,no,no,no,no,no,False
101959213,METROPOLITAN NASHVILLE POLICE DEPT,20180283917,Davidson,Not in City Limit,3/29/2018 7:22:00 AM,2,0,0,36.019270,-87.028830,HIGHWAY 100,,,,128.00,Feet,North,OLD HARDING PKE,,,,0.00,N,Not at Intersection, ,,None,,,         ,Curtis,Rich,,,no,no,no,no,no,False
101959214,METROPOLITAN NASHVILLE POLICE DEPT,20180283747,Davidson,Nashville,3/29/2018 6:15:00 AM,2,1,0,36.149120,-86.781010,I 40,,,,0.00,,,,,,,209.75,N,Not at Intersection, ,Entrance/Exit Ramp Related,None,,,         ,William,Vincion,Rain,Front to Rear,no,no,no,no,no,False
101959220,METROPOLITAN NASHVILLE POLICE DEPT,20180283780,Davidson,Nashville,3/29/2018 6:50:00 AM,2,0,0,36.145980,-86.753910,MURFREESBORO PKE,,,,0.00,,,EXPRESSWAY PARK DR,,,,0.00,Y,Four-Way,N,Intersection-Related,None,,,         ,Tien,Nguyen,Rain,Front to Rear,no,no,no,no,no,False
101959223,METROPOLITAN NASHVILLE POLICE DEPT,20180283824,Davidson,Nashville,3/29/2018 7:15:00 AM,2,0,0,36.188880,-86.823090,CLARKSVILLE PKE,,,,0.00,,,ROSA L PARKS BLVD,,,,0.00,Y,Y-Intersection, ,Intersection-Related,None,,,         ,Isaac,Wood,Cloudy,"Sideswipe, Same Direction",no,no,no,no,no,False
101959228,METROPOLITAN NASHVILLE POLICE DEPT,20180284002,Davidson,Nashville,3/29/2018 8:26:00 AM,1,0,0,36.101290,-86.765200,I65 S EXT RAMP,,,,0.00,Feet,East,I 65,,,,0.00,N,Not at Intersection,N,Non-Junction,None,,,         ,Nathan,Kemp,Rain,Not Collision with Motor Vehicle in Transport,no,no,no,no,no,False
101959229,METROPOLITAN NASHVILLE POLICE DEPT,20180283829,Davidson,Not in City Limit,3/29/2018 7:22:00 AM,2,0,0,36.017470,-87.030940,HIGHWAY 96,,,,0.00,,,HIGHWAY 100,,,,0.00,Y,T-Intersection,N,Intersection,None,,,         ,Curtis,Rich,Rain,Angle,no,no,no,no,no,False
101959230,METROPOLITAN NASHVILLE POLICE DEPT,20180283863,Davidson,Nashville,3/29/2018 7:34:00 AM,3,0,0,36.159210,-86.623880,I 40,,,,0.00,,,,,,,219.35,N,Not at Intersection,N,Non-Junction,None,,,         ,Michael,Dance,Rain,Front to Rear,no,no,no,no,yes,False
101959238,METROPOLITAN NASHVILLE POLICE DEPT,20180280749,Davidson,Nashville,3/28/2018 7:40:00 AM,2,1,0,36.071150,-86.635380,MURFREESBORO PKE,,,,352.00,Feet,South,BELL RD,,,,0.00,N,Not at Intersection,N,Non-Junction,None,,,         ,Nicholas,Carter,Rain,Front to Rear,no,no,no,no,no,False
101959239,METROPOLITAN NASHVILLE POLICE DEPT,20180283919,Davidson,Nashville,3/29/2018 8:01:00 AM,2,0,0,36.157160,-86.617760,BELL RD,,,,172.00,Feet,East,STONES RIVER GRNWY,,,,0.00,N,Not at Intersection, ,Non-Junction,None,,,         ,Michael,Dance,Rain,Front to Rear,no,no,no,no,no,False
101959241,METROPOLITAN NASHVILLE POLICE DEPT,20180283945,Davidson,Nashville,3/29/2018 8:01:00 AM,3,0,0,36.203390,-86.776840,I 65,,,,0.00,,,,,,,87.10,N,Not at Intersection, ,Entrance/Exit Ramp Related,None,,,         ,Ronald,Bright,Rain,Front to Rear,no,no,no,no,no,False
101959250,METROPOLITAN NASHVILLE POLICE DEPT,20180283887,Davidson,Nashville,3/29/2018 7:00:00 AM,2,0,0,36.079650,-86.655080,UNA ANTIOCH PKE,,,,0.00,,,COTTAGE HILL DR,,,,0.00,Y,T-Intersection,N,Intersection,None,,,         ,Charles,Coe,Rain,"Sideswipe, Same Direction",no,no,no,no,no,False
101959260,METROPOLITAN NASHVILLE POLICE DEPT,20180283916,Davidson,Nashville,3/29/2018 7:57:00 AM,2,0,0,36.172990,-86.764960,MAIN ST,,,,123.00,Feet,East,SPRING ST,,,,0.00,N,Not at Intersection, ,Non-Junction,None,,,         ,Russell,Freeman,Rain,"Sideswipe, Same Direction",no,no,no,no,no,False
101959266,METROPOLITAN NASHVILLE POLICE DEPT,20180284031,Davidson,Nashville,3/29/2018 8:40:00 AM,2,0,0,36.113560,-86.772510,I 65,,,,0.00,,,,,,,80.00,N,Not at Intersection, ,Non-Junction,None,,,         ,Jon,Mcvey,Rain,Front to Rear,no,no,no,no,no,False
101959271,METROPOLITAN NASHVILLE POLICE DEPT,20180283962,Davidson,Nashville,3/29/2018 8:10:00 AM,2,0,0,36.045370,-86.779430,I 65,,,,0.00,,,,,,,75.10,N,Not at Intersection,N,Non-Junction,None,,,         ,Michael,McCord,Rain,Front to Rear,no,no,no,no,no,False
101959273,METROPOLITAN NASHVILLE POLICE DEPT,20180284051,Davidson,Nashville,3/29/2018 8:15:00 AM,2,0,0,36.196350,-86.776120,I 65,,,,0.00,,,,,,,86.60,N,Not at Intersection, ,Non-Junction,None,,,         ,Royce,McLester,Rain,Front to Rear,no,no,no,no,no,False
101959280,METROPOLITAN NASHVILLE POLICE DEPT,20180283882,Davidson,Nashville,3/29/2018 7:38:00 AM,2,0,0,36.104050,-86.922020,OLD HICKORY BLVD,,,,673.00,Feet,South,BELLE VALLEY DR,,,,0.00,N,Not at Intersection,N,Non-Junction,None,,,         ,Terrence,Bradley,Cloudy,Angle,no,no,no,no,no,False
101959289,METROPOLITAN NASHVILLE POLICE DEPT,20180284090,Davidson,Goodlettsville,3/29/2018 9:10:00 AM,1,0,0,36.320930,-86.703410,I 65,,,,0.00,,,,,,,96.80,N,Not at Intersection, ,Non-Junction,None,,,         ,Brian,Otto,Sleet/Hail,Not Collision with Motor Vehicle in Transport,no,no,no,no,no,False
101959290,METROPOLITAN NASHVILLE POLICE DEPT,20180283977,Davidson,Nashville,3/29/2018 8:18:00 AM,2,1,0,36.233320,-86.767920,I 65,,,,0.00,,,,,,,89.30,N,Not at Intersection,N,Non-Junction,None,,,         ,Russell,Freeman,Rain,Angle,no,no,no,no,no,False
101959294,METROPOLITAN NASHVILLE POLICE DEPT,20180284122,Davidson,Nashville,3/29/2018 9:00:00 AM,2,0,0,36.101360,-86.712550,I 24,,,,0.00,,,,,,,54.50,N,Not at Intersection, ,Non-Junction,None,,,         ,Charles,Coe,Rain,"Sideswipe, Same Direction",no,no,no,no,no,False
101959298,METROPOLITAN NASHVILLE POLICE DEPT,20180283883,Davidson,Nashville,3/29/2018 7:45:00 AM,2,0,0,36.161340,-86.793180,I 40,,,,0.00,,,,,,,208.70,N,Not at Intersection,N,Non-Junction,None,,,         ,Frank,Campbell,Rain,Angle,no,no,no,no,yes,False
101959316,METROPOLITAN NASHVILLE POLICE DEPT,20180283836,Davidson,Nashville,3/29/2018 7:13:00 AM,2,0,0,36.047300,-86.862740,OLD HICKORY BLVD,,,,0.00,Feet,East,HILLSBORO PKE,,,,0.00,N,Not at Intersection, ,Non-Junction,None,,,         ,Justan,Vance,Rain,Front to Rear,no,no,no,no,no,False
101959318,METROPOLITAN NASHVILLE POLICE DEPT,20180284133,Davidson,Nashville,3/29/2018 9:30:00 AM,2,0,0,36.168160,-86.690160,LEBANON PKE,,,,0.00,,,BRILEY PKWY S EXT RAMP,,,,0.00,Y,T-Intersection, ,Intersection,None,,,         ,Lee,Davis,Rain,Angle,no,no,no,no,no,False
101959341,METROPOLITAN NASHVILLE POLICE DEPT,20180284144,Davidson,Nashville,3/29/2018 9:45:00 AM,3,2,0,36.157500,-86.617330,BELL RD,,,,2451.00,Feet,South,DODSON CHAPEL RD,,,,0.00,N,Not at Intersection,N,Non-Junction,None,,,         ,Thomas,Odom,Rain,Front to Rear,no,no,no,no,no,False
101959344,METROPOLITAN NASHVILLE POLICE DEPT,20180284250,Davidson,Nashville,3/29/2018 10:31:00 AM,3,0,0,36.181220,-86.774530,I 24,,,,0.00,,,,,,,47.60,N,Not at Intersection,N,Non-Junction,None,,,         ,Russell,Freeman,Rain,Front to Rear,no,no,no,no,no,False
101959346,METROPOLITAN NASHVILLE POLICE DEPT,20180284247,Davidson,Nashville,3/29/2018 10:31:00 AM,2,1,0,36.142320,-86.776980,I 65,,,,0.00,,,,,,,82.00,N,Not at Intersection,N,Non-Junction,None,,,         ,Nathan,Smith,Rain,Front to Rear,no,no,no,no,no,False
101959350,METROPOLITAN NASHVILLE POLICE DEPT,20180283777,Davidson,Nashville,3/29/2018 6:36:00 AM,2,0,0,36.040870,-86.651030,I 24,,,,0.00,,,,,,,59.95,N,Not at Intersection,N,Non-Junction,None,,,         ,Jessie,Meadows,Rain,"Sideswipe, Same Direction",no,no,no,no,yes,False
101959351,METROPOLITAN NASHVILLE POLICE DEPT,20180283788,Davidson,Nashville,3/29/2018 6:54:00 AM,2,0,0,36.077730,-86.694810,I 24,,,,0.00,,,,,,,56.40,N,Not at Intersection,N,Non-Junction,None,,,         ,Jessie,Meadows,Rain,Angle,no,no,no,no,no,False
101959352,METROPOLITAN NASHVILLE POLICE DEPT,20180284074,Davidson,Nashville,3/29/2018 7:37:00 AM,1,1,0,36.032570,-86.655450,CANE RIDGE RD,,,,1270.00,Feet,South,OLD FRANKLIN RD,,,,0.00,N,Not at Intersection,N,Non-Junction,None,,,         ,Jessie,Meadows,Rain,Not Collision with Motor Vehicle in Transport,no,no,no,no,no,False
101959353,METROPOLITAN NASHVILLE POLICE DEPT,20180284074,Davidson,Nashville,3/29/2018 7:25:00 AM,2,0,0,36.086720,-86.648810,UNA ANTIOCH PKE,,,,81.00,Feet,South,NASHBORO BLVD,,,,0.00,N,Not at Intersection,N,Non-Junction,None,,,         ,Jessie,Meadows,Rain,Angle,no,no,no,no,yes,False
101959356,METROPOLITAN NASHVILLE POLICE DEPT,20180284238,Davidson,Nashville,3/28/2018 3:00:00 AM,1,0,0,36.109740,-86.817300,CRESTMOOR RD,,,,127.00,Feet,East,CLEGHORN AV,,,,0.00,N,Not at Intersection,N,Non-Junction,None,,,         ,Paul,Junkmann,Unknown,Not Collision with Motor Vehicle in Transport,no,no,no,yes,yes,False
101959357,METROPOLITAN NASHVILLE POLICE DEPT,20180284226,Davidson,Nashville,3/29/2018 10:33:00 AM,2,0,0,36.130320,-86.905220,CHARLOTTE PKE PVTDR,,,,168.00,Feet,West,BROOKMEADE GRNWY ACCESS RD,,,,0.00,N,Not at Intersection, ,Non-Junction,None,,,         ,Curtis,Rich,Rain,Angle,no,no,no,yes,yes,False
101959399,VANDERBILT UNIVERSITY POLICE,20180284008,Davidson,Nashville,3/29/2018 12:00:00 AM,2,0,0,36.139170,-86.803640,CHILDRENS WAY,,,,0.00,,,,,,,0.00,,,N,Non-Junction,None,,,         ,Anthony,Daniels,Clear,Rear to Rear,no,no,no,yes,yes,Campus
101959402,METROPOLITAN NASHVILLE POLICE DEPT,20180284164,Davidson,Antioch,3/29/2018 9:56:00 AM,2,0,0,36.043380,-86.607030,MURFREESBORO PKE,,,,238.00,Feet,North,HOBSON PKE,,,,0.00,N,Not at Intersection, ,Non-Junction,None,,,         ,Jessie,Meadows,Rain,"Sideswipe, Same Direction",no,no,no,no,no,False
101959403,METROPOLITAN NASHVILLE POLICE DEPT,20180284293,Davidson,Nashville,3/29/2018 11:20:00 AM,2,0,0,36.086610,-86.691580,ANTIOCH PKE,,,,350.00,Feet,South,HARDING PL,,,,0.00,N,Not at Intersection, ,Non-Junction,None,,,         ,Jessie,Meadows,Rain,Angle,no,no,no,no,no,False
101959426,METROPOLITAN NASHVILLE POLICE DEPT,20180284180,Davidson,Nashville,3/29/2018 10:00:00 AM,2,0,0,36.142120,-86.775780,CHESTNUT ST,,,,0.00,,,FORT NEGLEY BLVD,,,,0.00,Y,Four-Way, ,Intersection,None,,,         ,Jon,Mcvey,Rain,Angle,no,no,no,no,no,False
101959427,METROPOLITAN NASHVILLE POLICE DEPT,20180284310,Davidson,Nashville,3/29/2018 10:45:00 AM,2,0,0,36.153920,-86.787760,DEMONBREUN ST,,,,0.00,,,I40 W EXT RAMP,,,,0.00,Y,Four-Way, ,Intersection,None,,,         ,Jon,Mcvey,Rain,Angle,no,no,no,no,no,False
101959428,METROPOLITAN NASHVILLE POLICE DEPT,20180284298,Davidson,Nashville,3/29/2018 12:00:00 AM,2,0,0,36.163270,-86.774960,DOWNTOWN GRNWY,,,,416.00,Feet,North,1ST AVS,,,,0.00,N,Not at Intersection, ,,None,,,         ,Frank,Campbell,,,no,no,no,no,no,False
101959429,VANDERBILT UNIVERSITY POLICE,2018-0284260,Davidson,Nashville,3/29/2018 9:30:00 AM,2,0,0,36.137570,-86.800760,WEDGEWOOD AV,,,,0.00,,,21ST AVS,,,,0.00,Y,Four-Way, ,Non-Junction,None,,,         ,Charles,Payton,Rain,"Sideswipe, Same Direction",no,no,no,no,no,Campus
101959432,METROPOLITAN NASHVILLE POLICE DEPT,20180284342,Davidson,Nashville,3/29/2018 11:25:00 AM,1,0,0,36.241030,-86.750100,I65 S EXT RAMP,,,,0.00,,,I 65,,,,0.00,Y,OTHER,N,Non-Junction,None,,,         ,Samuel,Kersten,Rain,Not Collision with Motor Vehicle in Transport,no,no,no,no,no,False
101959435,METROPOLITAN NASHVILLE POLICE DEPT,20180284057,Davidson,Nashville,3/29/2018 8:48:00 AM,2,0,0,36.082580,-86.698000,I 24,,,,0.00,,,,,,,56.00,N,Not at Intersection, ,Non-Junction,None,,,         ,Todd,Watson,Rain,Front to Rear,no,no,no,no,no,False
101959438,METROPOLITAN NASHVILLE POLICE DEPT,20180284191,Davidson,Nashville,3/29/2018 10:04:00 AM,2,0,0,36.125380,-86.742390,FOSTER AV,,,,0.00,,,GLENROSE AV,,,,0.00,Y,Four-Way, ,Intersection,None,,,         ,Todd,Watson,Rain,"Sideswipe, Same Direction",no,no,no,no,no,False
101959439,METROPOLITAN NASHVILLE POLICE DEPT,20180283814,Davidson,Nashville,3/28/2018 11:00:00 PM,2,0,0,36.174530,-86.646980,LEBANON PKE,,,,0.00,,,SPRING PLACE DR,,,,0.00,Y,T-Intersection, ,Non-Junction,None,,,         ,William,Mckay,Clear,"Sideswipe, Opposite Direction",no,no,no,no,yes,False
101959449,METROPOLITAN NASHVILLE POLICE DEPT,20180284428,Davidson,Nashville,3/29/2018 12:18:00 PM,2,1,0,36.075410,-86.918100,HIGHWAY 70S,,,,198.00,Feet,East,BELLEVUE VALLEY PLAZA PVTDR,,,,0.00,N,Not at Intersection, ,Non-Junction,None,,,         ,Curtis,Rich,Rain,Angle,no,no,no,no,no,False
101959453,METROPOLITAN NASHVILLE POLICE DEPT,20180284445,Davidson,Nashville,3/29/2018 12:10:00 PM,2,2,0,36.040270,-86.782620,I 65,,,,0.00,,,,,,,74.70,N,Not at Intersection,N,OtherLocation,None,,,         ,Earl,Davis,Rain,Not Collision with Motor Vehicle in Transport,no,no,no,no,no,False
101959463,METROPOLITAN NASHVILLE POLICE DEPT,20180284514,Davidson,Nashville,3/29/2018 12:45:00 PM,2,0,0,36.134920,-86.776150,I65 S EXT RAMP,,,,0.00,Feet,East,I 65,,,,0.00,N,Not at Intersection, ,Non-Junction,None,,,         ,Nathan,Kemp,Rain,Front to Rear,no,no,no,no,no,False
101959473,METROPOLITAN NASHVILLE POLICE DEPT,20180284264,Davidson,Nashville,3/29/2018 10:32:00 AM,2,2,0,36.053990,-86.667430,HICKORY HOLLOW PKWY,,,,1970.00,Feet,South,MT VIEW RD,,,,0.00,N,Not at Intersection,N,Non-Junction,None,,,         ,Joshua,McGarvey,Rain,"Sideswipe, Opposite Direction",no,no,no,no,no,False
101959483,METROPOLITAN NASHVILLE POLICE DEPT,20180284007,Davidson,Nashville,3/29/2018 8:30:00 AM,2,0,0,36.079820,-86.655310,COTTAGE HILL DR,,,,94.00,Feet,West,UNA ANTIOCH PKE,,,,0.00,N,Not at Intersection, ,,None,,,         ,Kevin,Coleman,,,no,no,no,no,no,False
101959496,METROPOLITAN NASHVILLE POLICE DEPT,20180284516,Davidson,Nashville,3/29/2018 12:45:00 PM,2,0,0,36.046670,-86.777620,I 65,,,,0.00,,,,,,,75.20,N,Not at Intersection, ,Non-Junction,None,,,         ,Ryan,Sherry,Rain,Front to Rear,no,no,no,no,no,False
101959497,METROPOLITAN NASHVILLE POLICE DEPT,20180284478,Davidson,Nashville,3/29/2018 12:25:00 PM,2,0,0,36.142620,-86.671390,CLARIDGE DR,,,,458.00,Feet,East,LOCKWOOD DR,,,,0.00,N,Not at Intersection, ,Non-Junction,None,,,         ,Kelsey,Hemminger,Rain,Rear to Side,no,no,no,no,no,False
101959518,METROPOLITAN NASHVILLE POLICE DEPT,20180284494,Davidson,Nashville,3/29/2018 12:43:00 PM,2,1,0,36.164350,-86.793870,I 40,,,,0.00,,,,,,,208.45,N,Not at Intersection,N,Non-Junction,None,,,         ,Tony,Folad,Rain,Front to Rear,no,no,no,no,no,False
101959529,METROPOLITAN NASHVILLE POLICE DEPT,20180284536,Davidson,Nashville,3/29/2018 12:59:00 PM,2,0,0,36.138950,-86.726770,I24 W ENT RAMP,,,,0.00,Feet,East,I 40,,,,0.00,N,Not at Intersection, ,,None,,,         ,Blake,McKay,,,no,no,no,no,no,False
101959559,METROPOLITAN NASHVILLE POLICE DEPT,20180284623,Davidson,Nashville,3/29/2018 1:10:00 PM,2,1,0,36.174400,-86.774190,OLDHAM ST,,,,0.00,,,N 1ST ST,,,,0.00,Y,Four-Way,N,Non-Junction,None,,,         ,Catherine,Poole,Rain,HeadOn,no,no,no,no,no,False
101959575,METROPOLITAN NASHVILLE POLICE DEPT,20180284572,Davidson,Nashville,3/29/2018 1:21:00 PM,2,2,0,36.101050,-86.733620,ANTIOCH PKE,,,,0.00,,,KINROSS AV,,,,0.00,Y,T-Intersection,Y,Intersection,None,,,         ,Stephen,Soule,Rain,Front to Rear,no,no,no,no,no,False
101959582,GOODLETTSVILLE POLICE DEPT,18-11402,Davidson,Goodlettsville,3/29/2018 2:00:00 PM,2,0,0,36.323100,-86.707580,LONG HOLLOW PKE,,,,0.00,,,CARTWRIGHT ST,,,,0.00,Y,Four-Way, ,Intersection-Related,None,,,         ,George,Forbes,Cloudy,Front to Rear,no,no,no,no,no,False
101959587,METROPOLITAN NASHVILLE POLICE DEPT,20180278822,Davidson,Nashville,3/27/2018 6:35:00 PM,2,0,0,36.170770,-86.785100,5TH AVN,,,,250.00,Feet,North,HARRISON ST,,,,0.00,N,Not at Intersection, ,Non-Junction,None,,,         ,Wesley,Henderson,Cloudy,Angle,no,no,no,no,no,False
101959588,METROPOLITAN NASHVILLE POLICE DEPT,20180284638,Davidson,Nashville,3/29/2018 1:53:00 PM,2,0,0,36.173790,-86.791710,ROSA L PARKS BLVD,,,,0.00,,,MADISON ST,,,,0.00,Y,Four-Way,N,Intersection,None,,,         ,Christopher,Butner,Rain,Angle,no,no,no,no,no,False
101959605,METROPOLITAN NASHVILLE POLICE DEPT,20180284511,Davidson,Nashville,3/29/2018 12:11:00 PM,2,1,0,36.158880,-86.792400,14TH AVN,,,,24.00,Feet,South,I40 E EXT RAMP,,,,0.00,N,Not at Intersection,N,Non-Junction,None,,,         ,Jon,Mcvey,Rain,Front to Rear,no,no,no,no,yes,False
101959606,METROPOLITAN NASHVILLE POLICE DEPT,20180284571,Davidson,Nashville,3/29/2018 1:17:00 PM,2,0,0,36.155410,-86.811500,CHARLOTTE AV,,,,171.00,Feet,East,25TH AVN,,,,0.00,N,Not at Intersection, ,Non-Junction,None,,,         ,Jon,Mcvey,Rain,Front to Rear,no,no,no,no,no,False
101959607,METROPOLITAN NASHVILLE POLICE DEPT,20180284647,Davidson,Nashville,3/29/2018 1:58:00 PM,1,0,0,36.064870,-86.771370,I 65,,,,0.00,,,,,,,76.60,N,Not at Intersection,N,Non-Junction,None,,,         ,Jon,Mcvey,Rain,Not Collision with Motor Vehicle in Transport,no,no,no,no,no,False
101959615,METROPOLITAN NASHVILLE POLICE DEPT,20180284476,Davidson,Nashville,3/29/2018 12:36:00 PM,2,0,0,36.176880,-86.776180,SPRING ST,,,,0.00,,,COWAN ST,,,,0.00,Y,Four-Way, ,Intersection,None,,,         ,Frank,Campbell,Rain,Angle,no,no,no,no,no,False
101959617,METROPOLITAN NASHVILLE POLICE DEPT,20180281006,Davidson,Nashville,3/28/2018 9:21:00 AM,3,2,0,36.195820,-86.776120,I 65,,,,0.00,,,,,,,86.60,N,Not at Intersection, ,Non-Junction,None,,,         ,William,Vincion,Rain,Front to Rear,no,no,no,no,no,False
101959618,METROPOLITAN NASHVILLE POLICE DEPT,20180284709,Davidson,Nashville,3/29/2018 2:17:00 PM,2,0,0,36.143430,-86.702970,I 40,,,,0.00,,,,,,,214.55,N,Not at Intersection,N,Non-Junction,None,,,         ,Thomas,Odom,Rain,Front to Rear,no,no,no,no,no,False
101959633,METROPOLITAN NASHVILLE POLICE DEPT,20180284827,Davidson,Nashville,3/29/2018 3:10:00 PM,2,0,0,36.096820,-86.708830,I 24,,,,0.00,,,,,,,54.80,N,Not at Intersection, ,,None,,,         ,Eric,Keller,,,no,no,no,no,no,False
101959636,METROPOLITAN NASHVILLE POLICE DEPT,20180284785,Davidson,Nashville,3/29/2018 2:59:00 PM,1,0,0,36.153950,-86.822910,I 440,,,,0.00,,,,,,,0.70,N,Not at Intersection, ,Entrance/Exit Ramp Related,None,,,         ,Ryan,Allen,Cloudy,Not Collision with Motor Vehicle in Transport,no,no,no,no,no,False
101959637,METROPOLITAN NASHVILLE POLICE DEPT,20180284748,Davidson,Nashville,3/29/2018 2:56:00 PM,2,1,0,36.126500,-86.814800,I 440,,,,0.00,,,,,,,2.30,N,Not at Intersection, ,Non-Junction,None,,,         ,Ryan,Allen,Cloudy,Front to Rear,no,no,no,no,no,False