master_record_number,agency,agency_tracking_number,county,city,collision_date,vehicles_involved,number_injured,number_dead,latitude,longitude,roadway_name,roadway_suffix,roadway_number,roadway_local_id,distance_from_reference,miles-feet_indicator,direction_from_reference,intersection_road_name,intersection_road_name_suffix,intersection_road_number,intersection_local_id,mile_marker,intersection_indicator,intersect_type,interchange_related_indicator,relation_to_junction,work_zone_type,construction_maintenance_zone,construction_maintenance_zone_location,fatal_case_number,officer_first_name,officer_last_name,weather_condition(s),manner_of_crash,pedestrian,bicycle,scooter,parking,hitrun,mou
101959639,METROPOLITAN NASHVILLE POLICE DEPT,20180284486,Davidson,Nashville,3/29/2018 11:15:00 AM,3,0,0,36.046120,-86.657800,BELL RD,,,,53.00,Feet,East,COLLINS PARK DR,,,,0.00,N,Not at Intersection,N,Non-Junction,None,,,         ,Jessie,Meadows,Rain,Front to Rear,no,no,no,no,no,False
101959640,METROPOLITAN NASHVILLE POLICE DEPT,20180284682,Davidson,Nashville,3/29/2018 2:20:00 PM,3,2,0,36.047740,-86.656210,HICKORY HOLLOW PKWY,,,,107.00,Feet,West,BELL RD,,,,0.00,N,Not at Intersection,N,Non-Junction,None,,,         ,Jessie,Meadows,Rain,Angle,no,no,no,no,no,False
101959654,METROPOLITAN NASHVILLE POLICE DEPT,20180284857,Davidson,Nashville,3/29/2018 3:26:00 PM,2,0,0,36.154990,-86.627130,I40 E EXT RAMP,,,,0.00,,,I 40,,,,0.00,Y,OTHER, ,Intersection-Related,None,,,         ,Kimberly,Annson,Rain,Front to Rear,no,no,no,no,no,False
101959656,METROPOLITAN NASHVILLE POLICE DEPT,20180284658,Davidson,Not in City Limit,3/29/2018 2:05:00 PM,2,0,0,36.263210,-86.757280,WESTCHESTER DR,,,,0.00,,,DICKERSON PKE,,,,0.00,Y,Four-Way,N,Intersection,None,,,         ,Samuel,Kersten,Rain,Front to Rear,no,no,no,no,no,False
101959657,METROPOLITAN NASHVILLE POLICE DEPT,20180284792,Davidson,Nashville,3/29/2018 2:37:00 PM,2,0,0,36.176710,-86.772660,I 24,,,,0.00,,,,,,,47.90,N,Not at Intersection, ,Non-Junction,None,,,         ,Anthony,Cucci,Rain,"Sideswipe, Same Direction",no,no,no,no,yes,False
101959658,METROPOLITAN NASHVILLE POLICE DEPT,20180284847,Davidson,Nashville,3/29/2018 3:34:00 PM,2,0,0,36.207390,-86.735760,GALLATIN PKE,,,,178.00,Feet,North,MAYNOR AV,,,,0.00,N,Not at Intersection, ,Non-Junction,None,,,         ,Barrett,Teague,Cloudy,Angle,no,no,no,no,no,False
101959659,METROPOLITAN NASHVILLE POLICE DEPT,20180284784,Davidson,Nashville,3/29/2018 2:55:00 PM,1,1,0,36.096370,-86.643680,SMITH SPRINGS RD,,,,800.00,Feet,West,UNA RECREATION RD,,,,0.00,N,Not at Intersection,N,Non-Junction,None,,,         ,Cheri,Cox,Rain,Not Collision with Motor Vehicle in Transport,no,no,no,no,no,False
101959660,METROPOLITAN NASHVILLE POLICE DEPT,20180284749,Davidson,Nashville,3/29/2018 2:45:00 PM,2,0,0,36.179650,-86.800520,I 65,,,,0.00,,,,,,,85.00,N,Not at Intersection,N,Non-Junction,None,,,         ,Shannon,Forsyth,Cloudy,"Sideswipe, Same Direction",no,no,no,no,yes,False
101959674,METROPOLITAN NASHVILLE POLICE DEPT,20180284895,Davidson,Nashville,3/29/2018 3:44:00 PM,2,0,0,36.175010,-86.784680,3RD AVN,,,,0.00,,,JEFFERSON ST,,,,0.00,Y,Four-Way, ,,None,,,         ,Robert,Schohn,,,no,no,no,no,no,False
101959685,METROPOLITAN NASHVILLE POLICE DEPT,20180284986,Davidson,Nashville,3/29/2018 4:25:00 PM,2,1,0,36.145550,-86.765230,CHESTNUT ST,,,,146.00,Feet,East,3RD AVS,,,,0.00,N,Not at Intersection,N,Non-Junction,None,,,         ,Eric,Keller,Clear,Front to Rear,no,no,no,no,no,False
101959702,METROPOLITAN NASHVILLE POLICE DEPT,20180284885,Davidson,Nashville,3/29/2018 3:50:00 PM,2,0,0,36.230940,-86.624640,OLD HICKORY BLVD,,,,491.00,Feet,South,SHUTE LN,,,,0.00,N,Not at Intersection, ,,None,,,         ,Brady,Reynolds,,,no,no,no,no,no,False
101959704,METROPOLITAN NASHVILLE POLICE DEPT,20180284862,Davidson,Nashville,3/29/2018 3:31:00 PM,2,1,0,36.128990,-86.795230,BELMONT BLVD,,,,0.00,Feet,,ASHWOOD AV,,,,0.00,Y,T-Intersection,Y,Intersection-Related,None,,,         ,Austin,Kendrick,Cloudy,Angle,no,no,no,no,no,False
101959713,METROPOLITAN NASHVILLE POLICE DEPT,20180284921,Davidson,Nashville,3/29/2018 3:44:00 PM,2,0,0,36.164920,-86.778180,3RD AVN,,,,0.00,,,BANKERS ALY,,,,0.00,Y,T-Intersection, ,"Driveway, Alley Access, etc",None,,,         ,Michael,Douglas,Cloudy,Angle,no,no,no,no,no,False
101959714,METROPOLITAN NASHVILLE POLICE DEPT,20180285117,Davidson,Nashville,3/29/2018 4:40:00 PM,2,0,0,36.124950,-86.734320,I 440,,,,0.00,,,,,,,7.15,N,Not at Intersection, ,Non-Junction,None,,,         ,Eric,Keller,Clear,Front to Rear,no,no,no,no,no,False
101959719,METROPOLITAN NASHVILLE POLICE DEPT,20180284723,Davidson,Nashville,3/29/2018 2:38:00 PM,2,0,0,36.155040,-86.797520,18TH AVN,,,,0.00,,,CHURCH ST,,,,0.00,Y,Four-Way, ,Intersection-Related,None,,,         ,Jacob,Paul,Rain,Angle,no,no,no,no,no,False
101959722,METROPOLITAN NASHVILLE POLICE DEPT,20180284914,Davidson,Nashville,3/29/2018 4:00:00 PM,2,2,0,36.057620,-86.693390,KEELEY DR,,,,0.00,,,BART DR,,,,0.00,Y,Four-Way,N,Intersection,None,,,         ,Madison,Meiss,Clear,Angle,no,no,no,no,no,False
101959723,METROPOLITAN NASHVILLE POLICE DEPT,20180284456,Davidson,Nashville,3/29/2018 11:32:00 AM,2,0,0,36.070290,-86.684540,HAYWOOD LN,,,,0.00,,,ANTIOCH PKE,,,,0.00,Y,T-Intersection,N,Intersection-Related,None,,,         ,Alex,Moore,Cloudy,Front to Rear,no,no,no,no,no,False
101959724,METROPOLITAN NASHVILLE POLICE DEPT,20180284985,Davidson,Nashville,3/29/2018 4:37:00 PM,2,0,0,36.168590,-86.796740,I 40,,,,0.00,,,,,,,208.15,N,Not at Intersection, ,Non-Junction,None,,,         ,Christopher,Dickerson,Clear,Front to Rear,no,no,no,no,no,False
101959735,METROPOLITAN NASHVILLE POLICE DEPT,20180285006,Davidson,Nashville,3/29/2018 12:00:00 AM,2,0,0,36.163010,-86.804680,19TH AVN,,,,62.00,Feet,South,HERMAN ST,,,,0.00,N,Not at Intersection, ,Non-Junction,None,,,         ,Melvin,Taylor,Clear,Front to Rear,no,no,no,no,yes,False
101959750,METROPOLITAN NASHVILLE POLICE DEPT,20180285124,Davidson,Nashville,3/29/2018 5:26:00 PM,3,1,0,36.044790,-86.661820,BELL RD,,,,86.00,Feet,West,CANE RIDGE RD,,,,0.00,N,Not at Intersection,N,Non-Junction,None,,,         ,Abigail,Malone,Clear,Angle,no,no,no,no,yes,False
101959771,METROPOLITAN NASHVILLE POLICE DEPT,20180284900,Davidson,Nashville,3/29/2018 3:20:00 PM,2,0,0,36.085440,-86.763680,I65 S EXT RAMP,,,,0.00,Feet,East,I 65,,,,0.00,N,Not at Intersection, ,Non-Junction,None,,,         ,Jacob,Paul,,Front to Rear,no,no,no,no,no,False
101959786,METROPOLITAN NASHVILLE POLICE DEPT,20180280642,Davidson,Nashville,3/28/2018 6:39:00 AM,1,2,0,36.186760,-86.593580,TULIP GROVE RD,,,,298.00,Feet,South,STROMBURY DR,,,,0.00,N,Not at Intersection,N,Non-Junction,None,,,         ,James,Curtis,Cloudy,Not Collision with Motor Vehicle in Transport,no,no,no,no,no,False
101959787,METROPOLITAN NASHVILLE POLICE DEPT,20180280901,Davidson,Nashville,3/28/2018 12:00:00 AM,2,0,0,36.199140,-86.627880,BONNALYNN DR,,,,374.00,Feet,South,BONNAVISTA DR,,,,0.00,N,Not at Intersection, ,Non-Junction,None,,,         ,James,Curtis,Unknown,Unknown,no,no,no,no,yes,False
101959789,METROPOLITAN NASHVILLE POLICE DEPT,20180285241,Davidson,Nashville,3/29/2018 5:10:00 PM,2,0,0,36.147980,-86.859590,LENOX AV,,,,30.00,Feet,East,OCEOLA AV,,,,0.00,N,Not at Intersection,N,Non-Junction,None,,,         ,Ryan,Coll,Clear,Angle,no,no,no,no,yes,False
101959801,METROPOLITAN NASHVILLE POLICE DEPT,20180285153,Davidson,Not in City Limit,3/29/2018 5:25:00 PM,2,0,0,36.272120,-86.689560,ANDERSON LN,,,,0.00,Feet,,MYATT DR,,,,0.00,Y,Four-Way,N,Intersection,None,,,         ,DuJuan,Kendrick,Clear,HeadOn,no,no,no,no,yes,False
101959807,METROPOLITAN NASHVILLE POLICE DEPT,20180285369,Davidson,Nashville,3/29/2018 6:28:00 PM,2,0,0,36.149800,-86.772420,I 40,,,,0.00,,,,,,,210.30,N,Not at Intersection, ,Non-Junction,None,,,         ,Douglas,Sykes,Clear,Front to Rear,no,no,no,no,no,False
101959814,METROPOLITAN NASHVILLE POLICE DEPT,20180285231,Davidson,Nashville,3/29/2018 5:42:00 PM,2,0,0,36.040880,-86.632870,OLD FRANKLIN RD,,,,0.00,,,,,,,0.00,,,N,Non-Junction,None,,,         ,Andrew,Brazee,Cloudy,Front to Rear,no,no,no,no,no,False
101959829,METROPOLITAN NASHVILLE POLICE DEPT,20180285450,Davidson,Nashville,3/29/2018 7:35:00 PM,2,0,0,36.073830,-86.692410,I 24,,,,0.00,,,,,,,56.65,N,Not at Intersection, ,Non-Junction,None,,,         ,Eric,Keller,Clear,Front to Rear,no,no,no,no,yes,False
101959832,METROPOLITAN NASHVILLE POLICE DEPT,20180285059,Davidson,Nashville,3/29/2018 5:04:00 PM,2,1,0,36.126120,-86.846050,HARDING PKE,,,,170.00,Feet,East,KENNER AV,,,,0.00,N,Not at Intersection,N,"Driveway, Alley Access, etc",None,,,         ,Ryan,Allen,Cloudy,Angle,no,no,no,no,no,False
101959833,METROPOLITAN NASHVILLE POLICE DEPT,20180285212,Davidson,Not in City Limit,3/29/2018 6:09:00 PM,1,1,0,36.077150,-87.028660,I 40,,,,0.00,,,,,,,192.05,N,Not at Intersection,N,Non-Junction,None,,,         ,Ryan,Allen,Clear,Not Collision with Motor Vehicle in Transport,no,no,no,no,no,False
101959834,METROPOLITAN NASHVILLE POLICE DEPT,20180285194,Davidson,Nashville,3/29/2018 5:21:00 PM,2,0,0,36.130980,-86.897880,CHARLOTTE PKE,,,,313.00,Feet,West,I40 E EXT RAMP,,,,0.00,N,Not at Intersection, ,Non-Junction,None,,,         ,Ryan,Allen,Clear,Front to Rear,no,no,no,no,no,False
101959851,METROPOLITAN NASHVILLE POLICE DEPT,20180285127,Davidson,Nashville,3/29/2018 5:31:00 PM,2,1,0,36.129300,-86.904350,CHARLOTTE PKE,,,,0.00,,,CHARLOTTE PKE PVTDR,,,,0.00,Y,T-Intersection,N,Intersection,None,,,         ,Timothy,Morgan,Cloudy,Angle,no,no,no,no,no,False
101959883,METROPOLITAN NASHVILLE POLICE DEPT,20180285436,Davidson,Nashville,3/29/2018 12:00:00 AM,2,0,0,36.153360,-86.788870,DEMONBREUN ST,,,,155.00,Feet,West,14TH AVS,,,,0.00,N,Not at Intersection,N,Non-Junction,None,,,         ,Gary,Peters,Unknown,Angle,no,no,no,yes,yes,False
101959889,METROPOLITAN NASHVILLE POLICE DEPT,20180284899,Davidson,Not in City Limit,3/29/2018 12:00:00 AM,3,0,0,36.281260,-86.732380,I 65,,,,0.00,,,,,,,93.45,N,Not at Intersection,N,Non-Junction,None,,,         ,Joel,Callies,Cloudy,Front to Rear,no,no,no,no,yes,False
101959890,METROPOLITAN NASHVILLE POLICE DEPT,20180284771,Davidson,Nashville,3/29/2018 3:02:00 PM,2,2,0,36.206260,-86.773520,I65 N EXT RAMP,,,,0.00,,,W TRINITY LN,,,,0.00,Y,T-Intersection,N,Intersection,None,,,         ,Joshua,Lackey,Cloudy,Angle,no,no,no,no,no,False
101959891,METROPOLITAN NASHVILLE POLICE DEPT,20180284982,Davidson,Nashville,3/29/2018 4:33:00 PM,2,0,0,36.219680,-86.762390,DICKERSON PKE,,,,108.00,Feet,South,ALHAMBRA CIR,,,,0.00,N,Not at Intersection, ,Non-Junction,None,,,         ,Joshua,Lackey,Cloudy,Front to Rear,no,no,no,no,no,False
101959895,METROPOLITAN NASHVILLE POLICE DEPT,20180285543,Davidson,Nashville,3/29/2018 7:45:00 PM,2,0,0,36.155270,-86.785920,DEMONBREUN ST,,,,256.00,Feet,North,12TH AVS,,,,0.00,N,Not at Intersection, ,,None,,,         ,David,Lang,,,no,no,no,no,no,False
101959904,METROPOLITAN NASHVILLE POLICE DEPT,20180285276,Davidson,Not in City Limit,3/29/2018 12:00:00 AM,2,2,0,36.264100,-86.724310,OLD HICKORY BLVDW,,,,0.00,,,HERITAGE DR,,,,0.00,Y,Four-Way,Y,Intersection,None,,,         ,Michael,Quinn,Clear,Angle,no,no,no,no,no,False
101959918,METROPOLITAN NASHVILLE POLICE DEPT,20180285069,Davidson,Nashville,3/29/2018 5:05:00 PM,2,1,0,36.098760,-86.763940,I 65,,,,0.00,,,,,,,79.00,N,Not at Intersection,N,Non-Junction,None,,,         ,Jacob,Paul,Clear,Front to Rear,no,no,no,no,no,False
101959924,METROPOLITAN NASHVILLE POLICE DEPT,20180285564,Davidson,Nashville,3/29/2018 8:25:00 PM,2,0,0,36.174820,-86.594700,TULIP GROVE RD,,,,361.00,Feet,South,ROCKWOOD DR,,,,0.00,N,Not at Intersection, ,,None,,,         ,Christopher,Augustin,,,no,no,no,no,no,False
101959931,METROPOLITAN NASHVILLE POLICE DEPT,20180285545,Davidson,Nashville,3/29/2018 8:25:00 PM,2,0,0,36.081100,-86.758360,HARDING PL,,,,0.00,,,TROUSDALE DR,,,,0.00,Y,Four-Way,N,Non-Junction,None,,,         ,Jacob,Paul,Clear,"Sideswipe, Same Direction",no,no,no,no,no,False
101959935,METROPOLITAN NASHVILLE POLICE DEPT,20180284754,Davidson,Nashville,3/29/2018 1:48:00 PM,2,0,0,36.115680,-86.780940,I65 ENT RAMP,,,,0.00,Feet,East,I 440,,,,0.00,N,Not at Intersection, ,Non-Junction,None,,,         ,Akira,McSwain,Rain,Front to Rear,no,no,no,no,no,False
101959936,METROPOLITAN NASHVILLE POLICE DEPT,20180285133,Davidson,Nashville,3/29/2018 5:31:00 PM,4,0,0,36.109430,-86.769890,I 65,,,,0.00,,,,,,,79.70,N,Not at Intersection,N,Non-Junction,None,,,         ,Akira,McSwain,Clear,Front to Rear,no,no,no,no,no,False
101959939,METROPOLITAN NASHVILLE POLICE DEPT,20180284774,Davidson,Nashville,3/29/2018 3:00:00 PM,2,0,0,36.154480,-86.779420,8TH AVS,,,,0.00,,,LAFAYETTE ST,,,,0.00,Y,Roundabout, ,,None,,,         ,Timothy,Mead,,,no,no,no,no,no,False
101959974,METROPOLITAN NASHVILLE POLICE DEPT,20180285735,Davidson,Nashville,3/29/2018 12:00:00 AM,2,0,0,36.085040,-86.728350,NOLENSVILLE PKE,,,,87.00,Feet,North,PARAGON MILLS RD,,,,0.00,N,Not at Intersection,N,Non-Junction,None,,,         ,Akira,McSwain,Clear,Front to Rear,no,no,no,no,no,False
101959980,METROPOLITAN NASHVILLE POLICE DEPT,20180285128,Davidson,Goodlettsville,3/29/2018 12:00:00 AM,2,1,0,36.303570,-86.695030,RIVERGATE MALL PVTDR,,,,0.00,Feet,East,CONFERENCE DR,,,,0.00,N,Not at Intersection,N,"Driveway, Alley Access, etc",None,,,         ,Joel,Callies,Clear,Front to Rear,no,no,no,yes,no,False
101959983,METROPOLITAN NASHVILLE POLICE DEPT,20180285869,Davidson,Nashville,3/29/2018 10:40:00 PM,1,1,0,36.159220,-86.781350,BROADWAY,,,,121.00,Feet,West,7TH AVS,,,,0.00,N,Not at Intersection,N,Non-Junction,None,,,         ,John,Anderson,Rain,Not Collision with Motor Vehicle in Transport,yes,no,no,no,no,False
101959984,METROPOLITAN NASHVILLE POLICE DEPT,20180285865,Davidson,Nashville,3/29/2018 9:54:00 PM,2,1,0,36.044470,-86.650970,HICKORY HOLLOW PKWY,,,,0.00,Feet,,CROSSINGS BLVD,,,,0.00,Y,T-Intersection,N,Intersection,None,,,         ,Andrew,Brazee,Cloudy,"Sideswipe, Same Direction",no,no,no,no,no,False
101959986,METROPOLITAN NASHVILLE POLICE DEPT,20180285886,Davidson,Nashville,3/29/2018 10:40:00 PM,1,0,0,36.159460,-86.865660,BRILEY PKWYN,,,,733.00,Feet,West,BRILEY PKWYS,,,,0.00,N,Not at Intersection,N,Non-Junction,None,,,         ,William,McDaniel,Rain,Not Collision with Motor Vehicle in Transport,no,no,no,no,no,False
101959987,METROPOLITAN NASHVILLE POLICE DEPT,20180285181,Davidson,Nashville,3/29/2018 5:00:00 PM,1,0,0,36.061570,-86.699480,COLEMONT CT,,,,832.00,Feet,North,COLEMONT DR,,,,0.00,N,Not at Intersection,N,Non-Junction,None,,,         ,Richard,Olive,Clear,Not Collision with Motor Vehicle in Transport,no,no,no,no,no,False
101960009,METROPOLITAN NASHVILLE POLICE DEPT,20180285901,Davidson,Nashville,3/29/2018 10:17:00 PM,2,0,0,36.126410,-86.789260,12TH AVS,,,,0.00,,,ELMWOOD AV,,,,0.00,Y,T-Intersection, ,Intersection,None,,,         ,Steven,Wiser,Rain,Angle,no,no,no,no,no,False
101960014,METROPOLITAN NASHVILLE POLICE DEPT,20180285959,Davidson,Not in City Limit,3/29/2018 8:57:00 PM,2,0,0,36.263070,-86.711920,STATE RT 45,,,,0.00,,,GALLATIN PKEN,,,,0.00,Y,Four-Way, ,Intersection,None,,,         ,Craig,Amabile,Cloudy,"Sideswipe, Opposite Direction",no,no,no,no,no,False
101960034,METROPOLITAN NASHVILLE POLICE DEPT,20180285973,Davidson,Nashville,3/29/2018 11:13:00 PM,2,0,0,36.150340,-86.795970,DIVISION ST,,,,0.00,,,19TH AVS,,,,0.00,Y,T-Intersection,N,Intersection,None,,,         ,Eugene,Martino,Rain,Angle,no,no,no,no,yes,False
101960044,METROPOLITAN NASHVILLE POLICE DEPT,20180286095,Davidson,Nashville,3/29/2018 11:55:00 PM,1,0,0,36.232410,-86.826110,BRILEY PKWYW,,,,269.00,Feet,West,BRILEY PKWYE,,,,0.00,N,Not at Intersection,N,Non-Junction,None,,,         ,Nicholas,MacDougall,Rain,Not Collision with Motor Vehicle in Transport,no,no,no,no,no,False
101960048,METROPOLITAN NASHVILLE POLICE DEPT,20180286233,Davidson,Nashville,3/30/2018 12:09:00 AM,2,0,0,36.153350,-86.691130,BRILEY PKWYN,,,,252.00,Feet,North,BRILEY PKWY N ENT RAMP,,,,0.00,N,Not at Intersection,N,Non-Junction,None,,,         ,Curtis,Fisher,Rain,Front to Rear,no,no,no,no,no,False
101960054,METROPOLITAN NASHVILLE POLICE DEPT,20180286321,Davidson,Nashville,3/30/2018 1:30:00 AM,2,0,0,36.109040,-86.923490,OLD HICKORY BLVD,,,,0.00,,,,,,,0.00,,, ,Non-Junction,None,,,         ,Kevin,McGinniss,Rain,Front to Rear,no,no,no,yes,yes,False
101960063,METROPOLITAN NASHVILLE POLICE DEPT,20180286669,Davidson,Nashville,3/30/2018 4:13:00 AM,1,0,0,36.100940,-86.718820,ANTIOCH PKE,,,,0.00,,,,,,,0.00,,,N,Non-Junction,None,,,         ,Robert,Erickson,Rain,Not Collision with Motor Vehicle in Transport,no,no,no,no,no,False
101960124,METROPOLITAN NASHVILLE POLICE DEPT,20180286966,Davidson,Nashville,3/30/2018 6:59:00 AM,1,0,0,36.104230,-86.766880,I65 S EXT RAMP,,,,0.00,,,I 65,,,,0.00,Y,Y-Intersection,N,Non-Junction,None,,,         ,Nathan,Kemp,Clear,Not Collision with Motor Vehicle in Transport,no,no,no,no,no,False
101960163,METROPOLITAN NASHVILLE POLICE DEPT,20180286957,Davidson,Nashville,3/30/2018 6:45:00 AM,2,0,0,36.186180,-86.633640,LEBANON PKE,,,,183.00,Feet,East,STONES RIVER GRNWY,,,,0.00,N,Not at Intersection,N,Non-Junction,None,,,         ,Tien,Nguyen,Cloudy,"Sideswipe, Same Direction",no,no,no,no,no,False
101960164,TENNESSEE STATE UNIVERSITY ,18-TSU-19815,Davidson,Nashville,3/29/2018 1:58:00 PM,2,0,0,36.166440,-86.826790,33RD AVN,,,,90.00,Feet,North,CLOVER ST,,,,0.00,N,Not at Intersection, ,OtherLocation,None,,,         ,Ashley,Boleyjack,Rain,Front to Rear,no,no,no,yes,no,False
101960181,METROPOLITAN NASHVILLE POLICE DEPT,20180287039,Davidson,Nashville,3/30/2018 7:20:00 AM,2,0,0,36.181540,-86.867880,BRILEY PKWYS,,,,0.56,Miles,North,BRILEY PKWYN,,,,0.00,N,Not at Intersection,N,Non-Junction,None,,,         ,George,Spencer,Cloudy,Front to Rear,no,no,no,no,no,False
101960184,METROPOLITAN NASHVILLE POLICE DEPT,20180287122,Davidson,Nashville,3/30/2018 8:17:00 AM,1,0,0,36.169980,-86.606450,I40 E EXT RAMP,,,,0.00,Feet,East,I 40,,,,0.00,N,Not at Intersection, ,Non-Junction,None,,,         ,Darren,White,Cloudy,Not Collision with Motor Vehicle in Transport,no,no,no,no,no,False
101960200,METROPOLITAN NASHVILLE POLICE DEPT,20180287102,Davidson,Nashville,3/30/2018 8:10:00 AM,2,1,0,36.218150,-86.803480,MOORMANS ARM RD,,,,0.00,Feet,,WHITES CREEK PKE,,,,0.00,Y,Four-Way,N,Intersection,None,,,         ,Jeanine,Sarno,Rain,Front to Rear,no,no,no,no,no,False
101960216,METROPOLITAN NASHVILLE POLICE DEPT,20180286989,Davidson,Nashville,3/30/2018 6:45:00 AM,2,0,0,36.201280,-86.689450,BRILEY PKWYS,,,,399.00,Feet,North,OPRY MILLS DR,,,,0.00,N,Not at Intersection,N,Non-Junction,None,,,         ,Larry,Benz,Cloudy,"Sideswipe, Same Direction",no,no,no,no,yes,False
101960246,METROPOLITAN NASHVILLE POLICE DEPT,20180287208,Davidson,Not in City Limit,3/30/2018 8:45:00 AM,1,0,0,36.274510,-86.898050,LITTLE MARROWBONE RD,,,,896.00,Feet,West,EATONS CREEK RD,,,,0.00,N,Not at Intersection, ,Non-Junction,None,,,         ,Brent,Hedgcoth,Cloudy,Not Collision with Motor Vehicle in Transport,no,no,no,no,no,False
101960296,METROPOLITAN NASHVILLE POLICE DEPT,20180287264,Davidson,Nashville,3/30/2018 9:13:00 AM,2,0,0,36.067830,-86.770430,I 65,,,,0.00,,,,,,,76.80,N,Not at Intersection, ,Non-Junction,None,,,         ,Nathan,Smith,Rain,Front to Rear,no,no,no,no,no,False
101960335,METROPOLITAN NASHVILLE POLICE DEPT,20180287539,Davidson,Nashville,3/30/2018 10:59:00 AM,2,0,0,36.081890,-86.761830,I65 N EXT RAMP,,,,0.00,,,SIDCO DR,,,,0.00,Y,OTHER, ,Intersection-Related,None,,,         ,Earl,Davis,Cloudy,Front to Rear,no,no,no,no,no,False
101960342,METROPOLITAN NASHVILLE POLICE DEPT,20180287444,Davidson,Nashville,3/30/2018 10:25:00 AM,2,0,0,36.140580,-86.724230,I 40,,,,0.00,,,,,,,213.45,N,Not at Intersection, ,,None,,,         ,Ralph,Harvey,,,no,no,no,no,no,False
101960347,METROPOLITAN NASHVILLE POLICE DEPT,20180287112,Davidson,Nashville,3/30/2018 8:10:00 AM,4,0,0,36.097180,-86.763440,I 65,,,,0.00,,,,,,,78.85,N,Not at Intersection,N,Non-Junction,None,,,         ,Jon,Mcvey,Rain,Angle,no,no,no,no,no,False
101960375,METROPOLITAN NASHVILLE POLICE DEPT,20180284633,Davidson,Nashville,3/29/2018 1:00:00 PM,2,0,0,36.205760,-86.768640,DICKERSON PKE,,,,47.00,Feet,South,E TRINITY LN,,,,0.00,N,Not at Intersection, ,Non-Junction,None,,,         ,Steven,Spillers,Rain,Front to Rear,no,no,no,no,no,False
101960384,METROPOLITAN NASHVILLE POLICE DEPT,20180287548,Davidson,Nashville,3/30/2018 11:03:00 AM,2,0,0,36.149430,-86.857920,WHITE BRIDGE PKE,,,,262.00,Feet,South,CHARLOTTE PKE,,,,0.00,N,Not at Intersection, ,Non-Junction,None,,,         ,Darren,Key,Cloudy,"Sideswipe, Same Direction",no,no,no,no,no,False
101960449,METROPOLITAN NASHVILLE POLICE DEPT,20180287646,Davidson,Nashville,3/30/2018 11:42:00 AM,2,0,0,36.087430,-86.692210,ANTIOCH PKE,,,,0.00,,,HARDING PL,,,,0.00,Y,Four-Way,N,Intersection,None,,,         ,John,Nicholson,Clear,Front to Rear,no,no,no,no,no,False
101960450,METROPOLITAN NASHVILLE POLICE DEPT,20180287687,Davidson,Nashville,3/30/2018 11:45:00 AM,2,0,0,36.111170,-86.777130,CRESTRIDGE DR,,,,132.00,Feet,West,WOODHAVEN RD,,,,0.00,N,Not at Intersection, ,Non-Junction,None,,,         ,Jon,Mcvey,Cloudy,Front to Rear,no,no,no,no,no,False
101960457,METROPOLITAN NASHVILLE POLICE DEPT,20180287574,Davidson,Nashville,3/30/2018 11:12:00 AM,3,0,0,36.213180,-86.775630,I 65,,,,0.00,,,,,,,87.80,N,Not at Intersection, ,Non-Junction,None,,,         ,Royce,McLester,Cloudy,Front to Rear,no,no,no,no,no,False
101960477,METROPOLITAN NASHVILLE POLICE DEPT,20180287699,Davidson,Nashville,3/30/2018 12:06:00 PM,2,1,0,36.177870,-86.786540,3RD AVN,,,,33.00,Feet,North,MONROE ST,,,,0.00,N,Not at Intersection,N,Non-Junction,None,,,         ,Brenna,Hosey,Clear,Front to Rear,no,no,no,no,yes,False
101960523,METROPOLITAN NASHVILLE POLICE DEPT,20180287593,Davidson,Nashville,3/30/2018 12:00:00 AM,3,2,0,36.155680,-86.761200,I40 W ENT RAMP,,,,0.00,Feet,East,ANTHES DR,,,,0.00,N,Not at Intersection,N,Non-Junction,None,,,         ,Trevor,Taylor,Clear,Front to Rear,no,no,no,no,no,False
101960532,METROPOLITAN NASHVILLE POLICE DEPT,20180287724,Davidson,Nashville,3/30/2018 12:11:00 PM,2,0,0,36.109190,-86.773180,FRANKLIN PKE,,,,20.00,Feet,West,FRANKLIN PKE NB ENT RAMP,,,,0.00,N,Not at Intersection, ,Non-Junction,None,,,         ,Nathan,Smith,Cloudy,Front to Rear,no,no,no,no,no,False
101960534,METROPOLITAN NASHVILLE POLICE DEPT,20180287635,Davidson,Nashville,3/30/2018 11:38:00 AM,2,1,0,36.149980,-86.765870,LAFAYETTE ST,,,,49.00,Feet,West,1ST AVS,,,,0.00,N,Not at Intersection,N,Non-Junction,None,,,         ,Jessie,Meadows,Clear,Angle,no,no,no,no,no,False
101960592,METROPOLITAN NASHVILLE POLICE DEPT,20180287641,Davidson,Nashville,3/30/2018 11:31:00 AM,2,0,0,36.173590,-86.602150,CENTRAL PKE,,,,0.00,,,OLD HICKORY BLVD,,,,0.00,Y,Four-Way,N,Intersection,None,,,         ,Michael,Brooks,Cloudy,Angle,no,no,no,no,no,False
101960637,METROPOLITAN NASHVILLE POLICE DEPT,20180284915,Davidson,Nashville,3/29/2018 4:05:00 PM,2,0,0,36.154980,-86.773300,4TH AVS,,,,112.00,Feet,North,LEA AV,,,,0.00,N,Not at Intersection, ,,None,,,         ,Timothy,Mead,,,no,no,no,no,no,False
101960658,METROPOLITAN NASHVILLE POLICE DEPT,2018-0281573,Davidson,Nashville,3/28/2018 1:25:00 PM,2,0,0,36.152780,-86.778760,DREXEL ST,,,,166.00,Feet,East,8TH AVS,,,,0.00,N,Not at Intersection, ,,None,,,         ,Cory,West,,,no,no,no,no,no,False