master_record_number,agency,agency_tracking_number,county,city,collision_date,vehicles_involved,number_injured,number_dead,latitude,longitude,roadway_name,roadway_suffix,roadway_number,roadway_local_id,distance_from_reference,miles-feet_indicator,direction_from_reference,intersection_road_name,intersection_road_name_suffix,intersection_road_number,intersection_local_id,mile_marker,intersection_indicator,intersect_type,interchange_related_indicator,relation_to_junction,work_zone_type,construction_maintenance_zone,construction_maintenance_zone_location,fatal_case_number,officer_first_name,officer_last_name,weather_condition(s),manner_of_crash,pedestrian,bicycle,scooter,parking,hitrun,mou
101960659,METROPOLITAN NASHVILLE POLICE DEPT,20180287368,Davidson,Nashville,3/30/2018 9:49:00 AM,2,0,0,36.220470,-86.626400,LAUREL HILL DR,,,,0.00,,,BRACKENWOOD DR,,,,0.00,Y,T-Intersection,Y,Intersection-Related,None,,,         ,Zachary,Scott,Clear,Angle,no,no,no,no,no,False
101960660,METROPOLITAN NASHVILLE POLICE DEPT,20180287810,Davidson,Nashville,3/30/2018 12:00:00 AM,2,0,0,36.153380,-86.764600,I 40,,,,0.00,,,,,,,210.70,N,Not at Intersection, ,Non-Junction,None,,,         ,Joshua,Reece,Cloudy,Front to Rear,no,no,no,no,no,False
101960661,METROPOLITAN NASHVILLE POLICE DEPT,20180287761,Davidson,Nashville,3/30/2018 12:45:00 PM,2,1,0,36.208430,-86.767270,DICKERSON PKE,,,,0.00,,,QUEEN AV,,,,0.00,Y,Four-Way,N,Intersection-Related,None,,,         ,Russell,Freeman,Cloudy,Not Collision with Motor Vehicle in Transport,no,no,no,no,no,False
101960666,METROPOLITAN NASHVILLE POLICE DEPT,20180287830,Davidson,Nashville,3/30/2018 12:57:00 PM,2,0,0,36.151300,-86.666560,DONELSON PKE,,,,90.00,Feet,South,NODYNE DR,,,,0.00,N,Not at Intersection, ,,None,,,         ,Larry,Benz,,,no,no,no,no,no,False
101960668,METROPOLITAN NASHVILLE POLICE DEPT,20180287840,Davidson,Nashville,3/30/2018 12:43:00 PM,2,0,0,36.170260,-86.803440,16TH AVN,,,,0.00,,,JEFFERSON ST,,,,0.00,Y,T-Intersection, ,Intersection,None,,,         ,Laura,Mullin,Cloudy,Angle,no,no,no,no,no,False
101960752,METROPOLITAN NASHVILLE POLICE DEPT,20180287753,Davidson,Not in City Limit,3/30/2018 12:25:00 PM,3,1,0,36.302500,-86.812420,I 24,,,,0.00,,,,,,,38.60,N,Not at Intersection,N,Non-Junction,None,,,         ,Jeanine,Sarno,Cloudy,Not Collision with Motor Vehicle in Transport,no,no,no,no,yes,False
101960753,METROPOLITAN NASHVILLE POLICE DEPT,20180287730,Davidson,Nashville,3/30/2018 12:52:00 PM,1,1,0,36.116200,-86.923360,OD HICKORY BLVD,,,,0.00,,,CHARLOTTE,PIKE,,,0.00,Y,Four-Way,N,Intersection,None,,,         ,Terrence,Bradley,Cloudy,Not Collision with Motor Vehicle in Transport,no,no,no,no,no,False
101960767,METROPOLITAN NASHVILLE POLICE DEPT,20180287676,Davidson,Nashville,3/30/2018 11:45:00 AM,3,0,0,36.163180,-86.761660,I 24,,,,0.00,,,,,,,49.25,N,Not at Intersection, ,Non-Junction,None,,,         ,Nathan,Mayo,Cloudy,Front to Rear,no,no,no,no,no,False
101960855,METROPOLITAN NASHVILLE POLICE DEPT,20180287816,Davidson,Nashville,3/30/2018 1:15:00 PM,2,0,0,36.066940,-86.759380,TROUSDALE DR,,,,42.00,Feet,North,CRIEVE RD,,,,0.00,N,Not at Intersection, ,Non-Junction,None,,,         ,Jon,Mcvey,Cloudy,Angle,no,no,no,no,no,False
101960856,METROPOLITAN NASHVILLE POLICE DEPT,20180287912,Davidson,Nashville,3/30/2018 1:45:00 PM,2,0,0,36.160150,-86.792810,I 40,,,,0.00,,,,,,,208.80,N,Not at Intersection, ,Non-Junction,None,,,         ,William,Caillouette,Cloudy,"Sideswipe, Same Direction",no,no,no,no,no,False
101960862,METROPOLITAN NASHVILLE POLICE DEPT,20180287967,Davidson,Nashville,3/30/2018 2:30:00 PM,2,0,0,36.153960,-86.757350,I 40,,,,0.00,,,,,,,211.15,N,Not at Intersection,N,Entrance/Exit Ramp Related,None,,,         ,Tien,Nguyen,Cloudy,Front to Rear,no,no,no,no,no,False
101960872,BERRY HILL POLICE DEPT,18-1024,Davidson,Berry Hill,3/29/2018 12:00:00 AM,2,0,0,36.112390,-86.768020,THOMPSON LN,,,,0.00,,,W IRIS DR,,,,0.00,Y,Four-Way, ,Intersection,None,,,         ,John,Gleixner,Cloudy,Angle,no,no,no,no,no,False
101961001,METROPOLITAN NASHVILLE POLICE DEPT,20180288024,Davidson,Nashville,3/30/2018 3:03:00 PM,2,0,0,36.046650,-86.678510,BELL RD,,,,0.00,,,,,,,0.00,,, ,Non-Junction,None,,,         ,Andrew,Brazee,Clear,"Sideswipe, Same Direction",no,no,no,no,no,False
101961009,METROPOLITAN NASHVILLE POLICE DEPT,20180287986,Davidson,Nashville,3/30/2018 2:22:00 PM,2,0,0,36.222530,-86.809670,ROWAN DR,,,,160.00,Feet,South,REVELS DR,,,,0.00,N,Not at Intersection, ,Non-Junction,None,,,         ,Bryan,Musgrave,Clear,Rear to Rear,no,no,no,no,yes,False
101961011,METROPOLITAN NASHVILLE POLICE DEPT,20180287964,Davidson,Nashville,3/30/2018 2:25:00 PM,3,2,0,36.140840,-86.719530,I 40,,,,0.00,,,,,,,213.65,N,Not at Intersection,N,Non-Junction,None,,,         ,Brady,Reynolds,Clear,Front to Rear,no,no,no,no,no,False
101961021,METROPOLITAN NASHVILLE POLICE DEPT,2018-0287408,Davidson,Nashville,3/30/2018 10:14:00 AM,2,0,0,36.136200,-86.727130,I 24,,,,0.00,,,,,,,52.25,N,Not at Intersection, ,Non-Junction,None,,,         ,Keith,Covert,Clear,Front to Rear,no,no,no,no,no,False
101961074,METROPOLITAN NASHVILLE POLICE DEPT,20180288120,Davidson,Nashville,3/30/2018 3:42:00 PM,2,0,0,36.173240,-86.769920,I 24,,,,0.00,,,,,,,48.20,N,Not at Intersection, ,,None,,,         ,Anthony,Cucci,,,no,no,no,no,no,False
101961088,METROPOLITAN NASHVILLE POLICE DEPT,20180288008,Davidson,Nashville,3/30/2018 12:00:00 AM,2,0,0,36.095830,-86.737490,NOLENSVILLE PKE,,,,4.00,Feet,North,WHEELER AV,,,,0.00,N,Not at Intersection,N,Non-Junction,None,,,         ,Akira,McSwain,Clear,Front to Rear,no,no,no,no,yes,False
101961115,METROPOLITAN NASHVILLE POLICE DEPT,20180287959,Davidson,Nashville,3/30/2018 2:26:00 PM,7,3,0,36.086450,-86.648380,MURFREESBORO PKE,,,,189.00,Feet,South,UNA ANTIOCH PKE,,,,0.00,N,Not at Intersection,N,Non-Junction,None,,,         ,Jessie,Meadows,Clear,Front to Rear,no,no,no,no,no,False
101961146,METROPOLITAN NASHVILLE POLICE DEPT,20180288104,Davidson,Nashville,3/30/2018 3:30:00 PM,2,0,0,36.158380,-86.768380,PEABODY ST,,,,189.00,Feet,East,LEA AV,,,,0.00,N,Not at Intersection, ,Non-Junction,None,,,         ,David,Lang,Clear,"Sideswipe, Same Direction",no,no,no,no,no,False
101961182,METROPOLITAN NASHVILLE POLICE DEPT,20180288165,Davidson,Nashville,3/30/2018 3:55:00 PM,2,1,0,36.218790,-86.727890,GALLATIN PKE,,,,0.00,,,HUNTERS MEADOW LN,,,,0.00,Y,Four-Way,N,Intersection,None,,,         ,Kevin,Clausius,Clear,HeadOn,no,no,no,no,no,False
101961221,METROPOLITAN NASHVILLE POLICE DEPT,20180288267,Davidson,Nashville,3/30/2018 4:20:00 PM,2,0,0,36.153390,-86.686130,ELM HILL PKE,,,,177.00,Feet,East,ERMAC DR,,,,0.00,N,Not at Intersection, ,,None,,,         ,Brady,Reynolds,,,no,no,no,no,no,False
101961278,METROPOLITAN NASHVILLE POLICE DEPT,2018-0288298,Davidson,Nashville,3/30/2018 4:14:00 PM,2,0,0,36.145740,-86.836700,42ND AVN,,,,0.00,,,WYOMING AV,,,,0.00,Y,Four-Way, ,Intersection,None,,,         ,Ryan,Allen,Clear,"Sideswipe, Same Direction",no,no,no,no,no,False
101961356,METROPOLITAN NASHVILLE POLICE DEPT,20180288273,Davidson,Nashville,3/30/2018 4:05:00 PM,2,0,0,36.216800,-86.694300,MCGAVOCK PKE,,,,110.00,Feet,West,MCGAVOCK PKE EB EXT RAMP,,,,0.00,N,Not at Intersection,N,Non-Junction,None,,,         ,Darci,Stechman,Clear,Front to Rear,no,no,no,no,yes,False
101961360,METROPOLITAN NASHVILLE POLICE DEPT,20180288117,Davidson,Nashville,3/30/2018 3:34:00 PM,2,2,0,36.115840,-86.783840,I 440,,,,0.00,,,,,,,4.30,N,Not at Intersection,N,Non-Junction,None,,,         ,Jacob,Paul,Clear,Front to Rear,no,no,no,no,no,False
101961369,METROPOLITAN NASHVILLE POLICE DEPT,20180288231,Davidson,Nashville,3/30/2018 4:22:00 PM,3,0,0,36.089700,-86.703040,I 24,,,,0.00,,,,,,,55.40,N,Not at Intersection,N,Non-Junction,None,,,         ,Richard,Olive,Clear,Front to Rear,no,no,no,no,yes,False
101961384,METROPOLITAN NASHVILLE POLICE DEPT,20180288263,Davidson,Nashville,3/30/2018 3:23:00 PM,2,0,0,36.044960,-86.666530,BELL RD,,,,173.00,Feet,East,CEDAR POINTE PKWY,,,,0.00,N,Not at Intersection, ,Non-Junction,None,,,         ,Devonte,Coleman,Clear,Angle,no,no,no,no,no,False
101961386,Nashville Airport Police,2018-01178,Davidson,Nashville,3/30/2018 12:00:00 AM,2,0,0,36.130080,-86.667090,TERMINAL DR,,,,2203.00,Feet,South,I40 E EXT RAMP,,,,0.00,N,Not at Intersection, ,Non-Junction,None,,,         ,Nathan,Holt,Clear,Angle,no,no,no,no,no,False
101961412,METROPOLITAN NASHVILLE POLICE DEPT,20180288437,Davidson,Nashville,3/30/2018 3:49:00 PM,1,0,0,36.192310,-86.616590,JUAREZ DR,,,,88.00,Feet,West,OLD HICKORY BLVD,,,,0.00,N,Not at Intersection,N,Non-Junction,None,,,         ,Cesar,Rocha,Clear,Not Collision with Motor Vehicle in Transport,no,no,no,no,no,False
101961446,METROPOLITAN NASHVILLE POLICE DEPT,20180288444,Davidson,Nashville,3/30/2018 12:00:00 AM,2,2,0,36.140300,-86.721950,I 40,,,,0.00,,,,,,,213.50,N,Not at Intersection,N,Non-Junction,None,,,         ,Deandera,Payne,Clear,Front to Rear,no,no,no,no,no,False
101961452,METROPOLITAN NASHVILLE POLICE DEPT,20180288180,Davidson,Not in City Limit,3/30/2018 4:00:00 PM,2,1,0,36.270790,-86.710400,GALLATIN PKEN,,,,110.00,Feet,South,ROOSEVELT AV,,,,0.00,N,Not at Intersection,N,Non-Junction,None,,,         ,Michael,Thompson,Clear,Front to Rear,no,no,no,no,no,False
101961459,METROPOLITAN NASHVILLE POLICE DEPT,20180288398,Davidson,Nashville,3/30/2018 12:00:00 AM,2,0,0,36.155990,-86.800870,PATTERSON ST,,,,170.00,Feet,West,19TH AVN,,,,0.00,N,Not at Intersection, ,Non-Junction,None,,,         ,Melvin,Taylor,Clear,Angle,no,no,no,no,no,False
101961463,METROPOLITAN NASHVILLE POLICE DEPT,20180288500,Davidson,Nashville,3/30/2018 5:54:00 PM,2,0,0,36.183970,-86.814210,CLARKSVILLE PKE,,,,0.00,,,23RD AVN,,,,0.00,Y,OTHER,N,OtherLocation,None,,,         ,Amery,Milligan,Clear,Front to Rear,no,no,no,no,no,False
101961490,METROPOLITAN NASHVILLE POLICE DEPT,20180288465,Davidson,Nashville,3/30/2018 5:45:00 PM,2,2,0,36.094320,-86.706530,I 24,,,,0.00,,,,,,,55.00,N,Not at Intersection,N,Non-Junction,None,,,         ,Eric,Keller,Clear,Rear to Rear,no,no,no,no,no,False
101961532,METROPOLITAN NASHVILLE POLICE DEPT,20180288254,Davidson,Nashville,3/30/2018 4:30:00 PM,2,0,0,36.141560,-86.714310,I 40,,,,0.00,,,,,,,214.00,N,Not at Intersection,N,Non-Junction,None,,,         ,Seth,Vaughn,Clear,Front to Rear,no,no,no,no,no,False
101961537,METROPOLITAN NASHVILLE POLICE DEPT,20180288586,Davidson,Not in City Limit,3/30/2018 12:00:00 AM,2,0,0,36.318530,-86.866630,WHITES CREEK PKE,,,,951.00,Feet,South,GIFFORD PL,,,,0.00,N,Not at Intersection, ,Non-Junction,None,,,         ,Melvin,Taylor,Clear,"Sideswipe, Same Direction",no,no,no,no,yes,False
101961552,METROPOLITAN NASHVILLE POLICE DEPT,20180288514,Davidson,Nashville,3/30/2018 6:05:00 PM,2,0,0,36.159680,-86.776330,4TH AVS,,,,106.00,Feet,South,SYMPHONY PL,,,,0.00,N,Not at Intersection, ,Non-Junction,None,,,         ,Roy,Sain Jr.,Clear,"Sideswipe, Same Direction",no,no,no,no,no,False
101961566,METROPOLITAN NASHVILLE POLICE DEPT,20180288626,Davidson,Not in City Limit,3/30/2018 6:52:00 PM,2,0,0,36.327420,-86.890120,I 24,,,,0.00,,,,,,,33.75,N,Not at Intersection,N,Non-Junction,None,,,         ,Andrey,Volfson,Clear,Front to Rear,no,no,no,no,no,False
101961569,METROPOLITAN NASHVILLE POLICE DEPT,20180288006,Davidson,Nashville,3/30/2018 2:45:00 PM,2,0,0,36.146270,-86.809790,WEST END AV,,,,0.00,,,CENTENNIAL PARK PVTDR,,,,0.00,Y,Four-Way, ,Intersection-Related,None,,,         ,Jacob,Paul,Clear,Front to Rear,no,no,no,no,no,Campus
101961596,METROPOLITAN NASHVILLE POLICE DEPT,20180288658,Davidson,Nashville,3/30/2018 6:00:00 PM,2,0,0,36.172960,-86.601990,OLD HICKORY BLVD,,,,112.00,Feet,North,PRINCETON PL,,,,0.00,N,Not at Intersection,N,Non-Junction,None,,,         ,Brady,Reynolds,Clear,Angle,no,no,no,no,no,False
101961641,METROPOLITAN NASHVILLE POLICE DEPT,2018-0285589,Davidson,Nashville,3/30/2018 8:28:00 PM,1,0,0,36.208650,-86.782830,AVONDALE CIR,,,,92.00,Feet,East,N AVONDALE CIR,,,,0.00,N,Not at Intersection, ,Non-Junction,None,,,         ,Bryan,Musgrave,Clear,Not Collision with Motor Vehicle in Transport,no,no,no,no,yes,False
101961644,METROPOLITAN NASHVILLE POLICE DEPT,20180288276,Davidson,Not in City Limit,3/30/2018 4:42:00 PM,2,2,0,36.068860,-86.941460,BAUGH RD,,,,0.00,,,BELLEVUE RD,,,,0.00,Y,Four-Way,N,Non-Junction,None,,,         ,Marc,Kozen,Clear,Front to Rear,no,no,no,no,no,False
101961662,METROPOLITAN NASHVILLE POLICE DEPT,20180288844,Davidson,Not in City Limit,3/30/2018 8:05:00 PM,1,0,0,36.022040,-86.629290,I 24,,,,0.00,,,,,,,61.85,N,Not at Intersection,N,Non-Junction,None,,,         ,Eric,Keller,Clear,Not Collision with Motor Vehicle in Transport,no,no,no,no,no,False
101961777,METROPOLITAN NASHVILLE POLICE DEPT,20180288071,Davidson,Nashville,3/30/2018 3:26:00 PM,2,0,0,36.122330,-86.717620,EAST THOMPSON LN,,,,0.00,,,LAWNDALE DR,,,,0.00,Y,Four-Way,N,Intersection,None,,,         ,Patrick,Martin,Clear,Front to Rear,no,no,no,no,no,False
101961778,METROPOLITAN NASHVILLE POLICE DEPT,20180288958,Davidson,Nashville,3/30/2018 8:35:00 PM,2,0,0,36.086340,-86.699060,HARDING PL,,,,118.00,Feet,West,I24 W EXT RAMP,,,,0.00,N,Not at Intersection, ,Non-Junction,None,,,         ,Eric,Keller,Clear,"Sideswipe, Same Direction",no,no,no,no,no,False
101961792,METROPOLITAN NASHVILLE POLICE DEPT,20180288491,Davidson,Nashville,3/30/2018 12:00:00 AM,2,0,0,36.117230,-86.749110,WOODBINE ST,,,,165.00,Feet,East,GRANDVIEW AV,,,,0.00,N,Not at Intersection,N,Non-Junction,None,,,         ,Akira,McSwain,Clear,Angle,no,no,no,no,yes,False
101961797,METROPOLITAN NASHVILLE POLICE DEPT,20180288731,Davidson,Nashville,3/30/2018 7:30:00 PM,2,0,0,36.237200,-86.759060,I 65,,,,0.00,,,,,,,89.90,N,Not at Intersection,N,Non-Junction,None,,,         ,Ryan,Sabel,Clear,Front to Rear,no,no,no,no,yes,False
101961801,METROPOLITAN NASHVILLE POLICE DEPT,20180289129,Davidson,Nashville,3/30/2018 12:00:00 AM,2,0,0,36.164430,-86.776820,2ND AVN,,,,61.00,Feet,South,CHURCH ST,,,,0.00,N,Not at Intersection,N,Non-Junction,None,,,         ,David,Lang,Clear,"Sideswipe, Same Direction",no,no,no,no,yes,False
101961821,METROPOLITAN NASHVILLE POLICE DEPT,20180289136,Davidson,Goodlettsville,3/30/2018 9:02:00 PM,2,1,0,36.303780,-86.692560,CONFERENCE DR,,,,38.00,Feet,South,THE SHOPPES AT RIVERGATE PVTDR,,,,0.00,N,Not at Intersection,N,Non-Junction,None,,,         ,DuJuan,Kendrick,Clear,Angle,no,no,no,no,no,False
101961831,METROPOLITAN NASHVILLE POLICE DEPT,20180288921,Davidson,Nashville,3/30/2018 8:29:00 PM,1,1,0,36.090000,-86.703020,I 24,,,,0.00,,,,,,,55.40,N,Not at Intersection,N,Non-Junction,None,,,         ,Patrick,Martin,Clear,Not Collision with Motor Vehicle in Transport,no,no,no,no,no,False
101961832,METROPOLITAN NASHVILLE POLICE DEPT,20180288994,Davidson,Goodlettsville,3/30/2018 12:00:00 AM,2,0,0,36.297000,-86.702160,GLEAVES ST,,,,132.00,Feet,East,MCHENRY CENTER PVTDR,,,,0.00,N,Not at Intersection,N,Non-Junction,None,,,         ,Joel,Callies,Clear,"Sideswipe, Same Direction",no,no,no,no,no,False
101961834,METROPOLITAN NASHVILLE POLICE DEPT,20180289151,Davidson,Nashville,3/30/2018 9:53:00 PM,1,0,0,36.180670,-86.754990,MCFERRIN AV,,,,158.00,Feet,North,MARINA ST,,,,0.00,N,Not at Intersection,N,Non-Junction,None,,,         ,Kevin,Clausius,Clear,Not Collision with Motor Vehicle in Transport,no,no,no,no,no,False
101961840,METROPOLITAN NASHVILLE POLICE DEPT,20180289137,Davidson,Nashville,3/30/2018 9:50:00 PM,2,3,0,36.178150,-86.582460,AARONS CRESS BLVD,,,,0.00,Feet,,N NEW HOPE RD,,,,0.00,Y,OTHER,N,Non-Junction,None,,,         ,Keiara,Ward,Clear,Angle,no,no,no,no,no,False
101961841,METROPOLITAN NASHVILLE POLICE DEPT,2018-0289096,Davidson,Nashville,3/30/2018 9:27:00 PM,1,0,0,36.159630,-86.875910,FRANKLIN DR,,,,0.00,,,JAMES AV,,,,0.00,Y,T-Intersection,N,Intersection,None,,,         ,Ryan,Allen,Clear,Not Collision with Motor Vehicle in Transport,no,no,no,no,no,False
101961875,METROPOLITAN NASHVILLE POLICE DEPT,20180288890,Davidson,Nashville,3/30/2018 6:00:00 PM,2,0,0,36.161340,-86.597130,BELL RD,,,,0.00,Feet,South,OLD HICKORY BLVD,,,,0.00,N,Not at Intersection, ,Non-Junction,None,,,         ,Marvis,Malone,Clear,Angle,no,no,no,no,no,False
101961913,METROPOLITAN NASHVILLE POLICE DEPT,20180288587,Davidson,Nashville,3/30/2018 6:30:00 PM,1,2,0,36.185250,-86.759480,ELLINGTON PKWYN,,,,118.00,Feet,North,CLEVELAND ST,,,,0.00,N,Not at Intersection,N,Non-Junction,None,,,         ,Randall,Smith,Clear,Not Collision with Motor Vehicle in Transport,no,no,no,no,no,False
101961930,METROPOLITAN NASHVILLE POLICE DEPT,20180289002,Davidson,Nashville,3/30/2018 8:54:00 PM,4,0,0,36.219290,-86.589250,CASCADE DR,,,,414.00,Feet,North,BIG HORN DR,,,,0.00,N,Not at Intersection, ,Non-Junction,None,,,         ,Zachariah,Bush,Clear,"Sideswipe, Same Direction",no,no,no,no,yes,False
101961952,METROPOLITAN NASHVILLE POLICE DEPT,20180289372,Davidson,Nashville,3/30/2018 11:30:00 PM,2,0,0,36.112390,-86.768020,THOMPSON LN,,,,0.00,Feet,,W IRIS DR,,,,0.00,Y,Four-Way, ,Intersection-Related,None,,,         ,Matthew,Jankiewicz,Clear,HeadOn,no,no,no,no,yes,False
101961972,METROPOLITAN NASHVILLE POLICE DEPT,20180289477,Davidson,Nashville,3/31/2018 12:20:00 AM,2,0,0,36.040010,-86.743470,OLD HICKORY BLVD,,,,0.00,,,EDMONDSON PKE,,,,0.00,Y,Four-Way, ,Intersection,None,,,         ,Nakia,Reid,Clear,Front to Rear,no,no,no,no,no,False
101961973,METROPOLITAN NASHVILLE POLICE DEPT,20180289286,Davidson,Nashville,3/30/2018 10:45:00 PM,3,2,0,36.239100,-86.770640,SPEARS RD,,,,0.00,,,,,,,0.00,,,N,Non-Junction,None,,,         ,Patrick,McGinnis,Clear,HeadOn,no,no,no,no,yes,False
101961979,METROPOLITAN NASHVILLE POLICE DEPT,20180289281,Davidson,Nashville,3/30/2018 11:04:00 PM,2,0,0,36.218810,-86.692880,BRILEY PKWYN,,,,403.00,Feet,South,BRILEY PKWY N ENT RAMP,,,,0.00,N,Not at Intersection,N,Non-Junction,None,,,         ,Curtis,Fisher,Clear,Front to Rear,no,no,no,no,yes,False
101961999,METROPOLITAN NASHVILLE POLICE DEPT,20180289395,Davidson,Nashville,3/30/2018 11:52:00 PM,2,2,0,36.147760,-86.743510,FESSLERS LN,,,,0.00,,,I40 W ENT RAMP,,,,0.00,Y,OTHER,Y,Intersection,None,,,         ,Joshua,Whitworth,Clear,Angle,no,no,no,no,no,False
101962013,METROPOLITAN NASHVILLE POLICE DEPT,20180289631,Davidson,Nashville,3/31/2018 1:15:00 AM,2,0,0,36.160790,-86.775480,3RD AVS,,,,128.00,Feet,North,SHELBY ST PEDESTRIAN BRIDGE GR,,,,0.00,N,Not at Intersection, ,,None,,,         ,Daniel,Caruth,,,no,no,no,no,no,False
101962018,METROPOLITAN NASHVILLE POLICE DEPT,20180289376,Davidson,Nashville,3/30/2018 7:00:00 PM,2,0,0,36.243070,-86.736220,BRIARVILLE RD,,,,0.00,,,,,,,0.00,,,N,Non-Junction,None,,,         ,Thomas,Burns,Clear,Front to Rear,no,no,no,no,yes,False
101962026,METROPOLITAN NASHVILLE POLICE DEPT,20180289552,Davidson,Nashville,3/31/2018 12:54:00 AM,2,0,0,36.153960,-86.818220,28TH AVN,,,,0.00,,,CHARLOTTE AV,,,,0.00,Y,T-Intersection,Y,Intersection,None,,,         ,Jonathan,Hadley,Clear,Angle,no,no,no,no,no,False
101962027,METROPOLITAN NASHVILLE POLICE DEPT,20180289616,Davidson,Nashville,3/30/2018 12:00:00 AM,2,0,0,36.206390,-86.616030,SAMOA DR,,,,472.00,Feet,South,SWEDEN DR,,,,0.00,N,Not at Intersection,N,Non-Junction,None,,,         ,Joao,Pinho,Cloudy,Unknown,no,no,no,no,yes,False
101962054,METROPOLITAN NASHVILLE POLICE DEPT,20180289767,Davidson,Nashville,3/31/2018 2:50:00 AM,1,1,0,36.082390,-86.628840,BELL RD,,,,148.00,Feet,South,MOSSDALE DR,,,,0.00,N,Not at Intersection,N,OtherLocation,None,,,         ,Jacob,West,Clear,Not Collision with Motor Vehicle in Transport,no,no,no,no,yes,False
101962055,GOODLETTSVILLE POLICE DEPT,18-11365,Davidson,Goodlettsville,3/31/2018 12:00:00 AM,1,0,0,36.312150,-86.675060,VIETNAM VETERANS BLVDN,,,,649.00,Feet,West,VIETNAM VETERANS BLVDS,,,,0.00,N,Not at Intersection,N,Non-Junction,None,,,         ,Zachary,Goodwin,Clear,Not Collision with Motor Vehicle in Transport,no,no,no,no,yes,False
101962071,METROPOLITAN NASHVILLE POLICE DEPT,20180289679,Davidson,Nashville,3/31/2018 1:35:00 AM,2,0,0,36.161310,-86.776500,BROADWAY,,,,178.00,Feet,West,3RD AVN,,,,0.00,N,Not at Intersection, ,,None,,,         ,Kelcey,Bell,,,no,no,no,no,no,False
101962076,METROPOLITAN NASHVILLE POLICE DEPT,20180289736,Davidson,Nashville,3/31/2018 12:00:00 AM,2,0,0,36.040660,-86.651250,I 24,,,,0.00,,,,,,,59.95,N,Not at Intersection,N,Non-Junction,None,,,         ,Sandra,Fly,Clear,Front to Rear,no,no,no,no,no,False
101962081,METROPOLITAN NASHVILLE POLICE DEPT,20180289579,Davidson,Nashville,3/31/2018 1:04:00 AM,3,0,0,36.159380,-86.780990,BROADWAY,,,,0.00,,,7TH AVS,,,,0.00,Y,Four-Way,Y,Intersection,None,,,         ,Stephen,Waterman,Clear,Angle,no,no,no,no,yes,False
101962083,METROPOLITAN NASHVILLE POLICE DEPT,20180289852,Davidson,Nashville,3/31/2018 3:10:00 AM,1,1,0,36.142950,-86.697600,I40 E EXT RAMP,,,,0.00,,,I40 E ENT RAMP,,,,0.00,Y,Roundabout,Y,Entrance/Exit Ramp Related,None,,,         ,Bradley,Pope,Clear,Not Collision with Motor Vehicle in Transport,no,no,no,no,no,False
101962085,METROPOLITAN NASHVILLE POLICE DEPT,20180289689,Davidson,Nashville,3/31/2018 2:10:00 AM,3,1,0,36.118450,-86.913900,I 40,,,,0.00,,,,,,,199.90,N,Not at Intersection,N,Non-Junction,None,,,         ,Kevin,McGinniss,Clear,"Sideswipe, Same Direction",no,no,no,no,no,False
101962086,METROPOLITAN NASHVILLE POLICE DEPT,20180289768,Davidson,Nashville,3/31/2018 12:00:00 AM,2,1,0,36.044790,-86.724870,OLD HICKORY BLVD,,,,0.00,,,AMALIE DR,,,,0.00,Y,Four-Way,N,Intersection,None,,,         ,Courtney,Hester,Clear,Front to Rear,no,no,no,no,yes,False
101962093,METROPOLITAN NASHVILLE POLICE DEPT,20180289700,Davidson,Nashville,3/31/2018 2:18:00 AM,1,0,0,36.220630,-86.774760,I 65,,,,0.00,,,,,,,88.35,N,Not at Intersection,N,Non-Junction,None,,,         ,Christopher,Royer,Clear,Not Collision with Motor Vehicle in Transport,no,no,no,no,no,False
101962097,METROPOLITAN NASHVILLE POLICE DEPT,20180289947,Davidson,Nashville,3/31/2018 5:30:00 AM,2,0,0,36.206490,-86.776300,W TRINITY LN,,,,13.00,Feet,South,I65 S ENT RAMP,,,,0.00,N,Not at Intersection, ,Non-Junction,None,,,         ,Harris,Smith,Clear,"Sideswipe, Same Direction",no,no,no,no,no,False
101962108,METROPOLITAN NASHVILLE POLICE DEPT,20180289605,Davidson,Nashville,3/31/2018 1:05:00 AM,2,0,0,36.161110,-86.776980,BROADWAY,,,,72.00,Feet,East,4TH AVN,,,,0.00,N,Not at Intersection,N,Non-Junction,None,,,         ,Austin,Childress,Clear,"Sideswipe, Same Direction",no,no,no,no,yes,False
101962165,METROPOLITAN NASHVILLE POLICE DEPT,20180289991,Davidson,Not in City Limit,3/31/2018 5:40:00 AM,1,4,0,36.351850,-86.879330,WHITES CREEK PKE,,,,244.00,Feet,South,BAXTER RD,,,,0.00,N,Not at Intersection,N,Non-Junction,None,,,         ,Brent,Hedgcoth,Clear,Not Collision with Motor Vehicle in Transport,no,no,no,no,no,False
101962166,METROPOLITAN NASHVILLE POLICE DEPT,20180289786,Davidson,Nashville,3/31/2018 3:25:00 AM,1,0,0,36.193600,-86.763270,DOUGLAS AV,,,,0.00,Feet,,LISCHEY AV,,,,0.00,Y,Four-Way, ,Intersection,None,,,         ,Andrew,Delke,Clear,Not Collision with Motor Vehicle in Transport,no,no,no,no,no,False