master_record_number,agency,agency_tracking_number,county,city,collision_date,vehicles_involved,number_injured,number_dead,latitude,longitude,roadway_name,roadway_suffix,roadway_number,roadway_local_id,distance_from_reference,miles-feet_indicator,direction_from_reference,intersection_road_name,intersection_road_name_suffix,intersection_road_number,intersection_local_id,mile_marker,intersection_indicator,intersect_type,interchange_related_indicator,relation_to_junction,work_zone_type,construction_maintenance_zone,construction_maintenance_zone_location,fatal_case_number,officer_first_name,officer_last_name,weather_condition(s),manner_of_crash,pedestrian,bicycle,scooter,parking,hitrun,mou
101962169,METROPOLITAN NASHVILLE POLICE DEPT,20180287827,Davidson,Nashville,3/30/2018 1:06:00 PM,6,5,0,36.080400,-86.717930,RECOVERY RD,,,,0.00,,,HARDING PL,,,,0.00,Y,Four-Way,N,Intersection,None,,,         ,Jason,Hees,Clear,Angle,no,no,no,no,no,False
101962193,METROPOLITAN NASHVILLE POLICE DEPT,20180290082,Davidson,Nashville,3/31/2018 12:00:00 AM,1,0,0,36.192300,-86.739780,CHAPEL AV,,,,60.00,Feet,North,DOUGLAS AV,,,,0.00,N,Not at Intersection,N,Non-Junction,None,,,         ,Nicholas,Smith,Clear,Not Collision with Motor Vehicle in Transport,no,no,no,no,yes,False
101962207,METROPOLITAN NASHVILLE POLICE DEPT,20180290062,Davidson,Nashville,3/31/2018 6:00:00 AM,2,0,0,36.069360,-86.693950,APACHE TRL,,,,83.00,Feet,South,HAYWOOD LN,,,,0.00,N,Not at Intersection,N,Non-Junction,None,,,         ,James,Thomas,Clear,"Sideswipe, Opposite Direction",no,no,no,no,no,False
101962222,METROPOLITAN NASHVILLE POLICE DEPT,20180290040,Davidson,Nashville,3/31/2018 6:39:00 AM,1,1,0,36.175220,-86.771610,I 24,,,,0.00,,,,,,,48.05,N,Not at Intersection,N,Non-Junction,None,,,         ,Brenna,Hosey,Clear,Not Collision with Motor Vehicle in Transport,no,no,no,no,no,False
101962244,METROPOLITAN NASHVILLE POLICE DEPT,20180290138,Davidson,Nashville,3/31/2018 8:07:00 AM,2,0,0,36.139620,-86.760860,2ND AVS,,,,43.00,Feet,South,OLD RADNOR CAR LINE,,,,0.00,N,Not at Intersection,N,Non-Junction,None,,,         ,Ryan,Howard,Clear,HeadOn,no,no,no,no,no,False
101962268,METROPOLITAN NASHVILLE POLICE DEPT,20180290243,Davidson,Nashville,3/31/2018 8:50:00 AM,2,0,0,36.216780,-86.623510,GRANWOOD BLVD,,,,0.00,Feet,,2ND ST,,,,0.00,Y,Four-Way,N,Intersection-Related,None,,,         ,Dakota,Vermillion,Clear,Front to Rear,no,no,no,no,no,False
101962270,METROPOLITAN NASHVILLE POLICE DEPT,20180290225,Davidson,Nashville,3/31/2018 8:55:00 AM,2,0,0,36.069120,-86.683840,ANTIOCH PKE,,,,0.00,,,RICHARDS RD,,,,0.00,Y,T-Intersection, ,Intersection,Construction Zone,,,         ,Roderic,Williams,Clear,Front to Rear,no,no,no,no,no,False
101962273,METROPOLITAN NASHVILLE POLICE DEPT,20180290248,Davidson,Nashville,3/31/2018 9:20:00 AM,2,1,0,36.230200,-86.770810,EWING DR,,,,0.00,,,HILLHURST DR,,,,0.00,Y,T-Intersection,N,Non-Junction,None,,,         ,Joseph,Progar,Cloudy,Angle,no,no,no,no,no,False
101962279,METROPOLITAN NASHVILLE POLICE DEPT,20180290319,Davidson,Nashville,3/31/2018 10:09:00 AM,1,0,0,36.250790,-86.740760,I 65,,,,0.00,,,,,,,91.25,N,Not at Intersection,N,Non-Junction,None,,,         ,Nicholas,Smith,Clear,Not Collision with Motor Vehicle in Transport,no,no,no,no,no,False
101962300,GOODLETTSVILLE POLICE DEPT,18-11676,Davidson,Goodlettsville,3/31/2018 10:57:00 AM,2,1,0,36.309440,-86.695570,VIETNAM VETERANS BLVD SB EXT R,,,,0.00,,,CONFERENCE DR,,,,0.00,Y,T-Intersection,N,Entrance/Exit Ramp Related,None,,,         ,Daniel,Knalls,Clear,Front to Rear,no,no,no,no,no,False
101962306,METROPOLITAN NASHVILLE POLICE DEPT,2018-0290434,Davidson,Nashville,3/31/2018 11:26:00 AM,1,1,0,36.148660,-86.807040,ELLISTON PL,,,,0.00,,,24TH AVN,,,,0.00,Y,Four-Way,N,Non-Junction,None,,,         ,William,Caillouette,Clear,Not Collision with Motor Vehicle in Transport,yes,no,no,no,no,Campus
101962316,METROPOLITAN NASHVILLE POLICE DEPT,20180290427,Davidson,Nashville,3/31/2018 11:21:00 AM,1,1,0,36.123400,-86.786410,MONTROSE AV,,,,0.00,,,10TH AVS,,,,0.00,Y,Four-Way,N,Intersection,None,,,         ,Nathan,Smith,Clear,Not Collision with Motor Vehicle in Transport,yes,no,no,no,no,False
101962322,METROPOLITAN NASHVILLE POLICE DEPT,20180290106,Davidson,Nashville,3/31/2018 12:00:00 AM,2,3,0,36.064390,-86.684460,I 24,,,,0.00,,,,,,,57.45,N,Not at Intersection,N,Non-Junction,None,,,         ,Graham,Binkley,Unknown,Front to Rear,no,no,no,no,no,False
101962328,METROPOLITAN NASHVILLE POLICE DEPT,20180290430,Davidson,Nashville,3/31/2018 11:20:00 AM,2,0,0,36.044890,-86.713200,NOLENSVILLE PKE,,,,173.00,Feet,South,OLD HICKORY BLVD,,,,0.00,N,Not at Intersection, ,Non-Junction,None,,,         ,Raymond,Flaherty,Clear,"Sideswipe, Same Direction",no,no,no,no,no,False
101962358,METROPOLITAN NASHVILLE POLICE DEPT,2018-0290450,Davidson,Madison,3/31/2018 11:44:00 AM,2,1,0,36.263070,-86.711920,STATE RT 45,,,,0.00,,,GALLATIN PKEN,,,,0.00,Y,Four-Way,N,Intersection,None,,,         ,Geoffery,Odom,Clear,Front to Rear,no,no,no,no,no,False
101962359,METROPOLITAN NASHVILLE POLICE DEPT,20180290318,Davidson,Nashville,3/31/2018 10:10:00 AM,1,0,0,36.248940,-86.742030,I 65,,,,0.00,,,,,,,91.10,N,Not at Intersection, ,Non-Junction,None,,,         ,Nicholas,Silinsky,Clear,Not Collision with Motor Vehicle in Transport,no,no,no,no,no,False
101962371,METROPOLITAN NASHVILLE POLICE DEPT,20180290463,Davidson,Nashville,3/31/2018 11:50:00 AM,2,0,0,36.162890,-86.777120,COMMERCE ST,,,,0.00,,,,,,,0.00,,Not at Intersection,N,OtherLocation,None,,,         ,Johnathan,Carlisle,Clear,Front to Rear,no,no,no,yes,yes,False
101962372,METROPOLITAN NASHVILLE POLICE DEPT,20180290508,Davidson,Nashville,3/31/2018 12:21:00 PM,4,0,0,36.042220,-86.831690,OLD HICKORY BLVD,,,,0.00,,,BRIDLEWOOD LN,,,,0.00,Y,T-Intersection, ,Intersection,None,,,         ,Earl,Davis,Clear,Front to Rear,no,no,no,no,yes,False
101962403,METROPOLITAN NASHVILLE POLICE DEPT,20180290532,Davidson,Not in City Limit,3/31/2018 12:05:00 PM,2,1,0,36.263670,-86.704480,STATE RT 45,,,,0.00,,,DELAWARE AV,,,,0.00,Y,Four-Way,Y,Intersection,None,,,         ,Samuel,Kersten,Clear,Front to Rear,no,no,no,no,yes,False
101962427,METROPOLITAN NASHVILLE POLICE DEPT,20180290419,Davidson,Nashville,3/31/2018 8:37:00 AM,2,1,0,36.149690,-86.779180,8TH AVS,,,,0.00,,,DIVISION ST,,,,0.00,Y,Four-Way,Y,Intersection,None,,,         ,Daryl,Howard,Clear,"Sideswipe, Same Direction",no,no,no,no,no,False
101962469,METROPOLITAN NASHVILLE POLICE DEPT,20180290495,Davidson,Nashville,3/31/2018 12:15:00 PM,2,0,0,36.102910,-86.741130,NOLENSVILLE PKE,,,,0.00,,,PATTERSON ST,,,,0.00,Y,T-Intersection, ,Non-Junction,None,,,         ,Raymond,Flaherty,Clear,Angle,no,no,no,no,no,False
101962471,METROPOLITAN NASHVILLE POLICE DEPT,20180290519,Davidson,Nashville,3/31/2018 12:53:00 PM,2,0,0,36.140360,-86.882260,ANNEX AV,,,,687.00,Feet,West,HILLWOOD BLVD,,,,0.00,N,Not at Intersection,N,OtherLocation,None,,,         ,Jack,Crouch,Clear,"Sideswipe, Opposite Direction",no,no,no,yes,yes,False
101962475,METROPOLITAN NASHVILLE POLICE DEPT,20180290268,Davidson,Nashville,3/31/2018 9:16:00 AM,2,1,0,36.069100,-86.682530,RICHARDS RD,,,,393.00,Feet,West,CUMMINGS PARK DR,,,,0.00,N,Not at Intersection,N,Non-Junction,None,,,         ,Brian,Etchison,Clear,Front to Rear,no,no,no,no,no,False
101962478,METROPOLITAN NASHVILLE POLICE DEPT,20180290602,Davidson,Nashville,3/31/2018 12:00:00 AM,2,0,0,36.167790,-86.820750,JEFFERSON ST,,,,0.00,Feet,East,28TH AVN,,,,0.00,N,Not at Intersection,N,Non-Junction,None,,,         ,Brian,Mclarty,Clear,"Sideswipe, Opposite Direction",no,no,no,yes,yes,False
101962479,METROPOLITAN NASHVILLE POLICE DEPT,20180290420,Davidson,Nashville,3/31/2018 11:15:00 AM,2,2,0,36.142530,-86.631580,ELM HILL PKE,,,,0.00,,,NOBLE VALLEY DR,,,,0.00,Y,T-Intersection,N,Intersection-Related,None,,,         ,Tien,Nguyen,Clear,Angle,no,no,no,no,no,False
101962487,METROPOLITAN NASHVILLE POLICE DEPT,20180290440,Davidson,Nashville,3/31/2018 11:23:00 AM,4,2,0,36.171370,-86.767900,I 24,,,,0.00,,,,,,,48.40,N,Not at Intersection,N,Non-Junction,None,,,         ,Nicholas,Silinsky,Clear,Front to Rear,no,no,no,no,no,False
101962520,METROPOLITAN NASHVILLE POLICE DEPT,20180290699,Davidson,Nashville,3/31/2018 1:55:00 PM,2,0,0,36.080390,-86.723040,HARDING PL,,,,79.00,Feet,East,HARDING MALL DR,,,,0.00,N,Not at Intersection,N,Non-Junction,None,,,         ,YUNUS,ADAK,Clear,Front to Rear,no,no,no,no,yes,False
101962528,WILSON CO SHERIFFS DEPT,1809254,Davidson,Nashville,3/30/2018 8:50:00 PM,1,0,0,36.235950,-86.589050,HOLLYWOOD DR,,,,0.00,,,VINE ST,,,,0.00,Y,Four-Way,N,Non-Junction,None,,,         ,Chris,Brandenburg,Clear,Not Collision with Motor Vehicle in Transport,no,no,no,no,yes,False
101962564,METROPOLITAN NASHVILLE POLICE DEPT,20180290643,Davidson,Antioch,3/31/2018 12:32:00 PM,2,0,0,36.004920,-86.621820,OLD HICKORY BLVD,,,,0.00,,,BURKITT RD,,,,0.00,Y,T-Intersection, ,Intersection,None,,,         ,Andrew,Brazee,Clear,"Sideswipe, Opposite Direction",no,no,no,no,no,False
101962571,GOODLETTSVILLE POLICE DEPT,18-11709,Davidson,Goodlettsville,3/31/2018 2:25:00 PM,2,1,0,36.295200,-86.727669,DICKERSON,PIKE,,,300.00,Feet,South,ROBERT CARTWRIGHT,DR,,,0.00,N,Not at Intersection,N,Non-Junction,None,,,         ,Hannah,Poole,Clear,Front to Rear,no,no,no,no,no,False
101962587,METROPOLITAN NASHVILLE POLICE DEPT,20180290774,Davidson,Nashville,3/31/2018 3:43:00 PM,2,1,0,36.073440,-86.660580,PEBBLE CREEK DR,,,,62.00,Feet,West,PONDEROSA WAY,,,,0.00,N,Not at Intersection,N,Non-Junction,None,,,         ,Madison,Meiss,Clear,Angle,no,no,no,no,no,False
101962602,METROPOLITAN NASHVILLE POLICE DEPT,20180290662,Davidson,Nashville,3/31/2018 2:45:00 PM,2,0,0,36.048180,-86.648140,MT VIEW RD,,,,406.00,Feet,North,BELL FORGE LNE,,,,0.00,N,Not at Intersection, ,Non-Junction,None,,,         ,Honorio,Canchola,Clear,Other,no,no,no,no,no,False
101962689,METROPOLITAN NASHVILLE POLICE DEPT,20180290696,Davidson,Nashville,3/31/2018 9:01:00 AM,2,0,0,36.166770,-86.802770,JACKSON ST,,,,100.00,Feet,West,BLANK ST,,,,0.00,N,Not at Intersection,N,Non-Junction,None,,,         ,Katelin,Ehrhardt,Clear,"Sideswipe, Same Direction",no,no,no,no,yes,False
101962693,METROPOLITAN NASHVILLE POLICE DEPT,20180290810,Davidson,Not in City Limit,3/31/2018 4:06:00 PM,2,0,0,36.264210,-86.735190,OLD HICKORY BLVDW,,,,0.00,,,BOYDS HILLTOP DR,,,,0.00,Y,T-Intersection,N,Entrance/Exit Ramp Related,None,,,         ,Christopher,Littles,Clear,Front to Rear,no,no,no,no,no,False
101962698,METROPOLITAN NASHVILLE POLICE DEPT,20180290763,Davidson,Nashville,3/31/2018 12:00:00 AM,2,2,0,36.175100,-86.771290,I 24,,,,0.00,,,,,,,48.05,N,Not at Intersection,N,Non-Junction,None,,,         ,Gordon,Stovall,Clear,Front to Rear,no,no,no,no,no,False
101962704,METROPOLITAN NASHVILLE POLICE DEPT,20180290753,Davidson,Goodlettsville,3/31/2018 3:33:00 PM,2,1,0,36.298120,-86.713250,I 65,,,,0.00,,,,,,,95.00,N,Not at Intersection,N,Non-Junction,None,,,         ,Adam,Nicholson,Clear,"Sideswipe, Same Direction",no,no,no,no,no,False
101962715,METROPOLITAN NASHVILLE POLICE DEPT,20180290801,Davidson,Antioch,3/31/2018 3:59:00 PM,1,2,0,35.996570,-86.620090,TWIN OAKS LN,,,,0.58,Miles,South,OLD HICKORY BLVD,,,,0.00,N,Not at Intersection,N,Non-Junction,None,,,         ,Andrew,Brazee,Clear,Not Collision with Motor Vehicle in Transport,no,no,no,yes,no,False
101962739,METROPOLITAN NASHVILLE POLICE DEPT,20180290939,Davidson,Nashville,3/31/2018 5:10:00 PM,2,1,0,36.090530,-86.687130,HARDING PL,,,,0.00,,,EZELL PARK PVTDR,,,,0.00,Y,OTHER,N,Intersection-Related,None,,,         ,Aimee,Ortiz,Clear,Front to Rear,no,no,no,no,no,False
101962751,METROPOLITAN NASHVILLE POLICE DEPT,20180290839,Davidson,Not in City Limit,3/31/2018 4:19:00 PM,3,0,0,36.260500,-86.712810,GALLATIN PKES,,,,51.00,Feet,North,HICKORY ST,,,,0.00,N,Not at Intersection, ,Non-Junction,None,,,         ,Harold,Willmore IV,Clear,Front to Rear,no,no,no,no,no,False
101962756,METROPOLITAN NASHVILLE POLICE DEPT,20180290997,Davidson,Nashville,3/31/2018 5:40:00 PM,1,1,0,36.182380,-86.748970,GALLATIN AV,,,,109.00,Feet,North,MAXWELL AV,,,,0.00,N,Not at Intersection,N,Non-Junction,None,,,         ,Gregory,Cenicola,Clear,Not Collision with Motor Vehicle in Transport,no,yes,no,no,no,False
101962778,METROPOLITAN NASHVILLE POLICE DEPT,20180290979,Davidson,Nashville,3/31/2018 5:38:00 PM,1,0,0,36.112950,-86.772230,I 65,,,,0.00,,,,,,,80.00,N,Not at Intersection,N,Non-Junction,None,,,         ,FELIKS,ABRAHAMYAN,Clear,Not Collision with Motor Vehicle in Transport,no,no,no,no,no,False
101962779,METROPOLITAN NASHVILLE POLICE DEPT,20180290949,Davidson,Goodlettsville,3/31/2018 4:00:00 PM,2,0,0,36.293140,-86.702350,RIVERGATE STATION PVTDR,,,,0.00,,,GALLATIN PKEN,,,,0.00,Y,Four-Way, ,Intersection,None,,,         ,Bradley,Fort,Clear,Angle,no,no,no,no,no,False
101962780,METROPOLITAN NASHVILLE POLICE DEPT,20180291053,Davidson,Nashville,3/31/2018 6:13:00 PM,2,0,0,36.156660,-86.775670,KOREAN VETERANS BLVD,,,,68.00,Feet,East,5TH AVS,,,,0.00,N,Not at Intersection, ,Non-Junction,None,,,         ,Kevin,Johnson,Clear,Front to Rear,no,no,no,no,no,False
101962781,METROPOLITAN NASHVILLE POLICE DEPT,20180291074,Davidson,Not in City Limit,3/31/2018 6:08:00 PM,1,1,0,36.010890,-86.665440,OLD HICKORY BLVD,,,,0.00,,,PETTUS RD,,,,0.00,Y,T-Intersection,N,Intersection,None,,,         ,Andrew,Brazee,Clear,Not Collision with Motor Vehicle in Transport,no,no,no,no,no,False
101962787,METROPOLITAN NASHVILLE POLICE DEPT,20180290882,Davidson,Nashville,3/31/2018 2:30:00 PM,1,1,0,36.194670,-86.624170,BONNAFORD DR,,,,91.00,Feet,North,BONNARIDGE DR,,,,0.00,N,Not at Intersection,Y,Non-Junction,None,,,         ,Keiara,Ward,Clear,Not Collision with Motor Vehicle in Transport,no,no,no,yes,no,False
101962814,METROPOLITAN NASHVILLE POLICE DEPT,20180290652,Davidson,Nashville,3/31/2018 2:19:00 PM,2,0,0,36.099720,-86.739490,NOLENSVILLE PKE,,,,35.00,Feet,North,ELGIN ST,,,,0.00,N,Not at Intersection, ,Non-Junction,None,,,         ,Akira,McSwain,Clear,Front to Rear,no,no,no,no,no,False
101962815,METROPOLITAN NASHVILLE POLICE DEPT,20180290822,Davidson,Nashville,3/31/2018 2:53:00 PM,2,0,0,36.134280,-86.779300,WEDGEWOOD AV,,,,60.00,Feet,West,8TH AVS,,,,0.00,N,Not at Intersection, ,,None,,,         ,Akira,McSwain,,,no,no,no,no,no,False
101962816,METROPOLITAN NASHVILLE POLICE DEPT,20180290973,Davidson,Nashville,3/31/2018 4:44:00 PM,2,0,0,36.106040,-86.767960,I 65,,,,0.00,,,,,,,79.50,N,Not at Intersection, ,Non-Junction,None,,,         ,Akira,McSwain,Clear,Front to Rear,no,no,no,no,no,False
101962826,METROPOLITAN NASHVILLE POLICE DEPT,20180291195,Davidson,Nashville,3/31/2018 6:47:00 PM,2,0,0,36.145890,-86.695930,BRILEY PKWY S EXT RAMP,,,,0.00,,,BRILEY PKWYS,,,,0.00,Y,Y-Intersection, ,,None,,,         ,Seth,Vaughn,,,no,no,no,no,no,False
101962829,METROPOLITAN NASHVILLE POLICE DEPT,20180290996,Davidson,Goodlettsville,3/31/2018 5:45:00 PM,2,0,0,36.302750,-86.691850,RIVERGATE MARKETPLACE PVTDR,,,,0.00,,,GALLATIN PKEN,,,,0.00,Y,Four-Way, ,Intersection,None,,,         ,Bradley,Fort,Clear,Angle,no,no,no,no,no,False
101962833,METROPOLITAN NASHVILLE POLICE DEPT,20180291307,Davidson,Nashville,3/31/2018 12:00:00 AM,2,0,0,36.236410,-86.758110,DICKERSON PKE,,,,47.00,Feet,South,I65 N ENT RAMP,,,,0.00,N,Not at Intersection,N,Non-Junction,None,,,         ,Gordon,Stovall,Clear,"Sideswipe, Same Direction",no,no,no,no,yes,False
101962857,METROPOLITAN NASHVILLE POLICE DEPT,20180291419,Davidson,Nashville,3/31/2018 8:19:00 PM,2,0,0,36.045510,-86.704780,OLD HICKORY BLVD,,,,0.00,,,,,,,0.00,,, ,Non-Junction,None,,,         ,Andrew,Brazee,Clear,"Sideswipe, Same Direction",no,no,no,no,no,False
101962858,METROPOLITAN NASHVILLE POLICE DEPT,20180291249,Davidson,Nashville,3/31/2018 7:32:00 PM,2,1,0,36.235890,-86.781170,RICHMOND HILL DR,,,,0.00,Feet,West,BRICK CHURCH PKE,,,,0.00,N,Not at Intersection,N,Non-Junction,None,,,         ,Peter,Vaught,Clear,Angle,no,no,no,no,no,False
101962862,METROPOLITAN NASHVILLE POLICE DEPT,20180291309,Davidson,OTHER,3/31/2018 6:00:00 PM,1,0,0,36.031228,-86.583433,FIRELIGHT,TRL,,,144.00,Feet,North,SUNNYVALE DR,,,,0.00,,Not at Intersection,N,Non-Junction,None,,,         ,Honorio,Canchola,Clear,Not Collision with Motor Vehicle in Transport,no,no,no,no,yes,False
101962864,METROPOLITAN NASHVILLE POLICE DEPT,20180291250,Davidson,Nashville,3/31/2018 7:20:00 PM,2,2,0,36.191630,-86.687510,BRILEY PKWYS,,,,299.00,Feet,South,BRILEY PKWY S EXT RAMP,,,,0.00,N,Not at Intersection,N,Non-Junction,None,,,         ,Darci,Stechman,Clear,"Sideswipe, Same Direction",no,no,no,no,no,False
101962889,METROPOLITAN NASHVILLE POLICE DEPT,20180291525,Davidson,Nashville,3/31/2018 8:55:00 PM,2,2,0,36.185810,-86.797900,I65 S EXT RAMP,,,,0.00,Feet,East,I 65,,,,0.00,N,Not at Intersection,N,Entrance/Exit Ramp Related,None,,,         ,Jonathon,Sheppard,Clear,Front to Rear,no,no,no,no,yes,False
101962917,METROPOLITAN NASHVILLE POLICE DEPT,20180291428,Davidson,Nashville,3/31/2018 8:18:00 PM,2,0,0,36.058530,-86.741590,EDMONDSON PKE,,,,565.00,Feet,South,SEVEN MILE CREEK GRNWY,,,,0.00,N,Not at Intersection,N,Non-Junction,None,,,         ,Akira,McSwain,Clear,Angle,no,no,no,no,no,False
101962925,METROPOLITAN NASHVILLE POLICE DEPT,20180291437,Davidson,Nashville,3/31/2018 9:05:00 PM,2,3,0,36.123200,-86.696480,BRILEY PKWY,,,,0.00,,,VENUS DR,,,,0.00,Y,T-Intersection,Y,Non-Junction,None,,,         ,Seth,Vaughn,Clear,Angle,no,no,no,no,no,False
101962950,METROPOLITAN NASHVILLE POLICE DEPT,20180291668,Davidson,Goodlettsville,3/31/2018 12:00:00 AM,2,0,0,36.293710,-86.706770,ALTA LOMA APTS PVTDR,,,,0.00,Feet,East,ALTA LOMA RD,,,,0.00,N,Not at Intersection,N,Non-Junction,None,,,         ,Bradley,Fort,Clear,Unknown,no,no,no,yes,yes,False
101962953,METROPOLITAN NASHVILLE POLICE DEPT,20180291622,Davidson,Nashville,3/31/2018 9:34:00 PM,2,1,0,36.239090,-86.780840,BRICK CHURCH PKE,,,,0.00,Feet,West,BRILEY PKWY W ENT RAMP,,,,0.00,N,Not at Intersection,N,Entrance/Exit Ramp Related,None,,,         ,Cecilia,Gomez,Clear,Front to Rear,no,no,no,no,no,False
101962979,METROPOLITAN NASHVILLE POLICE DEPT,20180291736,Davidson,Nashville,3/31/2018 10:36:00 PM,2,0,0,36.237970,-86.724090,GALLATIN PKES,,,,32.00,Feet,North,GALLATIN PKE SB EXT RAMP,,,,0.00,N,Not at Intersection,N,Non-Junction,None,,,         ,Reuben,Hewit,Clear,Front to Rear,no,no,no,no,yes,False
101962981,METROPOLITAN NASHVILLE POLICE DEPT,20180291751,Davidson,Nashville,3/31/2018 10:45:00 PM,2,0,0,36.176040,-86.772200,I 24,,,,0.00,,,,,,,48.00,N,Not at Intersection,N,Unknown,Unknown,,,         ,Austin,Childress,Unknown,"Sideswipe, Same Direction",no,no,no,no,yes,False
101962982,METROPOLITAN NASHVILLE POLICE DEPT,20180291889,Davidson,Nashville,3/31/2018 11:25:00 PM,2,0,0,36.167010,-86.763730,S 4TH ST,,,,0.00,,,SHELBY AV,,,,0.00,Y,Four-Way, ,Intersection,None,,,         ,Kevin,Clausius,Clear,Angle,no,no,no,no,yes,False
101963000,METROPOLITAN NASHVILLE POLICE DEPT,20180291805,Davidson,Nashville,3/31/2018 12:00:00 AM,2,0,0,36.055370,-86.729170,MCMURRAY DR,,,,0.00,,,,,,,0.00,,Not at Intersection,N,Non-Junction,None,,,         ,Courtney,Hester,Clear,Rear to Side,no,no,no,yes,yes,False
101963014,METROPOLITAN NASHVILLE POLICE DEPT,20180291920,Davidson,Nashville,3/31/2018 8:30:00 PM,2,0,0,36.040570,-86.742510,OLD HICKORY BLVD,,,,0.00,,,,,,,0.00,,, ,Non-Junction,None,,,         ,Brandon,Rardin,Clear,Rear to Rear,no,no,no,yes,yes,False
101963015,METROPOLITAN NASHVILLE POLICE DEPT,20180291753,Davidson,Nashville,3/31/2018 9:42:00 PM,2,0,0,36.200850,-86.688750,BRILEY PKWYN,,,,166.00,Feet,North,BRILEY PKWY N ENT RAMP,,,,0.00,N,Not at Intersection,N,Non-Junction,None,,,         ,Joseph,Patricio,Clear,Angle,no,no,no,no,no,False
101963018,METROPOLITAN NASHVILLE POLICE DEPT,20180291748,Davidson,Nashville,3/31/2018 10:43:00 PM,1,0,0,36.194160,-86.776350,I 65,,,,0.00,,,,,,,86.45,N,Not at Intersection,N,Non-Junction,None,,,         ,Armonty,Houston,Clear,Not Collision with Motor Vehicle in Transport,no,no,no,no,no,False
101963030,METROPOLITAN NASHVILLE POLICE DEPT,20180291921,Davidson,Nashville,3/31/2018 11:59:00 PM,2,0,0,36.153750,-86.721140,LEBANON PKE,,,,130.00,Feet,East,SPENCE LN,,,,0.00,N,Not at Intersection, ,Non-Junction,None,,,         ,Jacob,West,Clear,Angle,no,no,no,no,no,False
101963032,METROPOLITAN NASHVILLE POLICE DEPT,20180291959,Davidson,Nashville,3/31/2018 11:53:00 PM,1,0,0,36.053030,-86.895980,OLD HICKORY BLVD,,,,863.00,Feet,East,GAUCHO ROAD PVTDR,,,,0.00,N,Not at Intersection, ,Non-Junction,None,,,         ,Joanna,D'Agostino,Clear,Not Collision with Motor Vehicle in Transport,no,no,no,no,no,False
101963038,METROPOLITAN NASHVILLE POLICE DEPT,20180291985,Davidson,Nashville,3/31/2018 10:45:00 PM,2,0,0,36.080100,-86.726480,NOLENSVILLE PKE,,,,186.00,Feet,North,HARDING PL,,,,0.00,N,Not at Intersection, ,Non-Junction,None,,,         ,Sharissa,Perez,Clear,Angle,no,no,no,no,yes,False
101963040,METROPOLITAN NASHVILLE POLICE DEPT,20180291967,Davidson,Nashville,3/31/2018 11:37:00 PM,2,0,0,36.120580,-86.703840,GLENGARRY DR,,,,115.00,Feet,South,MURFREESBORO PKE,,,,0.00,N,Not at Intersection,N,Non-Junction,None,,,         ,Erik,Dabbs,Clear,Angle,no,no,no,no,yes,False
101963057,METROPOLITAN NASHVILLE POLICE DEPT,20180292084,Davidson,Nashville,3/31/2018 10:15:00 PM,2,0,0,36.059580,-86.641060,CAMBRIDGE APTS PVTDR,,,,0.00,,,BELL RD,,,,0.00,Y,Four-Way,N,Intersection,None,,,         ,Zachary,Lang,Clear,Front to Rear,no,no,no,no,yes,False
101963103,METROPOLITAN NASHVILLE POLICE DEPT,20180291764,Davidson,Nashville,3/31/2018 10:53:00 PM,1,0,0,36.068320,-86.712560,HAYWOOD LN,,,,167.00,Feet,West,HOLLIS HILL DR,,,,0.00,N,Not at Intersection,N,Non-Junction,None,,,         ,David,Moser,Clear,Not Collision with Motor Vehicle in Transport,no,no,no,no,yes,False
101963174,BERRY HILL POLICE DEPT,18-1043,Davidson,Berry Hill,3/31/2018 1:59:00 PM,2,0,0,36.112690,-86.766940,BRANSFORD AV,,,,0.00,,,HEATHER PL,,,,0.00,Y,T-Intersection, ,Intersection-Related,None,,,         ,Larry,Carter,Clear,Angle,no,no,no,no,no,False
101963217,METROPOLITAN NASHVILLE POLICE DEPT,20180290170,Davidson,Nashville,3/31/2018 8:31:00 AM,2,1,0,36.139540,-86.700520,KAREN DR,,,,67.00,Feet,East,ENVIOUS LN,,,,0.00,N,Not at Intersection,N,Non-Junction,None,,,         ,Ralph,Harvey,Clear,Angle,no,no,no,no,yes,False
101963721,THP District 3 - Nashville,318019802,Davidson,Nashville,3/31/2018 9:37:00 PM,1,0,0,36.170150,-86.594790,I 40,,,,0.00,,,,,,,221.20,N,Not at Intersection, ,Non-Junction,None,,,         ,Christopher,Conner,Clear,Not Collision with Motor Vehicle in Transport,no,no,no,no,no,False
101964333,METROPOLITAN NASHVILLE POLICE DEPT,20180290087,Davidson,Nashville,3/31/2018 4:15:00 AM,2,4,1,36.064660,-86.684740,I 24,,,,0.00,,,,,,,57.40,N,Not at Intersection,N,Non-Junction,None,,,18-0216  ,Carey,Steel,Clear,HeadOn,yes,no,no,no,no,False
101969731,TENNESSEE STATE UNIVERSITY ,17-20146,Davidson,Nashville,3/31/2018 4:00:00 AM,2,0,0,36.164750,-86.826390,33RD AVN,,,,0.00,,,ALAMEDA ST,,,,0.00,Y,OTHER,N,Non-Junction,None,,,         ,Glenn,Hesson,Clear,HeadOn,no,no,no,yes,no,False
101972429,TENNESSEE STATE UNIVERSITY ,18-TSU-20146,Davidson,Nashville,3/31/2018 4:00:00 AM,2,0,0,36.164750,-86.826390,33RD AVN,,,,0.00,,,ALAMEDA ST,,,,0.00,Y,OTHER,N,Non-Junction,None,,,         ,Joshua,Graves,Clear,HeadOn,no,no,no,yes,no,False